TRACE::2026-08-02.14:02:04::SCWPlatform::Trying to open the hw design at D:/Work/projects/zybo_z7_projects/DD_RF/vitis/RFsender_platform/hw/topSystem.xsa
TRACE::2026-08-02.14:02:04::SCWPlatform::DSA given D:/Work/projects/zybo_z7_projects/DD_RF/vitis/RFsender_platform/hw/topSystem.xsa
TRACE::2026-08-02.14:02:04::SCWPlatform::DSA absoulate path D:/Work/projects/zybo_z7_projects/DD_RF/vitis/RFsender_platform/hw/topSystem.xsa
TRACE::2026-08-02.14:02:04::SCWPlatform::DSA directory D:/Work/projects/zybo_z7_projects/DD_RF/vitis/RFsender_platform/hw
TRACE::2026-08-02.14:02:04::SCWPlatform:: Platform Path D:/Work/projects/zybo_z7_projects/DD_RF/vitis/RFsender_platform/hw/topSystem.xsa
TRACE::2026-08-02.14:02:04::SCWPlatform:: Unique name xilinx:zybo-z7-10::0.0
TRACE::2026-08-02.14:02:04::SCWPlatform::Do not have an existing db opened. 
TRACE::2026-08-02.14:02:06::SCWPlatform::Opened new HwDB with name topSystem_2
TRACE::2026-08-02.14:02:06::SCWWriter::formatted JSON is {
	"platformName":	"RFsender_platform",
	"sprVersion":	"2.0",
	"mode":	"gui",
	"dsaType":	"Fixed",
	"platformDesc":	"RFsender_platform",
	"platHandOff":	"D:/Work/projects/zybo_z7_projects/DD_RF/vivado/project_1/topSystem.xsa",
	"platIntHandOff":	"<platformDir>/hw/topSystem.xsa",
	"deviceType":	"zynq",
	"platIsPrebuiltAutogen":	"false",
	"platIsNoBootBsp":	"false",
	"hasFsblMakeHasChanges":	"false",
	"hasPmufwMakeHasChanges":	"false",
	"platPreBuiltFlag":	false,
	"platformSamplesDir":	""
}
TRACE::2026-08-02.14:02:06::SCWWriter::formatted JSON is {
	"platformName":	"RFsender_platform",
	"sprVersion":	"2.0",
	"mode":	"gui",
	"dsaType":	"Fixed",
	"platformDesc":	"RFsender_platform",
	"platHandOff":	"D:/Work/projects/zybo_z7_projects/DD_RF/vivado/project_1/topSystem.xsa",
	"platIntHandOff":	"<platformDir>/hw/topSystem.xsa",
	"deviceType":	"zynq",
	"platIsPrebuiltAutogen":	"false",
	"platIsNoBootBsp":	"false",
	"hasFsblMakeHasChanges":	"false",
	"hasPmufwMakeHasChanges":	"false",
	"platPreBuiltFlag":	false,
	"platformSamplesDir":	"",
	"platActiveSys":	"RFsender_platform",
	"systems":	[{
			"systemName":	"RFsender_platform",
			"systemDesc":	"RFsender_platform",
			"sysIsBootAutoGen":	"true",
			"systemDispName":	"RFsender_platform"
		}]
}
TRACE::2026-08-02.14:02:06::SCWPlatform::Boot application domains not present, creating them
TRACE::2026-08-02.14:02:06::SCWDomain::checking for install qemu data   : 
TRACE::2026-08-02.14:02:06::SCWDomain:: Using the QEMU Data from install at  : D:/Applications/Xilinx/Vitis/2024.2/data/emulation/platforms/zynq/sw/a9_standalone/qemu/
TRACE::2026-08-02.14:02:06::SCWDomain:: Using the QEMU args  from install at  : D:/Applications/Xilinx/Vitis/2024.2/data/emulation/platforms/zynq/sw/a9_standalone/qemu/qemu_args.txt
TRACE::2026-08-02.14:02:06::SCWPlatform::Trying to open the hw design at D:/Work/projects/zybo_z7_projects/DD_RF/vitis/RFsender_platform/hw/topSystem.xsa
TRACE::2026-08-02.14:02:06::SCWPlatform::DSA given D:/Work/projects/zybo_z7_projects/DD_RF/vitis/RFsender_platform/hw/topSystem.xsa
TRACE::2026-08-02.14:02:06::SCWPlatform::DSA absoulate path D:/Work/projects/zybo_z7_projects/DD_RF/vitis/RFsender_platform/hw/topSystem.xsa
TRACE::2026-08-02.14:02:06::SCWPlatform::DSA directory D:/Work/projects/zybo_z7_projects/DD_RF/vitis/RFsender_platform/hw
TRACE::2026-08-02.14:02:06::SCWPlatform:: Platform Path D:/Work/projects/zybo_z7_projects/DD_RF/vitis/RFsender_platform/hw/topSystem.xsa
TRACE::2026-08-02.14:02:06::SCWPlatform:: Unique name xilinx:zybo-z7-10::0.0
TRACE::2026-08-02.14:02:06::SCWPlatform::Trying to set the existing hwdb with name topSystem_2
TRACE::2026-08-02.14:02:06::SCWPlatform::Opened existing hwdb topSystem_2
TRACE::2026-08-02.14:02:06::SCWPlatform::Found the Hw Db part of the input DSA
TRACE::2026-08-02.14:02:06::SCWPlatform::Trying to open the hw design at D:/Work/projects/zybo_z7_projects/DD_RF/vitis/RFsender_platform/hw/topSystem.xsa
TRACE::2026-08-02.14:02:06::SCWPlatform::DSA given D:/Work/projects/zybo_z7_projects/DD_RF/vitis/RFsender_platform/hw/topSystem.xsa
TRACE::2026-08-02.14:02:06::SCWPlatform::DSA absoulate path D:/Work/projects/zybo_z7_projects/DD_RF/vitis/RFsender_platform/hw/topSystem.xsa
TRACE::2026-08-02.14:02:06::SCWPlatform::DSA directory D:/Work/projects/zybo_z7_projects/DD_RF/vitis/RFsender_platform/hw
TRACE::2026-08-02.14:02:06::SCWPlatform:: Platform Path D:/Work/projects/zybo_z7_projects/DD_RF/vitis/RFsender_platform/hw/topSystem.xsa
TRACE::2026-08-02.14:02:06::SCWPlatform:: Unique name xilinx:zybo-z7-10::0.0
TRACE::2026-08-02.14:02:06::SCWPlatform::Trying to set the existing hwdb with name topSystem_2
TRACE::2026-08-02.14:02:06::SCWPlatform::Opened existing hwdb topSystem_2
TRACE::2026-08-02.14:02:06::SCWPlatform::Found the Hw Db part of the input DSA
TRACE::2026-08-02.14:02:06::SCWPlatform::Trying to open the hw design at D:/Work/projects/zybo_z7_projects/DD_RF/vitis/RFsender_platform/hw/topSystem.xsa
TRACE::2026-08-02.14:02:06::SCWPlatform::DSA given D:/Work/projects/zybo_z7_projects/DD_RF/vitis/RFsender_platform/hw/topSystem.xsa
TRACE::2026-08-02.14:02:06::SCWPlatform::DSA absoulate path D:/Work/projects/zybo_z7_projects/DD_RF/vitis/RFsender_platform/hw/topSystem.xsa
TRACE::2026-08-02.14:02:06::SCWPlatform::DSA directory D:/Work/projects/zybo_z7_projects/DD_RF/vitis/RFsender_platform/hw
TRACE::2026-08-02.14:02:06::SCWPlatform:: Platform Path D:/Work/projects/zybo_z7_projects/DD_RF/vitis/RFsender_platform/hw/topSystem.xsa
TRACE::2026-08-02.14:02:06::SCWPlatform:: Unique name xilinx:zybo-z7-10::0.0
TRACE::2026-08-02.14:02:06::SCWPlatform::Trying to set the existing hwdb with name topSystem_2
TRACE::2026-08-02.14:02:06::SCWPlatform::Opened existing hwdb topSystem_2
TRACE::2026-08-02.14:02:06::SCWPlatform::Found the Hw Db part of the input DSA
TRACE::2026-08-02.14:02:06::SCWPlatform::Boot application domain added for zynq_fsbl
TRACE::2026-08-02.14:02:06::SCWPlatform::Generating the sources  .
TRACE::2026-08-02.14:02:06::SCWBDomain::Generating boot domain sources.
TRACE::2026-08-02.14:02:06::SCWBDomain:: Generating the zynq_fsbl Application.
TRACE::2026-08-02.14:02:06::SCWPlatform::Trying to open the hw design at D:/Work/projects/zybo_z7_projects/DD_RF/vitis/RFsender_platform/hw/topSystem.xsa
TRACE::2026-08-02.14:02:06::SCWPlatform::DSA given D:/Work/projects/zybo_z7_projects/DD_RF/vitis/RFsender_platform/hw/topSystem.xsa
TRACE::2026-08-02.14:02:06::SCWPlatform::DSA absoulate path D:/Work/projects/zybo_z7_projects/DD_RF/vitis/RFsender_platform/hw/topSystem.xsa
TRACE::2026-08-02.14:02:06::SCWPlatform::DSA directory D:/Work/projects/zybo_z7_projects/DD_RF/vitis/RFsender_platform/hw
TRACE::2026-08-02.14:02:06::SCWPlatform:: Platform Path D:/Work/projects/zybo_z7_projects/DD_RF/vitis/RFsender_platform/hw/topSystem.xsa
TRACE::2026-08-02.14:02:06::SCWPlatform:: Unique name xilinx:zybo-z7-10::0.0
TRACE::2026-08-02.14:02:06::SCWPlatform::Trying to set the existing hwdb with name topSystem_2
TRACE::2026-08-02.14:02:06::SCWPlatform::Opened existing hwdb topSystem_2
TRACE::2026-08-02.14:02:06::SCWPlatform::Found the Hw Db part of the input DSA
TRACE::2026-08-02.14:02:06::SCWMssOS::Checking the sw design at  D:/Work/projects/zybo_z7_projects/DD_RF/vitis/RFsender_platform/zynq_fsbl/zynq_fsbl_bsp/system.mss
TRACE::2026-08-02.14:02:06::SCWMssOS::DEBUG:  swdes dump  
TRACE::2026-08-02.14:02:06::SCWMssOS::No sw design opened at  D:/Work/projects/zybo_z7_projects/DD_RF/vitis/RFsender_platform/zynq_fsbl/zynq_fsbl_bsp/system.mss
TRACE::2026-08-02.14:02:06::SCWMssOS::mss does not exists at D:/Work/projects/zybo_z7_projects/DD_RF/vitis/RFsender_platform/zynq_fsbl/zynq_fsbl_bsp/system.mss
TRACE::2026-08-02.14:02:06::SCWMssOS::Creating sw design at  D:/Work/projects/zybo_z7_projects/DD_RF/vitis/RFsender_platform/zynq_fsbl/zynq_fsbl_bsp/system.mss
TRACE::2026-08-02.14:02:06::SCWMssOS::Adding the swdes entry, created swdb D:/Work/projects/zybo_z7_projects/DD_RF/vitis/RFsender_platform/zynq_fsbl/zynq_fsbl_bsp/system.mss with des name D:/Work/projects/zybo_z7_projects/DD_RF/vitis/RFsender_platform/zynq_fsbl/zynq_fsbl_bsp/system.mss
TRACE::2026-08-02.14:02:06::SCWMssOS::updating the scw layer changes to swdes at   D:/Work/projects/zybo_z7_projects/DD_RF/vitis/RFsender_platform/zynq_fsbl/zynq_fsbl_bsp/system.mss
TRACE::2026-08-02.14:02:06::SCWMssOS::Writing mss at D:/Work/projects/zybo_z7_projects/DD_RF/vitis/RFsender_platform/zynq_fsbl/zynq_fsbl_bsp/system.mss
TRACE::2026-08-02.14:02:06::SCWMssOS::Completed writing the mss file at D:/Work/projects/zybo_z7_projects/DD_RF/vitis/RFsender_platform/zynq_fsbl/zynq_fsbl_bsp
TRACE::2026-08-02.14:02:06::SCWMssOS::Picking up changes from newly written mss file into SCW Layer. 
TRACE::2026-08-02.14:02:06::SCWMssOS::Updated the changes from newly written mss file into SCW Layer. 
TRACE::2026-08-02.14:02:06::SCWBDomain::Completed writing the mss file at D:/Work/projects/zybo_z7_projects/DD_RF/vitis/RFsender_platform/zynq_fsbl/zynq_fsbl_bsp
TRACE::2026-08-02.14:02:13::SCWPlatform::Generating sources Done.
TRACE::2026-08-02.14:02:13::SCWPlatform::Trying to open the hw design at D:/Work/projects/zybo_z7_projects/DD_RF/vitis/RFsender_platform/hw/topSystem.xsa
TRACE::2026-08-02.14:02:13::SCWPlatform::DSA given D:/Work/projects/zybo_z7_projects/DD_RF/vitis/RFsender_platform/hw/topSystem.xsa
TRACE::2026-08-02.14:02:13::SCWPlatform::DSA absoulate path D:/Work/projects/zybo_z7_projects/DD_RF/vitis/RFsender_platform/hw/topSystem.xsa
TRACE::2026-08-02.14:02:13::SCWPlatform::DSA directory D:/Work/projects/zybo_z7_projects/DD_RF/vitis/RFsender_platform/hw
TRACE::2026-08-02.14:02:13::SCWPlatform:: Platform Path D:/Work/projects/zybo_z7_projects/DD_RF/vitis/RFsender_platform/hw/topSystem.xsa
TRACE::2026-08-02.14:02:13::SCWPlatform:: Unique name xilinx:zybo-z7-10::0.0
TRACE::2026-08-02.14:02:13::SCWPlatform::Trying to set the existing hwdb with name topSystem_2
TRACE::2026-08-02.14:02:13::SCWPlatform::Opened existing hwdb topSystem_2
TRACE::2026-08-02.14:02:13::SCWPlatform::Found the Hw Db part of the input DSA
TRACE::2026-08-02.14:02:13::SCWMssOS::Checking the sw design at  D:/Work/projects/zybo_z7_projects/DD_RF/vitis/RFsender_platform/zynq_fsbl/zynq_fsbl_bsp/system.mss
TRACE::2026-08-02.14:02:13::SCWMssOS::DEBUG:  swdes dump  
TRACE::2026-08-02.14:02:13::SCWMssOS::No sw design opened at  D:/Work/projects/zybo_z7_projects/DD_RF/vitis/RFsender_platform/zynq_fsbl/zynq_fsbl_bsp/system.mss
TRACE::2026-08-02.14:02:13::SCWMssOS::mss exists loading the mss file  D:/Work/projects/zybo_z7_projects/DD_RF/vitis/RFsender_platform/zynq_fsbl/zynq_fsbl_bsp/system.mss
TRACE::2026-08-02.14:02:13::SCWMssOS::Opened the sw design from mss  D:/Work/projects/zybo_z7_projects/DD_RF/vitis/RFsender_platform/zynq_fsbl/zynq_fsbl_bsp/system.mss
TRACE::2026-08-02.14:02:13::SCWMssOS::Adding the swdes entry D:/Work/projects/zybo_z7_projects/DD_RF/vitis/RFsender_platform/zynq_fsbl/zynq_fsbl_bsp/system.mss with des name system
TRACE::2026-08-02.14:02:13::SCWMssOS::updating the scw layer about changes
TRACE::2026-08-02.14:02:13::SCWMssOS::Opened the sw design.  D:/Work/projects/zybo_z7_projects/DD_RF/vitis/RFsender_platform/zynq_fsbl/zynq_fsbl_bsp/system.mss
TRACE::2026-08-02.14:02:13::SCWMssOS::Saving the mss changes D:/Work/projects/zybo_z7_projects/DD_RF/vitis/RFsender_platform/zynq_fsbl/zynq_fsbl_bsp/system.mss
TRACE::2026-08-02.14:02:13::SCWMssOS::Found a swdesign opened with the mssfile.
TRACE::2026-08-02.14:02:13::SCWMssOS::Completed writemss as part of save.
TRACE::2026-08-02.14:02:13::SCWMssOS::Commit changes completed.
TRACE::2026-08-02.14:02:13::SCWPlatform::Trying to open the hw design at D:/Work/projects/zybo_z7_projects/DD_RF/vitis/RFsender_platform/hw/topSystem.xsa
TRACE::2026-08-02.14:02:13::SCWPlatform::DSA given D:/Work/projects/zybo_z7_projects/DD_RF/vitis/RFsender_platform/hw/topSystem.xsa
TRACE::2026-08-02.14:02:13::SCWPlatform::DSA absoulate path D:/Work/projects/zybo_z7_projects/DD_RF/vitis/RFsender_platform/hw/topSystem.xsa
TRACE::2026-08-02.14:02:13::SCWPlatform::DSA directory D:/Work/projects/zybo_z7_projects/DD_RF/vitis/RFsender_platform/hw
TRACE::2026-08-02.14:02:13::SCWPlatform:: Platform Path D:/Work/projects/zybo_z7_projects/DD_RF/vitis/RFsender_platform/hw/topSystem.xsa
TRACE::2026-08-02.14:02:13::SCWPlatform:: Unique name xilinx:zybo-z7-10::0.0
TRACE::2026-08-02.14:02:13::SCWPlatform::Trying to set the existing hwdb with name topSystem_2
TRACE::2026-08-02.14:02:13::SCWPlatform::Opened existing hwdb topSystem_2
TRACE::2026-08-02.14:02:13::SCWPlatform::Found the Hw Db part of the input DSA
TRACE::2026-08-02.14:02:13::SCWMssOS::Checking the sw design at  D:/Work/projects/zybo_z7_projects/DD_RF/vitis/RFsender_platform/zynq_fsbl/zynq_fsbl_bsp/system.mss
TRACE::2026-08-02.14:02:13::SCWMssOS::DEBUG:  swdes dump  D:/Work/projects/zybo_z7_projects/DD_RF/vitis/RFsender_platform/zynq_fsbl/zynq_fsbl_bsp/system.mss|system||

TRACE::2026-08-02.14:02:13::SCWMssOS::Sw design exists and opened at  D:/Work/projects/zybo_z7_projects/DD_RF/vitis/RFsender_platform/zynq_fsbl/zynq_fsbl_bsp/system.mss
TRACE::2026-08-02.14:02:13::SCWPlatform::Trying to open the hw design at D:/Work/projects/zybo_z7_projects/DD_RF/vitis/RFsender_platform/hw/topSystem.xsa
TRACE::2026-08-02.14:02:13::SCWPlatform::DSA given D:/Work/projects/zybo_z7_projects/DD_RF/vitis/RFsender_platform/hw/topSystem.xsa
TRACE::2026-08-02.14:02:13::SCWPlatform::DSA absoulate path D:/Work/projects/zybo_z7_projects/DD_RF/vitis/RFsender_platform/hw/topSystem.xsa
TRACE::2026-08-02.14:02:13::SCWPlatform::DSA directory D:/Work/projects/zybo_z7_projects/DD_RF/vitis/RFsender_platform/hw
TRACE::2026-08-02.14:02:13::SCWPlatform:: Platform Path D:/Work/projects/zybo_z7_projects/DD_RF/vitis/RFsender_platform/hw/topSystem.xsa
TRACE::2026-08-02.14:02:13::SCWPlatform:: Unique name xilinx:zybo-z7-10::0.0
TRACE::2026-08-02.14:02:13::SCWPlatform::Trying to set the existing hwdb with name topSystem_2
TRACE::2026-08-02.14:02:13::SCWPlatform::Opened existing hwdb topSystem_2
TRACE::2026-08-02.14:02:13::SCWPlatform::Found the Hw Db part of the input DSA
TRACE::2026-08-02.14:02:13::SCWMssOS::Checking the sw design at  D:/Work/projects/zybo_z7_projects/DD_RF/vitis/RFsender_platform/zynq_fsbl/zynq_fsbl_bsp/system.mss
TRACE::2026-08-02.14:02:13::SCWMssOS::DEBUG:  swdes dump  D:/Work/projects/zybo_z7_projects/DD_RF/vitis/RFsender_platform/zynq_fsbl/zynq_fsbl_bsp/system.mss|system||

TRACE::2026-08-02.14:02:13::SCWMssOS::Sw design exists and opened at  D:/Work/projects/zybo_z7_projects/DD_RF/vitis/RFsender_platform/zynq_fsbl/zynq_fsbl_bsp/system.mss
TRACE::2026-08-02.14:02:13::SCWPlatform::Trying to open the hw design at D:/Work/projects/zybo_z7_projects/DD_RF/vitis/RFsender_platform/hw/topSystem.xsa
TRACE::2026-08-02.14:02:13::SCWPlatform::DSA given D:/Work/projects/zybo_z7_projects/DD_RF/vitis/RFsender_platform/hw/topSystem.xsa
TRACE::2026-08-02.14:02:13::SCWPlatform::DSA absoulate path D:/Work/projects/zybo_z7_projects/DD_RF/vitis/RFsender_platform/hw/topSystem.xsa
TRACE::2026-08-02.14:02:13::SCWPlatform::DSA directory D:/Work/projects/zybo_z7_projects/DD_RF/vitis/RFsender_platform/hw
TRACE::2026-08-02.14:02:13::SCWPlatform:: Platform Path D:/Work/projects/zybo_z7_projects/DD_RF/vitis/RFsender_platform/hw/topSystem.xsa
TRACE::2026-08-02.14:02:13::SCWPlatform:: Unique name xilinx:zybo-z7-10::0.0
TRACE::2026-08-02.14:02:13::SCWPlatform::Trying to set the existing hwdb with name topSystem_2
TRACE::2026-08-02.14:02:13::SCWPlatform::Opened existing hwdb topSystem_2
TRACE::2026-08-02.14:02:13::SCWPlatform::Found the Hw Db part of the input DSA
TRACE::2026-08-02.14:02:13::SCWMssOS::Checking the sw design at  D:/Work/projects/zybo_z7_projects/DD_RF/vitis/RFsender_platform/zynq_fsbl/zynq_fsbl_bsp/system.mss
TRACE::2026-08-02.14:02:13::SCWMssOS::DEBUG:  swdes dump  D:/Work/projects/zybo_z7_projects/DD_RF/vitis/RFsender_platform/zynq_fsbl/zynq_fsbl_bsp/system.mss|system||

TRACE::2026-08-02.14:02:13::SCWMssOS::Sw design exists and opened at  D:/Work/projects/zybo_z7_projects/DD_RF/vitis/RFsender_platform/zynq_fsbl/zynq_fsbl_bsp/system.mss
TRACE::2026-08-02.14:02:13::SCWWriter::formatted JSON is {
	"platformName":	"RFsender_platform",
	"sprVersion":	"2.0",
	"mode":	"gui",
	"dsaType":	"Fixed",
	"platformDesc":	"RFsender_platform",
	"platHandOff":	"D:/Work/projects/zybo_z7_projects/DD_RF/vivado/project_1/topSystem.xsa",
	"platIntHandOff":	"<platformDir>/hw/topSystem.xsa",
	"deviceType":	"zynq",
	"platIsPrebuiltAutogen":	"false",
	"platIsNoBootBsp":	"false",
	"platFsblTarget":	"ps7_cortexa9_0",
	"hasFsblMakeHasChanges":	"false",
	"hasPmufwMakeHasChanges":	"false",
	"fsblExtraCompilerFlags":	"-MMD -MP       -mcpu=cortex-a9 -mfpu=vfpv3 -mfloat-abi=hard ",
	"platPreBuiltFlag":	false,
	"platformSamplesDir":	"",
	"platActiveSys":	"RFsender_platform",
	"systems":	[{
			"systemName":	"RFsender_platform",
			"systemDesc":	"RFsender_platform",
			"sysIsBootAutoGen":	"true",
			"systemDispName":	"RFsender_platform",
			"sysActiveDom":	"zynq_fsbl",
			"sysDefaultDom":	"",
			"domains":	[{
					"domainName":	"zynq_fsbl",
					"domainDispName":	"zynq_fsbl",
					"domainDesc":	"FSBL Application BSP - Auto Generated.",
					"processors":	"ps7_cortexa9_0",
					"os":	"standalone",
					"sdxOs":	"standalone",
					"debugEnable":	"",
					"domRuntimes":	["cpp"],
					"swRepo":	"",
					"mssOsVer":	"9.2",
					"mssFile":	"",
					"md5Digest":	"30215168a6860ec346c5df07b875ca91",
					"compatibleApp":	"zynq_fsbl",
					"domType":	"bootDomain",
					"arch":	"32-bit",
					"appSettings":	{
						"appCompilerFlags":	"",
						"appLinkerFlags":	""
					},
					"addedLibs":	["xilffs:5.3", "xilrsa:1.8"],
					"libOptions":	{
						"libsContainingOptions":	[]
					},
					"prebuiltLibs":	{
						"prebuiltIncPath":	[],
						"prebuiltLibPath":	[]
					},
					"isolation":	{
					}
				}]
		}]
}
TRACE::2026-08-02.14:02:13::SCWPlatform::Trying to open the hw design at D:/Work/projects/zybo_z7_projects/DD_RF/vitis/RFsender_platform/hw/topSystem.xsa
TRACE::2026-08-02.14:02:13::SCWPlatform::DSA given D:/Work/projects/zybo_z7_projects/DD_RF/vitis/RFsender_platform/hw/topSystem.xsa
TRACE::2026-08-02.14:02:13::SCWPlatform::DSA absoulate path D:/Work/projects/zybo_z7_projects/DD_RF/vitis/RFsender_platform/hw/topSystem.xsa
TRACE::2026-08-02.14:02:13::SCWPlatform::DSA directory D:/Work/projects/zybo_z7_projects/DD_RF/vitis/RFsender_platform/hw
TRACE::2026-08-02.14:02:13::SCWPlatform:: Platform Path D:/Work/projects/zybo_z7_projects/DD_RF/vitis/RFsender_platform/hw/topSystem.xsa
TRACE::2026-08-02.14:02:13::SCWPlatform:: Unique name xilinx:zybo-z7-10::0.0
TRACE::2026-08-02.14:02:13::SCWPlatform::Trying to set the existing hwdb with name topSystem_2
TRACE::2026-08-02.14:02:13::SCWPlatform::Opened existing hwdb topSystem_2
TRACE::2026-08-02.14:02:13::SCWPlatform::Found the Hw Db part of the input DSA
TRACE::2026-08-02.14:02:13::SCWPlatform::Trying to open the hw design at D:/Work/projects/zybo_z7_projects/DD_RF/vitis/RFsender_platform/hw/topSystem.xsa
TRACE::2026-08-02.14:02:13::SCWPlatform::DSA given D:/Work/projects/zybo_z7_projects/DD_RF/vitis/RFsender_platform/hw/topSystem.xsa
TRACE::2026-08-02.14:02:13::SCWPlatform::DSA absoulate path D:/Work/projects/zybo_z7_projects/DD_RF/vitis/RFsender_platform/hw/topSystem.xsa
TRACE::2026-08-02.14:02:13::SCWPlatform::DSA directory D:/Work/projects/zybo_z7_projects/DD_RF/vitis/RFsender_platform/hw
TRACE::2026-08-02.14:02:13::SCWPlatform:: Platform Path D:/Work/projects/zybo_z7_projects/DD_RF/vitis/RFsender_platform/hw/topSystem.xsa
TRACE::2026-08-02.14:02:13::SCWPlatform:: Unique name xilinx:zybo-z7-10::0.0
TRACE::2026-08-02.14:02:13::SCWPlatform::Trying to set the existing hwdb with name topSystem_2
TRACE::2026-08-02.14:02:13::SCWPlatform::Opened existing hwdb topSystem_2
TRACE::2026-08-02.14:02:13::SCWPlatform::Found the Hw Db part of the input DSA
TRACE::2026-08-02.14:02:13::SCWDomain::checking for install qemu data   : 
TRACE::2026-08-02.14:02:13::SCWDomain:: Using the QEMU Data from install at  : D:/Applications/Xilinx/Vitis/2024.2/data/emulation/platforms/zynq/sw/a9_standalone/qemu/
TRACE::2026-08-02.14:02:13::SCWDomain:: Using the QEMU args  from install at  : D:/Applications/Xilinx/Vitis/2024.2/data/emulation/platforms/zynq/sw/a9_standalone/qemu/qemu_args.txt
TRACE::2026-08-02.14:02:13::SCWPlatform::Trying to open the hw design at D:/Work/projects/zybo_z7_projects/DD_RF/vitis/RFsender_platform/hw/topSystem.xsa
TRACE::2026-08-02.14:02:13::SCWPlatform::DSA given D:/Work/projects/zybo_z7_projects/DD_RF/vitis/RFsender_platform/hw/topSystem.xsa
TRACE::2026-08-02.14:02:13::SCWPlatform::DSA absoulate path D:/Work/projects/zybo_z7_projects/DD_RF/vitis/RFsender_platform/hw/topSystem.xsa
TRACE::2026-08-02.14:02:13::SCWPlatform::DSA directory D:/Work/projects/zybo_z7_projects/DD_RF/vitis/RFsender_platform/hw
TRACE::2026-08-02.14:02:13::SCWPlatform:: Platform Path D:/Work/projects/zybo_z7_projects/DD_RF/vitis/RFsender_platform/hw/topSystem.xsa
TRACE::2026-08-02.14:02:13::SCWPlatform:: Unique name xilinx:zybo-z7-10::0.0
TRACE::2026-08-02.14:02:13::SCWPlatform::Trying to set the existing hwdb with name topSystem_2
TRACE::2026-08-02.14:02:13::SCWPlatform::Opened existing hwdb topSystem_2
TRACE::2026-08-02.14:02:13::SCWPlatform::Found the Hw Db part of the input DSA
TRACE::2026-08-02.14:02:13::SCWPlatform::Trying to open the hw design at D:/Work/projects/zybo_z7_projects/DD_RF/vitis/RFsender_platform/hw/topSystem.xsa
TRACE::2026-08-02.14:02:13::SCWPlatform::DSA given D:/Work/projects/zybo_z7_projects/DD_RF/vitis/RFsender_platform/hw/topSystem.xsa
TRACE::2026-08-02.14:02:13::SCWPlatform::DSA absoulate path D:/Work/projects/zybo_z7_projects/DD_RF/vitis/RFsender_platform/hw/topSystem.xsa
TRACE::2026-08-02.14:02:13::SCWPlatform::DSA directory D:/Work/projects/zybo_z7_projects/DD_RF/vitis/RFsender_platform/hw
TRACE::2026-08-02.14:02:13::SCWPlatform:: Platform Path D:/Work/projects/zybo_z7_projects/DD_RF/vitis/RFsender_platform/hw/topSystem.xsa
TRACE::2026-08-02.14:02:13::SCWPlatform:: Unique name xilinx:zybo-z7-10::0.0
TRACE::2026-08-02.14:02:13::SCWPlatform::Trying to set the existing hwdb with name topSystem_2
TRACE::2026-08-02.14:02:13::SCWPlatform::Opened existing hwdb topSystem_2
TRACE::2026-08-02.14:02:13::SCWPlatform::Found the Hw Db part of the input DSA
TRACE::2026-08-02.14:02:13::SCWDomain::Qemu Directory name is changed from "" to "qemu"
TRACE::2026-08-02.14:02:13::SCWPlatform::Trying to open the hw design at D:/Work/projects/zybo_z7_projects/DD_RF/vitis/RFsender_platform/hw/topSystem.xsa
TRACE::2026-08-02.14:02:13::SCWPlatform::DSA given D:/Work/projects/zybo_z7_projects/DD_RF/vitis/RFsender_platform/hw/topSystem.xsa
TRACE::2026-08-02.14:02:13::SCWPlatform::DSA absoulate path D:/Work/projects/zybo_z7_projects/DD_RF/vitis/RFsender_platform/hw/topSystem.xsa
TRACE::2026-08-02.14:02:13::SCWPlatform::DSA directory D:/Work/projects/zybo_z7_projects/DD_RF/vitis/RFsender_platform/hw
TRACE::2026-08-02.14:02:13::SCWPlatform:: Platform Path D:/Work/projects/zybo_z7_projects/DD_RF/vitis/RFsender_platform/hw/topSystem.xsa
TRACE::2026-08-02.14:02:13::SCWPlatform:: Unique name xilinx:zybo-z7-10::0.0
TRACE::2026-08-02.14:02:13::SCWPlatform::Trying to set the existing hwdb with name topSystem_2
TRACE::2026-08-02.14:02:13::SCWPlatform::Opened existing hwdb topSystem_2
TRACE::2026-08-02.14:02:13::SCWPlatform::Found the Hw Db part of the input DSA
TRACE::2026-08-02.14:02:13::SCWMssOS::Checking the sw design at  D:/Work/projects/zybo_z7_projects/DD_RF/vitis/RFsender_platform/ps7_cortexa9_0/standalone_domain/bsp/system.mss
TRACE::2026-08-02.14:02:13::SCWMssOS::DEBUG:  swdes dump  D:/Work/projects/zybo_z7_projects/DD_RF/vitis/RFsender_platform/zynq_fsbl/zynq_fsbl_bsp/system.mss|system||

TRACE::2026-08-02.14:02:13::SCWMssOS::No sw design opened at  D:/Work/projects/zybo_z7_projects/DD_RF/vitis/RFsender_platform/ps7_cortexa9_0/standalone_domain/bsp/system.mss
TRACE::2026-08-02.14:02:13::SCWMssOS::mss does not exists at D:/Work/projects/zybo_z7_projects/DD_RF/vitis/RFsender_platform/ps7_cortexa9_0/standalone_domain/bsp/system.mss
TRACE::2026-08-02.14:02:13::SCWMssOS::Creating sw design at  D:/Work/projects/zybo_z7_projects/DD_RF/vitis/RFsender_platform/ps7_cortexa9_0/standalone_domain/bsp/system.mss
TRACE::2026-08-02.14:02:13::SCWMssOS::Adding the swdes entry, created swdb D:/Work/projects/zybo_z7_projects/DD_RF/vitis/RFsender_platform/ps7_cortexa9_0/standalone_domain/bsp/system.mss with des name D:/Work/projects/zybo_z7_projects/DD_RF/vitis/RFsender_platform/ps7_cortexa9_0/standalone_domain/bsp/system.mss
TRACE::2026-08-02.14:02:13::SCWMssOS::updating the scw layer changes to swdes at   D:/Work/projects/zybo_z7_projects/DD_RF/vitis/RFsender_platform/ps7_cortexa9_0/standalone_domain/bsp/system.mss
TRACE::2026-08-02.14:02:13::SCWMssOS::Writing mss at D:/Work/projects/zybo_z7_projects/DD_RF/vitis/RFsender_platform/ps7_cortexa9_0/standalone_domain/bsp/system.mss
TRACE::2026-08-02.14:02:13::SCWMssOS::Completed writing the mss file at D:/Work/projects/zybo_z7_projects/DD_RF/vitis/RFsender_platform/ps7_cortexa9_0/standalone_domain/bsp
TRACE::2026-08-02.14:02:13::SCWMssOS::Picking up changes from newly written mss file into SCW Layer. 
TRACE::2026-08-02.14:02:13::SCWMssOS::Updated the changes from newly written mss file into SCW Layer. 
TRACE::2026-08-02.14:02:13::SCWMssOS::Completed writing the mss file at D:/Work/projects/zybo_z7_projects/DD_RF/vitis/RFsender_platform/ps7_cortexa9_0/standalone_domain/bsp
TRACE::2026-08-02.14:02:13::SCWMssOS::Forcing BSP Sources regeneration.
TRACE::2026-08-02.14:02:14::SCWMssOS::Saving the mss changes D:/Work/projects/zybo_z7_projects/DD_RF/vitis/RFsender_platform/zynq_fsbl/zynq_fsbl_bsp/system.mss
TRACE::2026-08-02.14:02:14::SCWMssOS::Found a swdesign opened with the mssfile.
TRACE::2026-08-02.14:02:14::SCWMssOS::Completed writemss as part of save.
TRACE::2026-08-02.14:02:14::SCWMssOS::Commit changes completed.
TRACE::2026-08-02.14:02:14::SCWMssOS::Saving the mss changes D:/Work/projects/zybo_z7_projects/DD_RF/vitis/RFsender_platform/ps7_cortexa9_0/standalone_domain/bsp/system.mss
TRACE::2026-08-02.14:02:14::SCWMssOS::Adding the swdes entry, mss present, able to open swdb D:/Work/projects/zybo_z7_projects/DD_RF/vitis/RFsender_platform/ps7_cortexa9_0/standalone_domain/bsp/system.mss with des name system_0
TRACE::2026-08-02.14:02:14::SCWMssOS::Writing the mss file completed D:/Work/projects/zybo_z7_projects/DD_RF/vitis/RFsender_platform/ps7_cortexa9_0/standalone_domain/bsp/system.mss
TRACE::2026-08-02.14:02:14::SCWMssOS::Commit changes completed.
TRACE::2026-08-02.14:02:14::SCWPlatform::Trying to open the hw design at D:/Work/projects/zybo_z7_projects/DD_RF/vitis/RFsender_platform/hw/topSystem.xsa
TRACE::2026-08-02.14:02:14::SCWPlatform::DSA given D:/Work/projects/zybo_z7_projects/DD_RF/vitis/RFsender_platform/hw/topSystem.xsa
TRACE::2026-08-02.14:02:14::SCWPlatform::DSA absoulate path D:/Work/projects/zybo_z7_projects/DD_RF/vitis/RFsender_platform/hw/topSystem.xsa
TRACE::2026-08-02.14:02:14::SCWPlatform::DSA directory D:/Work/projects/zybo_z7_projects/DD_RF/vitis/RFsender_platform/hw
TRACE::2026-08-02.14:02:14::SCWPlatform:: Platform Path D:/Work/projects/zybo_z7_projects/DD_RF/vitis/RFsender_platform/hw/topSystem.xsa
TRACE::2026-08-02.14:02:14::SCWPlatform:: Unique name xilinx:zybo-z7-10::0.0
TRACE::2026-08-02.14:02:14::SCWPlatform::Trying to set the existing hwdb with name topSystem_2
TRACE::2026-08-02.14:02:14::SCWPlatform::Opened existing hwdb topSystem_2
TRACE::2026-08-02.14:02:14::SCWPlatform::Found the Hw Db part of the input DSA
TRACE::2026-08-02.14:02:14::SCWMssOS::Checking the sw design at  D:/Work/projects/zybo_z7_projects/DD_RF/vitis/RFsender_platform/zynq_fsbl/zynq_fsbl_bsp/system.mss
TRACE::2026-08-02.14:02:14::SCWMssOS::DEBUG:  swdes dump  D:/Work/projects/zybo_z7_projects/DD_RF/vitis/RFsender_platform/ps7_cortexa9_0/standalone_domain/bsp/system.mss|system_0||
D:/Work/projects/zybo_z7_projects/DD_RF/vitis/RFsender_platform/zynq_fsbl/zynq_fsbl_bsp/system.mss|system||

TRACE::2026-08-02.14:02:14::SCWMssOS::Sw design exists and opened at  D:/Work/projects/zybo_z7_projects/DD_RF/vitis/RFsender_platform/zynq_fsbl/zynq_fsbl_bsp/system.mss
TRACE::2026-08-02.14:02:14::SCWPlatform::Trying to open the hw design at D:/Work/projects/zybo_z7_projects/DD_RF/vitis/RFsender_platform/hw/topSystem.xsa
TRACE::2026-08-02.14:02:14::SCWPlatform::DSA given D:/Work/projects/zybo_z7_projects/DD_RF/vitis/RFsender_platform/hw/topSystem.xsa
TRACE::2026-08-02.14:02:14::SCWPlatform::DSA absoulate path D:/Work/projects/zybo_z7_projects/DD_RF/vitis/RFsender_platform/hw/topSystem.xsa
TRACE::2026-08-02.14:02:14::SCWPlatform::DSA directory D:/Work/projects/zybo_z7_projects/DD_RF/vitis/RFsender_platform/hw
TRACE::2026-08-02.14:02:14::SCWPlatform:: Platform Path D:/Work/projects/zybo_z7_projects/DD_RF/vitis/RFsender_platform/hw/topSystem.xsa
TRACE::2026-08-02.14:02:14::SCWPlatform:: Unique name xilinx:zybo-z7-10::0.0
TRACE::2026-08-02.14:02:14::SCWPlatform::Trying to set the existing hwdb with name topSystem_2
TRACE::2026-08-02.14:02:14::SCWPlatform::Opened existing hwdb topSystem_2
TRACE::2026-08-02.14:02:14::SCWPlatform::Found the Hw Db part of the input DSA
TRACE::2026-08-02.14:02:14::SCWMssOS::Checking the sw design at  D:/Work/projects/zybo_z7_projects/DD_RF/vitis/RFsender_platform/zynq_fsbl/zynq_fsbl_bsp/system.mss
TRACE::2026-08-02.14:02:14::SCWMssOS::DEBUG:  swdes dump  D:/Work/projects/zybo_z7_projects/DD_RF/vitis/RFsender_platform/ps7_cortexa9_0/standalone_domain/bsp/system.mss|system_0||
D:/Work/projects/zybo_z7_projects/DD_RF/vitis/RFsender_platform/zynq_fsbl/zynq_fsbl_bsp/system.mss|system||

TRACE::2026-08-02.14:02:14::SCWMssOS::Sw design exists and opened at  D:/Work/projects/zybo_z7_projects/DD_RF/vitis/RFsender_platform/zynq_fsbl/zynq_fsbl_bsp/system.mss
TRACE::2026-08-02.14:02:14::SCWPlatform::Trying to open the hw design at D:/Work/projects/zybo_z7_projects/DD_RF/vitis/RFsender_platform/hw/topSystem.xsa
TRACE::2026-08-02.14:02:14::SCWPlatform::DSA given D:/Work/projects/zybo_z7_projects/DD_RF/vitis/RFsender_platform/hw/topSystem.xsa
TRACE::2026-08-02.14:02:14::SCWPlatform::DSA absoulate path D:/Work/projects/zybo_z7_projects/DD_RF/vitis/RFsender_platform/hw/topSystem.xsa
TRACE::2026-08-02.14:02:14::SCWPlatform::DSA directory D:/Work/projects/zybo_z7_projects/DD_RF/vitis/RFsender_platform/hw
TRACE::2026-08-02.14:02:14::SCWPlatform:: Platform Path D:/Work/projects/zybo_z7_projects/DD_RF/vitis/RFsender_platform/hw/topSystem.xsa
TRACE::2026-08-02.14:02:14::SCWPlatform:: Unique name xilinx:zybo-z7-10::0.0
TRACE::2026-08-02.14:02:14::SCWPlatform::Trying to set the existing hwdb with name topSystem_2
TRACE::2026-08-02.14:02:14::SCWPlatform::Opened existing hwdb topSystem_2
TRACE::2026-08-02.14:02:14::SCWPlatform::Found the Hw Db part of the input DSA
TRACE::2026-08-02.14:02:14::SCWMssOS::Checking the sw design at  D:/Work/projects/zybo_z7_projects/DD_RF/vitis/RFsender_platform/zynq_fsbl/zynq_fsbl_bsp/system.mss
TRACE::2026-08-02.14:02:14::SCWMssOS::DEBUG:  swdes dump  D:/Work/projects/zybo_z7_projects/DD_RF/vitis/RFsender_platform/ps7_cortexa9_0/standalone_domain/bsp/system.mss|system_0||
D:/Work/projects/zybo_z7_projects/DD_RF/vitis/RFsender_platform/zynq_fsbl/zynq_fsbl_bsp/system.mss|system||

TRACE::2026-08-02.14:02:14::SCWMssOS::Sw design exists and opened at  D:/Work/projects/zybo_z7_projects/DD_RF/vitis/RFsender_platform/zynq_fsbl/zynq_fsbl_bsp/system.mss
TRACE::2026-08-02.14:02:14::SCWPlatform::Trying to open the hw design at D:/Work/projects/zybo_z7_projects/DD_RF/vitis/RFsender_platform/hw/topSystem.xsa
TRACE::2026-08-02.14:02:14::SCWPlatform::DSA given D:/Work/projects/zybo_z7_projects/DD_RF/vitis/RFsender_platform/hw/topSystem.xsa
TRACE::2026-08-02.14:02:14::SCWPlatform::DSA absoulate path D:/Work/projects/zybo_z7_projects/DD_RF/vitis/RFsender_platform/hw/topSystem.xsa
TRACE::2026-08-02.14:02:14::SCWPlatform::DSA directory D:/Work/projects/zybo_z7_projects/DD_RF/vitis/RFsender_platform/hw
TRACE::2026-08-02.14:02:14::SCWPlatform:: Platform Path D:/Work/projects/zybo_z7_projects/DD_RF/vitis/RFsender_platform/hw/topSystem.xsa
TRACE::2026-08-02.14:02:14::SCWPlatform:: Unique name xilinx:zybo-z7-10::0.0
TRACE::2026-08-02.14:02:14::SCWPlatform::Trying to set the existing hwdb with name topSystem_2
TRACE::2026-08-02.14:02:14::SCWPlatform::Opened existing hwdb topSystem_2
TRACE::2026-08-02.14:02:14::SCWPlatform::Found the Hw Db part of the input DSA
TRACE::2026-08-02.14:02:14::SCWMssOS::Checking the sw design at  D:/Work/projects/zybo_z7_projects/DD_RF/vitis/RFsender_platform/ps7_cortexa9_0/standalone_domain/bsp/system.mss
TRACE::2026-08-02.14:02:14::SCWMssOS::DEBUG:  swdes dump  D:/Work/projects/zybo_z7_projects/DD_RF/vitis/RFsender_platform/ps7_cortexa9_0/standalone_domain/bsp/system.mss|system_0||
D:/Work/projects/zybo_z7_projects/DD_RF/vitis/RFsender_platform/zynq_fsbl/zynq_fsbl_bsp/system.mss|system||

TRACE::2026-08-02.14:02:14::SCWMssOS::Sw design exists and opened at  D:/Work/projects/zybo_z7_projects/DD_RF/vitis/RFsender_platform/ps7_cortexa9_0/standalone_domain/bsp/system.mss
TRACE::2026-08-02.14:02:14::SCWPlatform::Trying to open the hw design at D:/Work/projects/zybo_z7_projects/DD_RF/vitis/RFsender_platform/hw/topSystem.xsa
TRACE::2026-08-02.14:02:14::SCWPlatform::DSA given D:/Work/projects/zybo_z7_projects/DD_RF/vitis/RFsender_platform/hw/topSystem.xsa
TRACE::2026-08-02.14:02:14::SCWPlatform::DSA absoulate path D:/Work/projects/zybo_z7_projects/DD_RF/vitis/RFsender_platform/hw/topSystem.xsa
TRACE::2026-08-02.14:02:14::SCWPlatform::DSA directory D:/Work/projects/zybo_z7_projects/DD_RF/vitis/RFsender_platform/hw
TRACE::2026-08-02.14:02:14::SCWPlatform:: Platform Path D:/Work/projects/zybo_z7_projects/DD_RF/vitis/RFsender_platform/hw/topSystem.xsa
TRACE::2026-08-02.14:02:14::SCWPlatform:: Unique name xilinx:zybo-z7-10::0.0
TRACE::2026-08-02.14:02:14::SCWPlatform::Trying to set the existing hwdb with name topSystem_2
TRACE::2026-08-02.14:02:14::SCWPlatform::Opened existing hwdb topSystem_2
TRACE::2026-08-02.14:02:14::SCWPlatform::Found the Hw Db part of the input DSA
TRACE::2026-08-02.14:02:14::SCWMssOS::Checking the sw design at  D:/Work/projects/zybo_z7_projects/DD_RF/vitis/RFsender_platform/ps7_cortexa9_0/standalone_domain/bsp/system.mss
TRACE::2026-08-02.14:02:14::SCWMssOS::DEBUG:  swdes dump  D:/Work/projects/zybo_z7_projects/DD_RF/vitis/RFsender_platform/ps7_cortexa9_0/standalone_domain/bsp/system.mss|system_0||
D:/Work/projects/zybo_z7_projects/DD_RF/vitis/RFsender_platform/zynq_fsbl/zynq_fsbl_bsp/system.mss|system||

TRACE::2026-08-02.14:02:14::SCWMssOS::Sw design exists and opened at  D:/Work/projects/zybo_z7_projects/DD_RF/vitis/RFsender_platform/ps7_cortexa9_0/standalone_domain/bsp/system.mss
TRACE::2026-08-02.14:02:14::SCWPlatform::Trying to open the hw design at D:/Work/projects/zybo_z7_projects/DD_RF/vitis/RFsender_platform/hw/topSystem.xsa
TRACE::2026-08-02.14:02:14::SCWPlatform::DSA given D:/Work/projects/zybo_z7_projects/DD_RF/vitis/RFsender_platform/hw/topSystem.xsa
TRACE::2026-08-02.14:02:14::SCWPlatform::DSA absoulate path D:/Work/projects/zybo_z7_projects/DD_RF/vitis/RFsender_platform/hw/topSystem.xsa
TRACE::2026-08-02.14:02:14::SCWPlatform::DSA directory D:/Work/projects/zybo_z7_projects/DD_RF/vitis/RFsender_platform/hw
TRACE::2026-08-02.14:02:14::SCWPlatform:: Platform Path D:/Work/projects/zybo_z7_projects/DD_RF/vitis/RFsender_platform/hw/topSystem.xsa
TRACE::2026-08-02.14:02:14::SCWPlatform:: Unique name xilinx:zybo-z7-10::0.0
TRACE::2026-08-02.14:02:14::SCWPlatform::Trying to set the existing hwdb with name topSystem_2
TRACE::2026-08-02.14:02:14::SCWPlatform::Opened existing hwdb topSystem_2
TRACE::2026-08-02.14:02:14::SCWPlatform::Found the Hw Db part of the input DSA
TRACE::2026-08-02.14:02:14::SCWMssOS::Checking the sw design at  D:/Work/projects/zybo_z7_projects/DD_RF/vitis/RFsender_platform/ps7_cortexa9_0/standalone_domain/bsp/system.mss
TRACE::2026-08-02.14:02:14::SCWMssOS::DEBUG:  swdes dump  D:/Work/projects/zybo_z7_projects/DD_RF/vitis/RFsender_platform/ps7_cortexa9_0/standalone_domain/bsp/system.mss|system_0||
D:/Work/projects/zybo_z7_projects/DD_RF/vitis/RFsender_platform/zynq_fsbl/zynq_fsbl_bsp/system.mss|system||

TRACE::2026-08-02.14:02:14::SCWMssOS::Sw design exists and opened at  D:/Work/projects/zybo_z7_projects/DD_RF/vitis/RFsender_platform/ps7_cortexa9_0/standalone_domain/bsp/system.mss
TRACE::2026-08-02.14:02:14::SCWWriter::formatted JSON is {
	"platformName":	"RFsender_platform",
	"sprVersion":	"2.0",
	"mode":	"gui",
	"dsaType":	"Fixed",
	"platformDesc":	"RFsender_platform",
	"platHandOff":	"D:/Work/projects/zybo_z7_projects/DD_RF/vivado/project_1/topSystem.xsa",
	"platIntHandOff":	"<platformDir>/hw/topSystem.xsa",
	"deviceType":	"zynq",
	"platIsPrebuiltAutogen":	"false",
	"platIsNoBootBsp":	"false",
	"platFsblTarget":	"ps7_cortexa9_0",
	"hasFsblMakeHasChanges":	"false",
	"hasPmufwMakeHasChanges":	"false",
	"fsblExtraCompilerFlags":	"-MMD -MP       -mcpu=cortex-a9 -mfpu=vfpv3 -mfloat-abi=hard ",
	"platPreBuiltFlag":	false,
	"platformSamplesDir":	"",
	"platActiveSys":	"RFsender_platform",
	"systems":	[{
			"systemName":	"RFsender_platform",
			"systemDesc":	"RFsender_platform",
			"sysIsBootAutoGen":	"true",
			"systemDispName":	"RFsender_platform",
			"sysActiveDom":	"standalone_domain",
			"sysDefaultDom":	"standalone_domain",
			"domains":	[{
					"domainName":	"zynq_fsbl",
					"domainDispName":	"zynq_fsbl",
					"domainDesc":	"FSBL Application BSP - Auto Generated.",
					"processors":	"ps7_cortexa9_0",
					"os":	"standalone",
					"sdxOs":	"standalone",
					"debugEnable":	"",
					"domRuntimes":	["cpp"],
					"swRepo":	"",
					"mssOsVer":	"9.2",
					"mssFile":	"",
					"md5Digest":	"30215168a6860ec346c5df07b875ca91",
					"compatibleApp":	"zynq_fsbl",
					"domType":	"bootDomain",
					"arch":	"32-bit",
					"appSettings":	{
						"appCompilerFlags":	"",
						"appLinkerFlags":	""
					},
					"addedLibs":	["xilffs:5.3", "xilrsa:1.8"],
					"libOptions":	{
						"libsContainingOptions":	[]
					},
					"prebuiltLibs":	{
						"prebuiltIncPath":	[],
						"prebuiltLibPath":	[]
					},
					"isolation":	{
					}
				}, {
					"domainName":	"standalone_domain",
					"domainDispName":	"standalone_domain",
					"domainDesc":	"standalone_domain",
					"processors":	"ps7_cortexa9_0",
					"os":	"standalone",
					"sdxOs":	"standalone",
					"qemuArgs":	"<platformDir>/resources/RFsender_platform/standalone_domain/qemu_args.txt",
					"qemuData":	"<platformDir>/resources/RFsender_platform/standalone_domain/qemu",
					"debugEnable":	"False",
					"domRuntimes":	["cpp"],
					"swRepo":	"",
					"mssOsVer":	"9.2",
					"mssFile":	"",
					"md5Digest":	"20d041a2ce1a20bcf22805213c4c6658",
					"compatibleApp":	"",
					"domType":	"mssDomain",
					"appSettings":	{
						"appCompilerFlags":	"",
						"appLinkerFlags":	""
					},
					"addedLibs":	[],
					"libOptions":	{
						"libsContainingOptions":	[]
					},
					"prebuiltLibs":	{
						"prebuiltIncPath":	[],
						"prebuiltLibPath":	[]
					},
					"isolation":	{
					}
				}]
		}]
}
LOG::2026-08-02.14:02:14::SCWPlatform::Started generating the artifacts platform RFsender_platform
TRACE::2026-08-02.14:02:14::SCWPlatform::Sanity checking of platform is completed
LOG::2026-08-02.14:02:14::SCWPlatform::Started generating the artifacts for system configuration RFsender_platform
LOG::2026-08-02.14:02:14::SCWSystem::Checking the domain zynq_fsbl
LOG::2026-08-02.14:02:14::SCWSystem::Doing application build for :  zynq_fsbl
TRACE::2026-08-02.14:02:14::SCWBDomain::Not a forced makefile updation, No changes are present. 
TRACE::2026-08-02.14:02:14::SCWDomain::Skipping the build for domain :  zynq_fsbl
LOG::2026-08-02.14:02:14::SCWSystem::Checking the domain standalone_domain
LOG::2026-08-02.14:02:14::SCWSystem::Not a boot domain 
LOG::2026-08-02.14:02:14::SCWSystem::Started Processing the domain standalone_domain
TRACE::2026-08-02.14:02:14::SCWDomain::Generating domain artifcats
TRACE::2026-08-02.14:02:14::SCWMssOS::Generating standalone artifcats
TRACE::2026-08-02.14:02:14::SCWMssOS::Copying the qemu file from  D:/Work/projects/zybo_z7_projects/DD_RF/vitis/RFsender_platform/resources/RFsender_platform/standalone_domain/qemu_args.txt To D:/Work/projects/zybo_z7_projects/DD_RF/vitis/RFsender_platform/export/RFsender_platform/sw/RFsender_platform/qemu/
TRACE::2026-08-02.14:02:14::SCWMssOS::Copying the qemu file from  D:/Work/projects/zybo_z7_projects/DD_RF/vitis/RFsender_platform/resources/RFsender_platform/standalone_domain/qemu_args.txt To D:/Work/projects/zybo_z7_projects/DD_RF/vitis/RFsender_platform/export/RFsender_platform/sw/RFsender_platform/standalone_domain/qemu/
TRACE::2026-08-02.14:02:14::SCWMssOS:: Copying the user libraries. 
TRACE::2026-08-02.14:02:14::SCWPlatform::Trying to open the hw design at D:/Work/projects/zybo_z7_projects/DD_RF/vitis/RFsender_platform/hw/topSystem.xsa
TRACE::2026-08-02.14:02:14::SCWPlatform::DSA given D:/Work/projects/zybo_z7_projects/DD_RF/vitis/RFsender_platform/hw/topSystem.xsa
TRACE::2026-08-02.14:02:14::SCWPlatform::DSA absoulate path D:/Work/projects/zybo_z7_projects/DD_RF/vitis/RFsender_platform/hw/topSystem.xsa
TRACE::2026-08-02.14:02:14::SCWPlatform::DSA directory D:/Work/projects/zybo_z7_projects/DD_RF/vitis/RFsender_platform/hw
TRACE::2026-08-02.14:02:14::SCWPlatform:: Platform Path D:/Work/projects/zybo_z7_projects/DD_RF/vitis/RFsender_platform/hw/topSystem.xsa
TRACE::2026-08-02.14:02:14::SCWPlatform:: Unique name xilinx:zybo-z7-10::0.0
TRACE::2026-08-02.14:02:14::SCWPlatform::Trying to set the existing hwdb with name topSystem_2
TRACE::2026-08-02.14:02:14::SCWPlatform::Opened existing hwdb topSystem_2
TRACE::2026-08-02.14:02:14::SCWPlatform::Found the Hw Db part of the input DSA
TRACE::2026-08-02.14:02:14::SCWMssOS::Checking the sw design at  D:/Work/projects/zybo_z7_projects/DD_RF/vitis/RFsender_platform/ps7_cortexa9_0/standalone_domain/bsp/system.mss
TRACE::2026-08-02.14:02:14::SCWMssOS::DEBUG:  swdes dump  D:/Work/projects/zybo_z7_projects/DD_RF/vitis/RFsender_platform/ps7_cortexa9_0/standalone_domain/bsp/system.mss|system_0||
D:/Work/projects/zybo_z7_projects/DD_RF/vitis/RFsender_platform/zynq_fsbl/zynq_fsbl_bsp/system.mss|system||

TRACE::2026-08-02.14:02:14::SCWMssOS::Sw design exists and opened at  D:/Work/projects/zybo_z7_projects/DD_RF/vitis/RFsender_platform/ps7_cortexa9_0/standalone_domain/bsp/system.mss
TRACE::2026-08-02.14:02:14::SCWMssOS::Completed writing the mss file at D:/Work/projects/zybo_z7_projects/DD_RF/vitis/RFsender_platform/ps7_cortexa9_0/standalone_domain/bsp
TRACE::2026-08-02.14:02:14::SCWMssOS::Mss edits present, copying mssfile into export location D:/Work/projects/zybo_z7_projects/DD_RF/vitis/RFsender_platform/ps7_cortexa9_0/standalone_domain/bsp/system.mss
TRACE::2026-08-02.14:02:14::SCWMssOS::bsp generated is upto date with the mss file. Skipping bsp generation.
TRACE::2026-08-02.14:02:14::SCWMssOS::BSP is already built. skipping the bsp build ... 
TRACE::2026-08-02.14:02:14::SCWDomain::Skipping the build for domain :  standalone_domain
TRACE::2026-08-02.14:02:14::SCWMssOS::skipping the bsp build ... 
TRACE::2026-08-02.14:02:14::SCWMssOS::Copying to export directory.
TRACE::2026-08-02.14:02:14::SCWMssOS:: Checking if to create the Supporting Applications
TRACE::2026-08-02.14:02:14::SCWMssOS:: No Linux domain exists, trying to generate FSBL 
TRACE::2026-08-02.14:02:14::SCWMssOS:: Completed Standalone Artifacts creation 
LOG::2026-08-02.14:02:14::SCWSystem::Completed Processing the domain standalone_domain
LOG::2026-08-02.14:02:14::SCWSystem::Completed Processing the sysconfig RFsender_platform
LOG::2026-08-02.14:02:14::SCWPlatform::Completed generating the artifacts for system configuration RFsender_platform
TRACE::2026-08-02.14:02:14::SCWPlatform::Started preparing the platform 
TRACE::2026-08-02.14:02:14::SCWSystem::Writing the bif file for system config RFsender_platform
TRACE::2026-08-02.14:02:14::SCWSystem::dir created 
TRACE::2026-08-02.14:02:14::SCWSystem::Writing the bif 
TRACE::2026-08-02.14:02:14::SCWPlatform::Started writing the spfm file 
TRACE::2026-08-02.14:02:14::SCWPlatform::Started writing the xpfm file 
TRACE::2026-08-02.14:02:14::SCWPlatform::Completed generating the platform
TRACE::2026-08-02.14:02:14::SCWMssOS::Saving the mss changes D:/Work/projects/zybo_z7_projects/DD_RF/vitis/RFsender_platform/zynq_fsbl/zynq_fsbl_bsp/system.mss
TRACE::2026-08-02.14:02:14::SCWMssOS::Found a swdesign opened with the mssfile.
TRACE::2026-08-02.14:02:14::SCWMssOS::Completed writemss as part of save.
TRACE::2026-08-02.14:02:14::SCWMssOS::Commit changes completed.
TRACE::2026-08-02.14:02:14::SCWMssOS::Saving the mss changes D:/Work/projects/zybo_z7_projects/DD_RF/vitis/RFsender_platform/ps7_cortexa9_0/standalone_domain/bsp/system.mss
TRACE::2026-08-02.14:02:14::SCWMssOS::Found a swdesign opened with the mssfile.
TRACE::2026-08-02.14:02:14::SCWMssOS::Completed writemss as part of save.
TRACE::2026-08-02.14:02:14::SCWMssOS::Commit changes completed.
TRACE::2026-08-02.14:02:14::SCWPlatform::Trying to open the hw design at D:/Work/projects/zybo_z7_projects/DD_RF/vitis/RFsender_platform/hw/topSystem.xsa
TRACE::2026-08-02.14:02:14::SCWPlatform::DSA given D:/Work/projects/zybo_z7_projects/DD_RF/vitis/RFsender_platform/hw/topSystem.xsa
TRACE::2026-08-02.14:02:14::SCWPlatform::DSA absoulate path D:/Work/projects/zybo_z7_projects/DD_RF/vitis/RFsender_platform/hw/topSystem.xsa
TRACE::2026-08-02.14:02:14::SCWPlatform::DSA directory D:/Work/projects/zybo_z7_projects/DD_RF/vitis/RFsender_platform/hw
TRACE::2026-08-02.14:02:14::SCWPlatform:: Platform Path D:/Work/projects/zybo_z7_projects/DD_RF/vitis/RFsender_platform/hw/topSystem.xsa
TRACE::2026-08-02.14:02:14::SCWPlatform:: Unique name xilinx:zybo-z7-10::0.0
TRACE::2026-08-02.14:02:14::SCWPlatform::Trying to set the existing hwdb with name topSystem_2
TRACE::2026-08-02.14:02:14::SCWPlatform::Opened existing hwdb topSystem_2
TRACE::2026-08-02.14:02:14::SCWPlatform::Found the Hw Db part of the input DSA
TRACE::2026-08-02.14:02:14::SCWMssOS::Checking the sw design at  D:/Work/projects/zybo_z7_projects/DD_RF/vitis/RFsender_platform/zynq_fsbl/zynq_fsbl_bsp/system.mss
TRACE::2026-08-02.14:02:14::SCWMssOS::DEBUG:  swdes dump  D:/Work/projects/zybo_z7_projects/DD_RF/vitis/RFsender_platform/ps7_cortexa9_0/standalone_domain/bsp/system.mss|system_0||
D:/Work/projects/zybo_z7_projects/DD_RF/vitis/RFsender_platform/zynq_fsbl/zynq_fsbl_bsp/system.mss|system||

TRACE::2026-08-02.14:02:14::SCWMssOS::Sw design exists and opened at  D:/Work/projects/zybo_z7_projects/DD_RF/vitis/RFsender_platform/zynq_fsbl/zynq_fsbl_bsp/system.mss
TRACE::2026-08-02.14:02:14::SCWPlatform::Trying to open the hw design at D:/Work/projects/zybo_z7_projects/DD_RF/vitis/RFsender_platform/hw/topSystem.xsa
TRACE::2026-08-02.14:02:14::SCWPlatform::DSA given D:/Work/projects/zybo_z7_projects/DD_RF/vitis/RFsender_platform/hw/topSystem.xsa
TRACE::2026-08-02.14:02:14::SCWPlatform::DSA absoulate path D:/Work/projects/zybo_z7_projects/DD_RF/vitis/RFsender_platform/hw/topSystem.xsa
TRACE::2026-08-02.14:02:14::SCWPlatform::DSA directory D:/Work/projects/zybo_z7_projects/DD_RF/vitis/RFsender_platform/hw
TRACE::2026-08-02.14:02:14::SCWPlatform:: Platform Path D:/Work/projects/zybo_z7_projects/DD_RF/vitis/RFsender_platform/hw/topSystem.xsa
TRACE::2026-08-02.14:02:14::SCWPlatform:: Unique name xilinx:zybo-z7-10::0.0
TRACE::2026-08-02.14:02:14::SCWPlatform::Trying to set the existing hwdb with name topSystem_2
TRACE::2026-08-02.14:02:14::SCWPlatform::Opened existing hwdb topSystem_2
TRACE::2026-08-02.14:02:14::SCWPlatform::Found the Hw Db part of the input DSA
TRACE::2026-08-02.14:02:14::SCWMssOS::Checking the sw design at  D:/Work/projects/zybo_z7_projects/DD_RF/vitis/RFsender_platform/zynq_fsbl/zynq_fsbl_bsp/system.mss
TRACE::2026-08-02.14:02:14::SCWMssOS::DEBUG:  swdes dump  D:/Work/projects/zybo_z7_projects/DD_RF/vitis/RFsender_platform/ps7_cortexa9_0/standalone_domain/bsp/system.mss|system_0||
D:/Work/projects/zybo_z7_projects/DD_RF/vitis/RFsender_platform/zynq_fsbl/zynq_fsbl_bsp/system.mss|system||

TRACE::2026-08-02.14:02:14::SCWMssOS::Sw design exists and opened at  D:/Work/projects/zybo_z7_projects/DD_RF/vitis/RFsender_platform/zynq_fsbl/zynq_fsbl_bsp/system.mss
TRACE::2026-08-02.14:02:14::SCWPlatform::Trying to open the hw design at D:/Work/projects/zybo_z7_projects/DD_RF/vitis/RFsender_platform/hw/topSystem.xsa
TRACE::2026-08-02.14:02:14::SCWPlatform::DSA given D:/Work/projects/zybo_z7_projects/DD_RF/vitis/RFsender_platform/hw/topSystem.xsa
TRACE::2026-08-02.14:02:14::SCWPlatform::DSA absoulate path D:/Work/projects/zybo_z7_projects/DD_RF/vitis/RFsender_platform/hw/topSystem.xsa
TRACE::2026-08-02.14:02:14::SCWPlatform::DSA directory D:/Work/projects/zybo_z7_projects/DD_RF/vitis/RFsender_platform/hw
TRACE::2026-08-02.14:02:14::SCWPlatform:: Platform Path D:/Work/projects/zybo_z7_projects/DD_RF/vitis/RFsender_platform/hw/topSystem.xsa
TRACE::2026-08-02.14:02:14::SCWPlatform:: Unique name xilinx:zybo-z7-10::0.0
TRACE::2026-08-02.14:02:14::SCWPlatform::Trying to set the existing hwdb with name topSystem_2
TRACE::2026-08-02.14:02:14::SCWPlatform::Opened existing hwdb topSystem_2
TRACE::2026-08-02.14:02:14::SCWPlatform::Found the Hw Db part of the input DSA
TRACE::2026-08-02.14:02:14::SCWMssOS::Checking the sw design at  D:/Work/projects/zybo_z7_projects/DD_RF/vitis/RFsender_platform/zynq_fsbl/zynq_fsbl_bsp/system.mss
TRACE::2026-08-02.14:02:14::SCWMssOS::DEBUG:  swdes dump  D:/Work/projects/zybo_z7_projects/DD_RF/vitis/RFsender_platform/ps7_cortexa9_0/standalone_domain/bsp/system.mss|system_0||
D:/Work/projects/zybo_z7_projects/DD_RF/vitis/RFsender_platform/zynq_fsbl/zynq_fsbl_bsp/system.mss|system||

TRACE::2026-08-02.14:02:14::SCWMssOS::Sw design exists and opened at  D:/Work/projects/zybo_z7_projects/DD_RF/vitis/RFsender_platform/zynq_fsbl/zynq_fsbl_bsp/system.mss
TRACE::2026-08-02.14:02:14::SCWPlatform::Trying to open the hw design at D:/Work/projects/zybo_z7_projects/DD_RF/vitis/RFsender_platform/hw/topSystem.xsa
TRACE::2026-08-02.14:02:14::SCWPlatform::DSA given D:/Work/projects/zybo_z7_projects/DD_RF/vitis/RFsender_platform/hw/topSystem.xsa
TRACE::2026-08-02.14:02:14::SCWPlatform::DSA absoulate path D:/Work/projects/zybo_z7_projects/DD_RF/vitis/RFsender_platform/hw/topSystem.xsa
TRACE::2026-08-02.14:02:14::SCWPlatform::DSA directory D:/Work/projects/zybo_z7_projects/DD_RF/vitis/RFsender_platform/hw
TRACE::2026-08-02.14:02:14::SCWPlatform:: Platform Path D:/Work/projects/zybo_z7_projects/DD_RF/vitis/RFsender_platform/hw/topSystem.xsa
TRACE::2026-08-02.14:02:14::SCWPlatform:: Unique name xilinx:zybo-z7-10::0.0
TRACE::2026-08-02.14:02:14::SCWPlatform::Trying to set the existing hwdb with name topSystem_2
TRACE::2026-08-02.14:02:14::SCWPlatform::Opened existing hwdb topSystem_2
TRACE::2026-08-02.14:02:14::SCWPlatform::Found the Hw Db part of the input DSA
TRACE::2026-08-02.14:02:14::SCWMssOS::Checking the sw design at  D:/Work/projects/zybo_z7_projects/DD_RF/vitis/RFsender_platform/ps7_cortexa9_0/standalone_domain/bsp/system.mss
TRACE::2026-08-02.14:02:14::SCWMssOS::DEBUG:  swdes dump  D:/Work/projects/zybo_z7_projects/DD_RF/vitis/RFsender_platform/ps7_cortexa9_0/standalone_domain/bsp/system.mss|system_0||
D:/Work/projects/zybo_z7_projects/DD_RF/vitis/RFsender_platform/zynq_fsbl/zynq_fsbl_bsp/system.mss|system||

TRACE::2026-08-02.14:02:14::SCWMssOS::Sw design exists and opened at  D:/Work/projects/zybo_z7_projects/DD_RF/vitis/RFsender_platform/ps7_cortexa9_0/standalone_domain/bsp/system.mss
TRACE::2026-08-02.14:02:14::SCWPlatform::Trying to open the hw design at D:/Work/projects/zybo_z7_projects/DD_RF/vitis/RFsender_platform/hw/topSystem.xsa
TRACE::2026-08-02.14:02:14::SCWPlatform::DSA given D:/Work/projects/zybo_z7_projects/DD_RF/vitis/RFsender_platform/hw/topSystem.xsa
TRACE::2026-08-02.14:02:14::SCWPlatform::DSA absoulate path D:/Work/projects/zybo_z7_projects/DD_RF/vitis/RFsender_platform/hw/topSystem.xsa
TRACE::2026-08-02.14:02:14::SCWPlatform::DSA directory D:/Work/projects/zybo_z7_projects/DD_RF/vitis/RFsender_platform/hw
TRACE::2026-08-02.14:02:14::SCWPlatform:: Platform Path D:/Work/projects/zybo_z7_projects/DD_RF/vitis/RFsender_platform/hw/topSystem.xsa
TRACE::2026-08-02.14:02:14::SCWPlatform:: Unique name xilinx:zybo-z7-10::0.0
TRACE::2026-08-02.14:02:14::SCWPlatform::Trying to set the existing hwdb with name topSystem_2
TRACE::2026-08-02.14:02:14::SCWPlatform::Opened existing hwdb topSystem_2
TRACE::2026-08-02.14:02:14::SCWPlatform::Found the Hw Db part of the input DSA
TRACE::2026-08-02.14:02:14::SCWMssOS::Checking the sw design at  D:/Work/projects/zybo_z7_projects/DD_RF/vitis/RFsender_platform/ps7_cortexa9_0/standalone_domain/bsp/system.mss
TRACE::2026-08-02.14:02:14::SCWMssOS::DEBUG:  swdes dump  D:/Work/projects/zybo_z7_projects/DD_RF/vitis/RFsender_platform/ps7_cortexa9_0/standalone_domain/bsp/system.mss|system_0||
D:/Work/projects/zybo_z7_projects/DD_RF/vitis/RFsender_platform/zynq_fsbl/zynq_fsbl_bsp/system.mss|system||

TRACE::2026-08-02.14:02:14::SCWMssOS::Sw design exists and opened at  D:/Work/projects/zybo_z7_projects/DD_RF/vitis/RFsender_platform/ps7_cortexa9_0/standalone_domain/bsp/system.mss
TRACE::2026-08-02.14:02:14::SCWPlatform::Trying to open the hw design at D:/Work/projects/zybo_z7_projects/DD_RF/vitis/RFsender_platform/hw/topSystem.xsa
TRACE::2026-08-02.14:02:14::SCWPlatform::DSA given D:/Work/projects/zybo_z7_projects/DD_RF/vitis/RFsender_platform/hw/topSystem.xsa
TRACE::2026-08-02.14:02:14::SCWPlatform::DSA absoulate path D:/Work/projects/zybo_z7_projects/DD_RF/vitis/RFsender_platform/hw/topSystem.xsa
TRACE::2026-08-02.14:02:14::SCWPlatform::DSA directory D:/Work/projects/zybo_z7_projects/DD_RF/vitis/RFsender_platform/hw
TRACE::2026-08-02.14:02:14::SCWPlatform:: Platform Path D:/Work/projects/zybo_z7_projects/DD_RF/vitis/RFsender_platform/hw/topSystem.xsa
TRACE::2026-08-02.14:02:14::SCWPlatform:: Unique name xilinx:zybo-z7-10::0.0
TRACE::2026-08-02.14:02:14::SCWPlatform::Trying to set the existing hwdb with name topSystem_2
TRACE::2026-08-02.14:02:14::SCWPlatform::Opened existing hwdb topSystem_2
TRACE::2026-08-02.14:02:14::SCWPlatform::Found the Hw Db part of the input DSA
TRACE::2026-08-02.14:02:14::SCWMssOS::Checking the sw design at  D:/Work/projects/zybo_z7_projects/DD_RF/vitis/RFsender_platform/ps7_cortexa9_0/standalone_domain/bsp/system.mss
TRACE::2026-08-02.14:02:14::SCWMssOS::DEBUG:  swdes dump  D:/Work/projects/zybo_z7_projects/DD_RF/vitis/RFsender_platform/ps7_cortexa9_0/standalone_domain/bsp/system.mss|system_0||
D:/Work/projects/zybo_z7_projects/DD_RF/vitis/RFsender_platform/zynq_fsbl/zynq_fsbl_bsp/system.mss|system||

TRACE::2026-08-02.14:02:14::SCWMssOS::Sw design exists and opened at  D:/Work/projects/zybo_z7_projects/DD_RF/vitis/RFsender_platform/ps7_cortexa9_0/standalone_domain/bsp/system.mss
TRACE::2026-08-02.14:02:14::SCWWriter::formatted JSON is {
	"platformName":	"RFsender_platform",
	"sprVersion":	"2.0",
	"mode":	"gui",
	"dsaType":	"Fixed",
	"platformDesc":	"RFsender_platform",
	"platHandOff":	"D:/Work/projects/zybo_z7_projects/DD_RF/vivado/project_1/topSystem.xsa",
	"platIntHandOff":	"<platformDir>/hw/topSystem.xsa",
	"deviceType":	"zynq",
	"platIsPrebuiltAutogen":	"false",
	"platIsNoBootBsp":	"false",
	"platFsblTarget":	"ps7_cortexa9_0",
	"hasFsblMakeHasChanges":	"false",
	"hasPmufwMakeHasChanges":	"false",
	"fsblExtraCompilerFlags":	"-MMD -MP       -mcpu=cortex-a9 -mfpu=vfpv3 -mfloat-abi=hard ",
	"platPreBuiltFlag":	false,
	"platformSamplesDir":	"",
	"platActiveSys":	"RFsender_platform",
	"systems":	[{
			"systemName":	"RFsender_platform",
			"systemDesc":	"RFsender_platform",
			"sysIsBootAutoGen":	"true",
			"systemDispName":	"RFsender_platform",
			"sysActiveDom":	"standalone_domain",
			"sysDefaultDom":	"standalone_domain",
			"domains":	[{
					"domainName":	"zynq_fsbl",
					"domainDispName":	"zynq_fsbl",
					"domainDesc":	"FSBL Application BSP - Auto Generated.",
					"processors":	"ps7_cortexa9_0",
					"os":	"standalone",
					"sdxOs":	"standalone",
					"debugEnable":	"",
					"domRuntimes":	["cpp"],
					"swRepo":	"",
					"mssOsVer":	"9.2",
					"mssFile":	"",
					"md5Digest":	"30215168a6860ec346c5df07b875ca91",
					"compatibleApp":	"zynq_fsbl",
					"domType":	"bootDomain",
					"arch":	"32-bit",
					"appSettings":	{
						"appCompilerFlags":	"",
						"appLinkerFlags":	""
					},
					"addedLibs":	["xilffs:5.3", "xilrsa:1.8"],
					"libOptions":	{
						"libsContainingOptions":	[]
					},
					"prebuiltLibs":	{
						"prebuiltIncPath":	[],
						"prebuiltLibPath":	[]
					},
					"isolation":	{
					}
				}, {
					"domainName":	"standalone_domain",
					"domainDispName":	"standalone_domain",
					"domainDesc":	"standalone_domain",
					"processors":	"ps7_cortexa9_0",
					"os":	"standalone",
					"sdxOs":	"standalone",
					"qemuArgs":	"<platformDir>/resources/RFsender_platform/standalone_domain/qemu_args.txt",
					"qemuData":	"<platformDir>/resources/RFsender_platform/standalone_domain/qemu",
					"debugEnable":	"False",
					"domRuntimes":	["cpp"],
					"swRepo":	"",
					"mssOsVer":	"9.2",
					"mssFile":	"",
					"md5Digest":	"20d041a2ce1a20bcf22805213c4c6658",
					"compatibleApp":	"",
					"domType":	"mssDomain",
					"appSettings":	{
						"appCompilerFlags":	"",
						"appLinkerFlags":	""
					},
					"addedLibs":	[],
					"libOptions":	{
						"libsContainingOptions":	[]
					},
					"prebuiltLibs":	{
						"prebuiltIncPath":	[],
						"prebuiltLibPath":	[]
					},
					"isolation":	{
					}
				}]
		}]
}
KEYINFO::2026-08-02.14:02:14::SCWPlatform::updated the xpfm file.
TRACE::2026-08-02.14:02:14::SCWPlatform::Trying to open the hw design at D:/Work/projects/zybo_z7_projects/DD_RF/vitis/RFsender_platform/hw/topSystem.xsa
TRACE::2026-08-02.14:02:14::SCWPlatform::DSA given D:/Work/projects/zybo_z7_projects/DD_RF/vitis/RFsender_platform/hw/topSystem.xsa
TRACE::2026-08-02.14:02:14::SCWPlatform::DSA absoulate path D:/Work/projects/zybo_z7_projects/DD_RF/vitis/RFsender_platform/hw/topSystem.xsa
TRACE::2026-08-02.14:02:14::SCWPlatform::DSA directory D:/Work/projects/zybo_z7_projects/DD_RF/vitis/RFsender_platform/hw
TRACE::2026-08-02.14:02:14::SCWPlatform:: Platform Path D:/Work/projects/zybo_z7_projects/DD_RF/vitis/RFsender_platform/hw/topSystem.xsa
TRACE::2026-08-02.14:02:14::SCWPlatform:: Unique name xilinx:zybo-z7-10::0.0
TRACE::2026-08-02.14:02:14::SCWPlatform::Trying to set the existing hwdb with name topSystem_2
TRACE::2026-08-02.14:02:14::SCWPlatform::Opened existing hwdb topSystem_2
TRACE::2026-08-02.14:02:14::SCWPlatform::Found the Hw Db part of the input DSA
TRACE::2026-08-02.14:02:14::SCWMssOS::Checking the sw design at  D:/Work/projects/zybo_z7_projects/DD_RF/vitis/RFsender_platform/ps7_cortexa9_0/standalone_domain/bsp/system.mss
TRACE::2026-08-02.14:02:14::SCWMssOS::DEBUG:  swdes dump  D:/Work/projects/zybo_z7_projects/DD_RF/vitis/RFsender_platform/ps7_cortexa9_0/standalone_domain/bsp/system.mss|system_0||
D:/Work/projects/zybo_z7_projects/DD_RF/vitis/RFsender_platform/zynq_fsbl/zynq_fsbl_bsp/system.mss|system||

TRACE::2026-08-02.14:02:14::SCWMssOS::Sw design exists and opened at  D:/Work/projects/zybo_z7_projects/DD_RF/vitis/RFsender_platform/ps7_cortexa9_0/standalone_domain/bsp/system.mss
TRACE::2026-08-02.14:02:14::SCWMssOS::Saving the mss changes D:/Work/projects/zybo_z7_projects/DD_RF/vitis/RFsender_platform/zynq_fsbl/zynq_fsbl_bsp/system.mss
TRACE::2026-08-02.14:02:14::SCWMssOS::Found a swdesign opened with the mssfile.
TRACE::2026-08-02.14:02:14::SCWMssOS::Completed writemss as part of save.
TRACE::2026-08-02.14:02:14::SCWMssOS::Commit changes completed.
TRACE::2026-08-02.14:02:14::SCWMssOS::Saving the mss changes D:/Work/projects/zybo_z7_projects/DD_RF/vitis/RFsender_platform/ps7_cortexa9_0/standalone_domain/bsp/system.mss
TRACE::2026-08-02.14:02:14::SCWMssOS::Found a swdesign opened with the mssfile.
TRACE::2026-08-02.14:02:14::SCWMssOS::Completed writemss as part of save.
TRACE::2026-08-02.14:02:14::SCWMssOS::Commit changes completed.
TRACE::2026-08-02.14:02:14::SCWPlatform::Trying to open the hw design at D:/Work/projects/zybo_z7_projects/DD_RF/vitis/RFsender_platform/hw/topSystem.xsa
TRACE::2026-08-02.14:02:14::SCWPlatform::DSA given D:/Work/projects/zybo_z7_projects/DD_RF/vitis/RFsender_platform/hw/topSystem.xsa
TRACE::2026-08-02.14:02:14::SCWPlatform::DSA absoulate path D:/Work/projects/zybo_z7_projects/DD_RF/vitis/RFsender_platform/hw/topSystem.xsa
TRACE::2026-08-02.14:02:14::SCWPlatform::DSA directory D:/Work/projects/zybo_z7_projects/DD_RF/vitis/RFsender_platform/hw
TRACE::2026-08-02.14:02:14::SCWPlatform:: Platform Path D:/Work/projects/zybo_z7_projects/DD_RF/vitis/RFsender_platform/hw/topSystem.xsa
TRACE::2026-08-02.14:02:14::SCWPlatform:: Unique name xilinx:zybo-z7-10::0.0
TRACE::2026-08-02.14:02:14::SCWPlatform::Trying to set the existing hwdb with name topSystem_2
TRACE::2026-08-02.14:02:14::SCWPlatform::Opened existing hwdb topSystem_2
TRACE::2026-08-02.14:02:14::SCWPlatform::Found the Hw Db part of the input DSA
TRACE::2026-08-02.14:02:14::SCWMssOS::Checking the sw design at  D:/Work/projects/zybo_z7_projects/DD_RF/vitis/RFsender_platform/zynq_fsbl/zynq_fsbl_bsp/system.mss
TRACE::2026-08-02.14:02:14::SCWMssOS::DEBUG:  swdes dump  D:/Work/projects/zybo_z7_projects/DD_RF/vitis/RFsender_platform/ps7_cortexa9_0/standalone_domain/bsp/system.mss|system_0||
D:/Work/projects/zybo_z7_projects/DD_RF/vitis/RFsender_platform/zynq_fsbl/zynq_fsbl_bsp/system.mss|system||

TRACE::2026-08-02.14:02:14::SCWMssOS::Sw design exists and opened at  D:/Work/projects/zybo_z7_projects/DD_RF/vitis/RFsender_platform/zynq_fsbl/zynq_fsbl_bsp/system.mss
TRACE::2026-08-02.14:02:14::SCWPlatform::Trying to open the hw design at D:/Work/projects/zybo_z7_projects/DD_RF/vitis/RFsender_platform/hw/topSystem.xsa
TRACE::2026-08-02.14:02:14::SCWPlatform::DSA given D:/Work/projects/zybo_z7_projects/DD_RF/vitis/RFsender_platform/hw/topSystem.xsa
TRACE::2026-08-02.14:02:14::SCWPlatform::DSA absoulate path D:/Work/projects/zybo_z7_projects/DD_RF/vitis/RFsender_platform/hw/topSystem.xsa
TRACE::2026-08-02.14:02:14::SCWPlatform::DSA directory D:/Work/projects/zybo_z7_projects/DD_RF/vitis/RFsender_platform/hw
TRACE::2026-08-02.14:02:14::SCWPlatform:: Platform Path D:/Work/projects/zybo_z7_projects/DD_RF/vitis/RFsender_platform/hw/topSystem.xsa
TRACE::2026-08-02.14:02:14::SCWPlatform:: Unique name xilinx:zybo-z7-10::0.0
TRACE::2026-08-02.14:02:14::SCWPlatform::Trying to set the existing hwdb with name topSystem_2
TRACE::2026-08-02.14:02:14::SCWPlatform::Opened existing hwdb topSystem_2
TRACE::2026-08-02.14:02:14::SCWPlatform::Found the Hw Db part of the input DSA
TRACE::2026-08-02.14:02:14::SCWMssOS::Checking the sw design at  D:/Work/projects/zybo_z7_projects/DD_RF/vitis/RFsender_platform/zynq_fsbl/zynq_fsbl_bsp/system.mss
TRACE::2026-08-02.14:02:14::SCWMssOS::DEBUG:  swdes dump  D:/Work/projects/zybo_z7_projects/DD_RF/vitis/RFsender_platform/ps7_cortexa9_0/standalone_domain/bsp/system.mss|system_0||
D:/Work/projects/zybo_z7_projects/DD_RF/vitis/RFsender_platform/zynq_fsbl/zynq_fsbl_bsp/system.mss|system||

TRACE::2026-08-02.14:02:14::SCWMssOS::Sw design exists and opened at  D:/Work/projects/zybo_z7_projects/DD_RF/vitis/RFsender_platform/zynq_fsbl/zynq_fsbl_bsp/system.mss
TRACE::2026-08-02.14:02:14::SCWPlatform::Trying to open the hw design at D:/Work/projects/zybo_z7_projects/DD_RF/vitis/RFsender_platform/hw/topSystem.xsa
TRACE::2026-08-02.14:02:14::SCWPlatform::DSA given D:/Work/projects/zybo_z7_projects/DD_RF/vitis/RFsender_platform/hw/topSystem.xsa
TRACE::2026-08-02.14:02:14::SCWPlatform::DSA absoulate path D:/Work/projects/zybo_z7_projects/DD_RF/vitis/RFsender_platform/hw/topSystem.xsa
TRACE::2026-08-02.14:02:14::SCWPlatform::DSA directory D:/Work/projects/zybo_z7_projects/DD_RF/vitis/RFsender_platform/hw
TRACE::2026-08-02.14:02:14::SCWPlatform:: Platform Path D:/Work/projects/zybo_z7_projects/DD_RF/vitis/RFsender_platform/hw/topSystem.xsa
TRACE::2026-08-02.14:02:14::SCWPlatform:: Unique name xilinx:zybo-z7-10::0.0
TRACE::2026-08-02.14:02:14::SCWPlatform::Trying to set the existing hwdb with name topSystem_2
TRACE::2026-08-02.14:02:14::SCWPlatform::Opened existing hwdb topSystem_2
TRACE::2026-08-02.14:02:14::SCWPlatform::Found the Hw Db part of the input DSA
TRACE::2026-08-02.14:02:14::SCWMssOS::Checking the sw design at  D:/Work/projects/zybo_z7_projects/DD_RF/vitis/RFsender_platform/zynq_fsbl/zynq_fsbl_bsp/system.mss
TRACE::2026-08-02.14:02:14::SCWMssOS::DEBUG:  swdes dump  D:/Work/projects/zybo_z7_projects/DD_RF/vitis/RFsender_platform/ps7_cortexa9_0/standalone_domain/bsp/system.mss|system_0||
D:/Work/projects/zybo_z7_projects/DD_RF/vitis/RFsender_platform/zynq_fsbl/zynq_fsbl_bsp/system.mss|system||

TRACE::2026-08-02.14:02:14::SCWMssOS::Sw design exists and opened at  D:/Work/projects/zybo_z7_projects/DD_RF/vitis/RFsender_platform/zynq_fsbl/zynq_fsbl_bsp/system.mss
TRACE::2026-08-02.14:02:14::SCWPlatform::Trying to open the hw design at D:/Work/projects/zybo_z7_projects/DD_RF/vitis/RFsender_platform/hw/topSystem.xsa
TRACE::2026-08-02.14:02:14::SCWPlatform::DSA given D:/Work/projects/zybo_z7_projects/DD_RF/vitis/RFsender_platform/hw/topSystem.xsa
TRACE::2026-08-02.14:02:14::SCWPlatform::DSA absoulate path D:/Work/projects/zybo_z7_projects/DD_RF/vitis/RFsender_platform/hw/topSystem.xsa
TRACE::2026-08-02.14:02:14::SCWPlatform::DSA directory D:/Work/projects/zybo_z7_projects/DD_RF/vitis/RFsender_platform/hw
TRACE::2026-08-02.14:02:14::SCWPlatform:: Platform Path D:/Work/projects/zybo_z7_projects/DD_RF/vitis/RFsender_platform/hw/topSystem.xsa
TRACE::2026-08-02.14:02:14::SCWPlatform:: Unique name xilinx:zybo-z7-10::0.0
TRACE::2026-08-02.14:02:14::SCWPlatform::Trying to set the existing hwdb with name topSystem_2
TRACE::2026-08-02.14:02:14::SCWPlatform::Opened existing hwdb topSystem_2
TRACE::2026-08-02.14:02:14::SCWPlatform::Found the Hw Db part of the input DSA
TRACE::2026-08-02.14:02:14::SCWMssOS::Checking the sw design at  D:/Work/projects/zybo_z7_projects/DD_RF/vitis/RFsender_platform/ps7_cortexa9_0/standalone_domain/bsp/system.mss
TRACE::2026-08-02.14:02:14::SCWMssOS::DEBUG:  swdes dump  D:/Work/projects/zybo_z7_projects/DD_RF/vitis/RFsender_platform/ps7_cortexa9_0/standalone_domain/bsp/system.mss|system_0||
D:/Work/projects/zybo_z7_projects/DD_RF/vitis/RFsender_platform/zynq_fsbl/zynq_fsbl_bsp/system.mss|system||

TRACE::2026-08-02.14:02:14::SCWMssOS::Sw design exists and opened at  D:/Work/projects/zybo_z7_projects/DD_RF/vitis/RFsender_platform/ps7_cortexa9_0/standalone_domain/bsp/system.mss
TRACE::2026-08-02.14:02:14::SCWPlatform::Trying to open the hw design at D:/Work/projects/zybo_z7_projects/DD_RF/vitis/RFsender_platform/hw/topSystem.xsa
TRACE::2026-08-02.14:02:14::SCWPlatform::DSA given D:/Work/projects/zybo_z7_projects/DD_RF/vitis/RFsender_platform/hw/topSystem.xsa
TRACE::2026-08-02.14:02:14::SCWPlatform::DSA absoulate path D:/Work/projects/zybo_z7_projects/DD_RF/vitis/RFsender_platform/hw/topSystem.xsa
TRACE::2026-08-02.14:02:14::SCWPlatform::DSA directory D:/Work/projects/zybo_z7_projects/DD_RF/vitis/RFsender_platform/hw
TRACE::2026-08-02.14:02:14::SCWPlatform:: Platform Path D:/Work/projects/zybo_z7_projects/DD_RF/vitis/RFsender_platform/hw/topSystem.xsa
TRACE::2026-08-02.14:02:14::SCWPlatform:: Unique name xilinx:zybo-z7-10::0.0
TRACE::2026-08-02.14:02:14::SCWPlatform::Trying to set the existing hwdb with name topSystem_2
TRACE::2026-08-02.14:02:14::SCWPlatform::Opened existing hwdb topSystem_2
TRACE::2026-08-02.14:02:14::SCWPlatform::Found the Hw Db part of the input DSA
TRACE::2026-08-02.14:02:14::SCWMssOS::Checking the sw design at  D:/Work/projects/zybo_z7_projects/DD_RF/vitis/RFsender_platform/ps7_cortexa9_0/standalone_domain/bsp/system.mss
TRACE::2026-08-02.14:02:14::SCWMssOS::DEBUG:  swdes dump  D:/Work/projects/zybo_z7_projects/DD_RF/vitis/RFsender_platform/ps7_cortexa9_0/standalone_domain/bsp/system.mss|system_0||
D:/Work/projects/zybo_z7_projects/DD_RF/vitis/RFsender_platform/zynq_fsbl/zynq_fsbl_bsp/system.mss|system||

TRACE::2026-08-02.14:02:14::SCWMssOS::Sw design exists and opened at  D:/Work/projects/zybo_z7_projects/DD_RF/vitis/RFsender_platform/ps7_cortexa9_0/standalone_domain/bsp/system.mss
TRACE::2026-08-02.14:02:14::SCWPlatform::Trying to open the hw design at D:/Work/projects/zybo_z7_projects/DD_RF/vitis/RFsender_platform/hw/topSystem.xsa
TRACE::2026-08-02.14:02:14::SCWPlatform::DSA given D:/Work/projects/zybo_z7_projects/DD_RF/vitis/RFsender_platform/hw/topSystem.xsa
TRACE::2026-08-02.14:02:14::SCWPlatform::DSA absoulate path D:/Work/projects/zybo_z7_projects/DD_RF/vitis/RFsender_platform/hw/topSystem.xsa
TRACE::2026-08-02.14:02:14::SCWPlatform::DSA directory D:/Work/projects/zybo_z7_projects/DD_RF/vitis/RFsender_platform/hw
TRACE::2026-08-02.14:02:14::SCWPlatform:: Platform Path D:/Work/projects/zybo_z7_projects/DD_RF/vitis/RFsender_platform/hw/topSystem.xsa
TRACE::2026-08-02.14:02:14::SCWPlatform:: Unique name xilinx:zybo-z7-10::0.0
TRACE::2026-08-02.14:02:14::SCWPlatform::Trying to set the existing hwdb with name topSystem_2
TRACE::2026-08-02.14:02:14::SCWPlatform::Opened existing hwdb topSystem_2
TRACE::2026-08-02.14:02:14::SCWPlatform::Found the Hw Db part of the input DSA
TRACE::2026-08-02.14:02:14::SCWMssOS::Checking the sw design at  D:/Work/projects/zybo_z7_projects/DD_RF/vitis/RFsender_platform/ps7_cortexa9_0/standalone_domain/bsp/system.mss
TRACE::2026-08-02.14:02:14::SCWMssOS::DEBUG:  swdes dump  D:/Work/projects/zybo_z7_projects/DD_RF/vitis/RFsender_platform/ps7_cortexa9_0/standalone_domain/bsp/system.mss|system_0||
D:/Work/projects/zybo_z7_projects/DD_RF/vitis/RFsender_platform/zynq_fsbl/zynq_fsbl_bsp/system.mss|system||

TRACE::2026-08-02.14:02:14::SCWMssOS::Sw design exists and opened at  D:/Work/projects/zybo_z7_projects/DD_RF/vitis/RFsender_platform/ps7_cortexa9_0/standalone_domain/bsp/system.mss
TRACE::2026-08-02.14:02:14::SCWWriter::formatted JSON is {
	"platformName":	"RFsender_platform",
	"sprVersion":	"2.0",
	"mode":	"gui",
	"dsaType":	"Fixed",
	"platformDesc":	"RFsender_platform",
	"platHandOff":	"D:/Work/projects/zybo_z7_projects/DD_RF/vivado/project_1/topSystem.xsa",
	"platIntHandOff":	"<platformDir>/hw/topSystem.xsa",
	"deviceType":	"zynq",
	"platIsPrebuiltAutogen":	"false",
	"platIsNoBootBsp":	"false",
	"platFsblTarget":	"ps7_cortexa9_0",
	"hasFsblMakeHasChanges":	"false",
	"hasPmufwMakeHasChanges":	"false",
	"fsblExtraCompilerFlags":	"-MMD -MP       -mcpu=cortex-a9 -mfpu=vfpv3 -mfloat-abi=hard ",
	"platPreBuiltFlag":	false,
	"platformSamplesDir":	"",
	"platActiveSys":	"RFsender_platform",
	"systems":	[{
			"systemName":	"RFsender_platform",
			"systemDesc":	"RFsender_platform",
			"sysIsBootAutoGen":	"true",
			"systemDispName":	"RFsender_platform",
			"sysActiveDom":	"standalone_domain",
			"sysDefaultDom":	"standalone_domain",
			"domains":	[{
					"domainName":	"zynq_fsbl",
					"domainDispName":	"zynq_fsbl",
					"domainDesc":	"FSBL Application BSP - Auto Generated.",
					"processors":	"ps7_cortexa9_0",
					"os":	"standalone",
					"sdxOs":	"standalone",
					"debugEnable":	"",
					"domRuntimes":	["cpp"],
					"swRepo":	"",
					"mssOsVer":	"9.2",
					"mssFile":	"",
					"md5Digest":	"30215168a6860ec346c5df07b875ca91",
					"compatibleApp":	"zynq_fsbl",
					"domType":	"bootDomain",
					"arch":	"32-bit",
					"appSettings":	{
						"appCompilerFlags":	"",
						"appLinkerFlags":	""
					},
					"addedLibs":	["xilffs:5.3", "xilrsa:1.8"],
					"libOptions":	{
						"libsContainingOptions":	[]
					},
					"prebuiltLibs":	{
						"prebuiltIncPath":	[],
						"prebuiltLibPath":	[]
					},
					"isolation":	{
					}
				}, {
					"domainName":	"standalone_domain",
					"domainDispName":	"standalone_domain",
					"domainDesc":	"standalone_domain",
					"processors":	"ps7_cortexa9_0",
					"os":	"standalone",
					"sdxOs":	"standalone",
					"qemuArgs":	"<platformDir>/resources/RFsender_platform/standalone_domain/qemu_args.txt",
					"qemuData":	"<platformDir>/resources/RFsender_platform/standalone_domain/qemu",
					"debugEnable":	"False",
					"domRuntimes":	["cpp"],
					"swRepo":	"",
					"mssOsVer":	"9.2",
					"mssFile":	"",
					"md5Digest":	"20d041a2ce1a20bcf22805213c4c6658",
					"compatibleApp":	"",
					"domType":	"mssDomain",
					"appSettings":	{
						"appCompilerFlags":	"",
						"appLinkerFlags":	""
					},
					"addedLibs":	[],
					"libOptions":	{
						"libsContainingOptions":	[]
					},
					"prebuiltLibs":	{
						"prebuiltIncPath":	[],
						"prebuiltLibPath":	[]
					},
					"isolation":	{
					}
				}]
		}]
}
TRACE::2026-08-02.14:02:14::SCWPlatform::Trying to open the hw design at D:/Work/projects/zybo_z7_projects/DD_RF/vitis/RFsender_platform/hw/topSystem.xsa
TRACE::2026-08-02.14:02:14::SCWPlatform::DSA given D:/Work/projects/zybo_z7_projects/DD_RF/vitis/RFsender_platform/hw/topSystem.xsa
TRACE::2026-08-02.14:02:14::SCWPlatform::DSA absoulate path D:/Work/projects/zybo_z7_projects/DD_RF/vitis/RFsender_platform/hw/topSystem.xsa
TRACE::2026-08-02.14:02:14::SCWPlatform::DSA directory D:/Work/projects/zybo_z7_projects/DD_RF/vitis/RFsender_platform/hw
TRACE::2026-08-02.14:02:14::SCWPlatform:: Platform Path D:/Work/projects/zybo_z7_projects/DD_RF/vitis/RFsender_platform/hw/topSystem.xsa
TRACE::2026-08-02.14:02:14::SCWPlatform:: Unique name xilinx:zybo-z7-10::0.0
TRACE::2026-08-02.14:02:14::SCWPlatform::Trying to set the existing hwdb with name topSystem_2
TRACE::2026-08-02.14:02:14::SCWPlatform::Opened existing hwdb topSystem_2
TRACE::2026-08-02.14:02:14::SCWPlatform::Found the Hw Db part of the input DSA
TRACE::2026-08-02.14:02:14::SCWMssOS::Checking the sw design at  D:/Work/projects/zybo_z7_projects/DD_RF/vitis/RFsender_platform/ps7_cortexa9_0/standalone_domain/bsp/system.mss
TRACE::2026-08-02.14:02:14::SCWMssOS::DEBUG:  swdes dump  D:/Work/projects/zybo_z7_projects/DD_RF/vitis/RFsender_platform/ps7_cortexa9_0/standalone_domain/bsp/system.mss|system_0||
D:/Work/projects/zybo_z7_projects/DD_RF/vitis/RFsender_platform/zynq_fsbl/zynq_fsbl_bsp/system.mss|system||

TRACE::2026-08-02.14:02:14::SCWMssOS::Sw design exists and opened at  D:/Work/projects/zybo_z7_projects/DD_RF/vitis/RFsender_platform/ps7_cortexa9_0/standalone_domain/bsp/system.mss
TRACE::2026-08-02.14:02:14::SCWPlatform::Trying to open the hw design at D:/Work/projects/zybo_z7_projects/DD_RF/vitis/RFsender_platform/hw/topSystem.xsa
TRACE::2026-08-02.14:02:14::SCWPlatform::DSA given D:/Work/projects/zybo_z7_projects/DD_RF/vitis/RFsender_platform/hw/topSystem.xsa
TRACE::2026-08-02.14:02:14::SCWPlatform::DSA absoulate path D:/Work/projects/zybo_z7_projects/DD_RF/vitis/RFsender_platform/hw/topSystem.xsa
TRACE::2026-08-02.14:02:14::SCWPlatform::DSA directory D:/Work/projects/zybo_z7_projects/DD_RF/vitis/RFsender_platform/hw
TRACE::2026-08-02.14:02:14::SCWPlatform:: Platform Path D:/Work/projects/zybo_z7_projects/DD_RF/vitis/RFsender_platform/hw/topSystem.xsa
TRACE::2026-08-02.14:02:14::SCWPlatform:: Unique name xilinx:zybo-z7-10::0.0
TRACE::2026-08-02.14:02:14::SCWPlatform::Trying to set the existing hwdb with name topSystem_2
TRACE::2026-08-02.14:02:14::SCWPlatform::Opened existing hwdb topSystem_2
TRACE::2026-08-02.14:02:14::SCWPlatform::Found the Hw Db part of the input DSA
TRACE::2026-08-02.14:02:14::SCWMssOS::Checking the sw design at  D:/Work/projects/zybo_z7_projects/DD_RF/vitis/RFsender_platform/ps7_cortexa9_0/standalone_domain/bsp/system.mss
TRACE::2026-08-02.14:02:14::SCWMssOS::DEBUG:  swdes dump  D:/Work/projects/zybo_z7_projects/DD_RF/vitis/RFsender_platform/ps7_cortexa9_0/standalone_domain/bsp/system.mss|system_0||
D:/Work/projects/zybo_z7_projects/DD_RF/vitis/RFsender_platform/zynq_fsbl/zynq_fsbl_bsp/system.mss|system||

TRACE::2026-08-02.14:02:14::SCWMssOS::Sw design exists and opened at  D:/Work/projects/zybo_z7_projects/DD_RF/vitis/RFsender_platform/ps7_cortexa9_0/standalone_domain/bsp/system.mss
TRACE::2026-08-02.14:02:14::SCWPlatform::Trying to open the hw design at D:/Work/projects/zybo_z7_projects/DD_RF/vitis/RFsender_platform/hw/topSystem.xsa
TRACE::2026-08-02.14:02:14::SCWPlatform::DSA given D:/Work/projects/zybo_z7_projects/DD_RF/vitis/RFsender_platform/hw/topSystem.xsa
TRACE::2026-08-02.14:02:14::SCWPlatform::DSA absoulate path D:/Work/projects/zybo_z7_projects/DD_RF/vitis/RFsender_platform/hw/topSystem.xsa
TRACE::2026-08-02.14:02:14::SCWPlatform::DSA directory D:/Work/projects/zybo_z7_projects/DD_RF/vitis/RFsender_platform/hw
TRACE::2026-08-02.14:02:14::SCWPlatform:: Platform Path D:/Work/projects/zybo_z7_projects/DD_RF/vitis/RFsender_platform/hw/topSystem.xsa
TRACE::2026-08-02.14:02:14::SCWPlatform:: Unique name xilinx:zybo-z7-10::0.0
TRACE::2026-08-02.14:02:14::SCWPlatform::Trying to set the existing hwdb with name topSystem_2
TRACE::2026-08-02.14:02:14::SCWPlatform::Opened existing hwdb topSystem_2
TRACE::2026-08-02.14:02:14::SCWPlatform::Found the Hw Db part of the input DSA
TRACE::2026-08-02.14:02:14::SCWMssOS::Checking the sw design at  D:/Work/projects/zybo_z7_projects/DD_RF/vitis/RFsender_platform/ps7_cortexa9_0/standalone_domain/bsp/system.mss
TRACE::2026-08-02.14:02:14::SCWMssOS::DEBUG:  swdes dump  D:/Work/projects/zybo_z7_projects/DD_RF/vitis/RFsender_platform/ps7_cortexa9_0/standalone_domain/bsp/system.mss|system_0||
D:/Work/projects/zybo_z7_projects/DD_RF/vitis/RFsender_platform/zynq_fsbl/zynq_fsbl_bsp/system.mss|system||

TRACE::2026-08-02.14:02:14::SCWMssOS::Sw design exists and opened at  D:/Work/projects/zybo_z7_projects/DD_RF/vitis/RFsender_platform/ps7_cortexa9_0/standalone_domain/bsp/system.mss
TRACE::2026-08-02.14:02:14::SCWMssOS::Saving the mss changes D:/Work/projects/zybo_z7_projects/DD_RF/vitis/RFsender_platform/zynq_fsbl/zynq_fsbl_bsp/system.mss
TRACE::2026-08-02.14:02:14::SCWMssOS::Found a swdesign opened with the mssfile.
TRACE::2026-08-02.14:02:14::SCWMssOS::Completed writemss as part of save.
TRACE::2026-08-02.14:02:14::SCWMssOS::Commit changes completed.
TRACE::2026-08-02.14:02:14::SCWMssOS::Saving the mss changes D:/Work/projects/zybo_z7_projects/DD_RF/vitis/RFsender_platform/ps7_cortexa9_0/standalone_domain/bsp/system.mss
TRACE::2026-08-02.14:02:14::SCWMssOS::Found a swdesign opened with the mssfile.
TRACE::2026-08-02.14:02:14::SCWMssOS::Completed writemss as part of save.
TRACE::2026-08-02.14:02:14::SCWMssOS::Commit changes completed.
TRACE::2026-08-02.14:02:14::SCWPlatform::Trying to open the hw design at D:/Work/projects/zybo_z7_projects/DD_RF/vitis/RFsender_platform/hw/topSystem.xsa
TRACE::2026-08-02.14:02:14::SCWPlatform::DSA given D:/Work/projects/zybo_z7_projects/DD_RF/vitis/RFsender_platform/hw/topSystem.xsa
TRACE::2026-08-02.14:02:14::SCWPlatform::DSA absoulate path D:/Work/projects/zybo_z7_projects/DD_RF/vitis/RFsender_platform/hw/topSystem.xsa
TRACE::2026-08-02.14:02:14::SCWPlatform::DSA directory D:/Work/projects/zybo_z7_projects/DD_RF/vitis/RFsender_platform/hw
TRACE::2026-08-02.14:02:14::SCWPlatform:: Platform Path D:/Work/projects/zybo_z7_projects/DD_RF/vitis/RFsender_platform/hw/topSystem.xsa
TRACE::2026-08-02.14:02:14::SCWPlatform:: Unique name xilinx:zybo-z7-10::0.0
TRACE::2026-08-02.14:02:14::SCWPlatform::Trying to set the existing hwdb with name topSystem_2
TRACE::2026-08-02.14:02:14::SCWPlatform::Opened existing hwdb topSystem_2
TRACE::2026-08-02.14:02:14::SCWPlatform::Found the Hw Db part of the input DSA
TRACE::2026-08-02.14:02:14::SCWMssOS::Checking the sw design at  D:/Work/projects/zybo_z7_projects/DD_RF/vitis/RFsender_platform/zynq_fsbl/zynq_fsbl_bsp/system.mss
TRACE::2026-08-02.14:02:14::SCWMssOS::DEBUG:  swdes dump  D:/Work/projects/zybo_z7_projects/DD_RF/vitis/RFsender_platform/ps7_cortexa9_0/standalone_domain/bsp/system.mss|system_0||
D:/Work/projects/zybo_z7_projects/DD_RF/vitis/RFsender_platform/zynq_fsbl/zynq_fsbl_bsp/system.mss|system||

TRACE::2026-08-02.14:02:14::SCWMssOS::Sw design exists and opened at  D:/Work/projects/zybo_z7_projects/DD_RF/vitis/RFsender_platform/zynq_fsbl/zynq_fsbl_bsp/system.mss
TRACE::2026-08-02.14:02:14::SCWPlatform::Trying to open the hw design at D:/Work/projects/zybo_z7_projects/DD_RF/vitis/RFsender_platform/hw/topSystem.xsa
TRACE::2026-08-02.14:02:14::SCWPlatform::DSA given D:/Work/projects/zybo_z7_projects/DD_RF/vitis/RFsender_platform/hw/topSystem.xsa
TRACE::2026-08-02.14:02:14::SCWPlatform::DSA absoulate path D:/Work/projects/zybo_z7_projects/DD_RF/vitis/RFsender_platform/hw/topSystem.xsa
TRACE::2026-08-02.14:02:14::SCWPlatform::DSA directory D:/Work/projects/zybo_z7_projects/DD_RF/vitis/RFsender_platform/hw
TRACE::2026-08-02.14:02:14::SCWPlatform:: Platform Path D:/Work/projects/zybo_z7_projects/DD_RF/vitis/RFsender_platform/hw/topSystem.xsa
TRACE::2026-08-02.14:02:14::SCWPlatform:: Unique name xilinx:zybo-z7-10::0.0
TRACE::2026-08-02.14:02:14::SCWPlatform::Trying to set the existing hwdb with name topSystem_2
TRACE::2026-08-02.14:02:14::SCWPlatform::Opened existing hwdb topSystem_2
TRACE::2026-08-02.14:02:14::SCWPlatform::Found the Hw Db part of the input DSA
TRACE::2026-08-02.14:02:14::SCWMssOS::Checking the sw design at  D:/Work/projects/zybo_z7_projects/DD_RF/vitis/RFsender_platform/zynq_fsbl/zynq_fsbl_bsp/system.mss
TRACE::2026-08-02.14:02:14::SCWMssOS::DEBUG:  swdes dump  D:/Work/projects/zybo_z7_projects/DD_RF/vitis/RFsender_platform/ps7_cortexa9_0/standalone_domain/bsp/system.mss|system_0||
D:/Work/projects/zybo_z7_projects/DD_RF/vitis/RFsender_platform/zynq_fsbl/zynq_fsbl_bsp/system.mss|system||

TRACE::2026-08-02.14:02:14::SCWMssOS::Sw design exists and opened at  D:/Work/projects/zybo_z7_projects/DD_RF/vitis/RFsender_platform/zynq_fsbl/zynq_fsbl_bsp/system.mss
TRACE::2026-08-02.14:02:14::SCWPlatform::Trying to open the hw design at D:/Work/projects/zybo_z7_projects/DD_RF/vitis/RFsender_platform/hw/topSystem.xsa
TRACE::2026-08-02.14:02:14::SCWPlatform::DSA given D:/Work/projects/zybo_z7_projects/DD_RF/vitis/RFsender_platform/hw/topSystem.xsa
TRACE::2026-08-02.14:02:14::SCWPlatform::DSA absoulate path D:/Work/projects/zybo_z7_projects/DD_RF/vitis/RFsender_platform/hw/topSystem.xsa
TRACE::2026-08-02.14:02:14::SCWPlatform::DSA directory D:/Work/projects/zybo_z7_projects/DD_RF/vitis/RFsender_platform/hw
TRACE::2026-08-02.14:02:14::SCWPlatform:: Platform Path D:/Work/projects/zybo_z7_projects/DD_RF/vitis/RFsender_platform/hw/topSystem.xsa
TRACE::2026-08-02.14:02:14::SCWPlatform:: Unique name xilinx:zybo-z7-10::0.0
TRACE::2026-08-02.14:02:14::SCWPlatform::Trying to set the existing hwdb with name topSystem_2
TRACE::2026-08-02.14:02:14::SCWPlatform::Opened existing hwdb topSystem_2
TRACE::2026-08-02.14:02:14::SCWPlatform::Found the Hw Db part of the input DSA
TRACE::2026-08-02.14:02:14::SCWMssOS::Checking the sw design at  D:/Work/projects/zybo_z7_projects/DD_RF/vitis/RFsender_platform/zynq_fsbl/zynq_fsbl_bsp/system.mss
TRACE::2026-08-02.14:02:14::SCWMssOS::DEBUG:  swdes dump  D:/Work/projects/zybo_z7_projects/DD_RF/vitis/RFsender_platform/ps7_cortexa9_0/standalone_domain/bsp/system.mss|system_0||
D:/Work/projects/zybo_z7_projects/DD_RF/vitis/RFsender_platform/zynq_fsbl/zynq_fsbl_bsp/system.mss|system||

TRACE::2026-08-02.14:02:14::SCWMssOS::Sw design exists and opened at  D:/Work/projects/zybo_z7_projects/DD_RF/vitis/RFsender_platform/zynq_fsbl/zynq_fsbl_bsp/system.mss
TRACE::2026-08-02.14:02:14::SCWPlatform::Trying to open the hw design at D:/Work/projects/zybo_z7_projects/DD_RF/vitis/RFsender_platform/hw/topSystem.xsa
TRACE::2026-08-02.14:02:14::SCWPlatform::DSA given D:/Work/projects/zybo_z7_projects/DD_RF/vitis/RFsender_platform/hw/topSystem.xsa
TRACE::2026-08-02.14:02:14::SCWPlatform::DSA absoulate path D:/Work/projects/zybo_z7_projects/DD_RF/vitis/RFsender_platform/hw/topSystem.xsa
TRACE::2026-08-02.14:02:14::SCWPlatform::DSA directory D:/Work/projects/zybo_z7_projects/DD_RF/vitis/RFsender_platform/hw
TRACE::2026-08-02.14:02:14::SCWPlatform:: Platform Path D:/Work/projects/zybo_z7_projects/DD_RF/vitis/RFsender_platform/hw/topSystem.xsa
TRACE::2026-08-02.14:02:14::SCWPlatform:: Unique name xilinx:zybo-z7-10::0.0
TRACE::2026-08-02.14:02:14::SCWPlatform::Trying to set the existing hwdb with name topSystem_2
TRACE::2026-08-02.14:02:14::SCWPlatform::Opened existing hwdb topSystem_2
TRACE::2026-08-02.14:02:14::SCWPlatform::Found the Hw Db part of the input DSA
TRACE::2026-08-02.14:02:14::SCWMssOS::Checking the sw design at  D:/Work/projects/zybo_z7_projects/DD_RF/vitis/RFsender_platform/ps7_cortexa9_0/standalone_domain/bsp/system.mss
TRACE::2026-08-02.14:02:14::SCWMssOS::DEBUG:  swdes dump  D:/Work/projects/zybo_z7_projects/DD_RF/vitis/RFsender_platform/ps7_cortexa9_0/standalone_domain/bsp/system.mss|system_0||
D:/Work/projects/zybo_z7_projects/DD_RF/vitis/RFsender_platform/zynq_fsbl/zynq_fsbl_bsp/system.mss|system||

TRACE::2026-08-02.14:02:14::SCWMssOS::Sw design exists and opened at  D:/Work/projects/zybo_z7_projects/DD_RF/vitis/RFsender_platform/ps7_cortexa9_0/standalone_domain/bsp/system.mss
TRACE::2026-08-02.14:02:14::SCWPlatform::Trying to open the hw design at D:/Work/projects/zybo_z7_projects/DD_RF/vitis/RFsender_platform/hw/topSystem.xsa
TRACE::2026-08-02.14:02:14::SCWPlatform::DSA given D:/Work/projects/zybo_z7_projects/DD_RF/vitis/RFsender_platform/hw/topSystem.xsa
TRACE::2026-08-02.14:02:14::SCWPlatform::DSA absoulate path D:/Work/projects/zybo_z7_projects/DD_RF/vitis/RFsender_platform/hw/topSystem.xsa
TRACE::2026-08-02.14:02:14::SCWPlatform::DSA directory D:/Work/projects/zybo_z7_projects/DD_RF/vitis/RFsender_platform/hw
TRACE::2026-08-02.14:02:14::SCWPlatform:: Platform Path D:/Work/projects/zybo_z7_projects/DD_RF/vitis/RFsender_platform/hw/topSystem.xsa
TRACE::2026-08-02.14:02:14::SCWPlatform:: Unique name xilinx:zybo-z7-10::0.0
TRACE::2026-08-02.14:02:14::SCWPlatform::Trying to set the existing hwdb with name topSystem_2
TRACE::2026-08-02.14:02:14::SCWPlatform::Opened existing hwdb topSystem_2
TRACE::2026-08-02.14:02:14::SCWPlatform::Found the Hw Db part of the input DSA
TRACE::2026-08-02.14:02:14::SCWMssOS::Checking the sw design at  D:/Work/projects/zybo_z7_projects/DD_RF/vitis/RFsender_platform/ps7_cortexa9_0/standalone_domain/bsp/system.mss
TRACE::2026-08-02.14:02:14::SCWMssOS::DEBUG:  swdes dump  D:/Work/projects/zybo_z7_projects/DD_RF/vitis/RFsender_platform/ps7_cortexa9_0/standalone_domain/bsp/system.mss|system_0||
D:/Work/projects/zybo_z7_projects/DD_RF/vitis/RFsender_platform/zynq_fsbl/zynq_fsbl_bsp/system.mss|system||

TRACE::2026-08-02.14:02:14::SCWMssOS::Sw design exists and opened at  D:/Work/projects/zybo_z7_projects/DD_RF/vitis/RFsender_platform/ps7_cortexa9_0/standalone_domain/bsp/system.mss
TRACE::2026-08-02.14:02:14::SCWPlatform::Trying to open the hw design at D:/Work/projects/zybo_z7_projects/DD_RF/vitis/RFsender_platform/hw/topSystem.xsa
TRACE::2026-08-02.14:02:14::SCWPlatform::DSA given D:/Work/projects/zybo_z7_projects/DD_RF/vitis/RFsender_platform/hw/topSystem.xsa
TRACE::2026-08-02.14:02:14::SCWPlatform::DSA absoulate path D:/Work/projects/zybo_z7_projects/DD_RF/vitis/RFsender_platform/hw/topSystem.xsa
TRACE::2026-08-02.14:02:14::SCWPlatform::DSA directory D:/Work/projects/zybo_z7_projects/DD_RF/vitis/RFsender_platform/hw
TRACE::2026-08-02.14:02:14::SCWPlatform:: Platform Path D:/Work/projects/zybo_z7_projects/DD_RF/vitis/RFsender_platform/hw/topSystem.xsa
TRACE::2026-08-02.14:02:14::SCWPlatform:: Unique name xilinx:zybo-z7-10::0.0
TRACE::2026-08-02.14:02:14::SCWPlatform::Trying to set the existing hwdb with name topSystem_2
TRACE::2026-08-02.14:02:14::SCWPlatform::Opened existing hwdb topSystem_2
TRACE::2026-08-02.14:02:14::SCWPlatform::Found the Hw Db part of the input DSA
TRACE::2026-08-02.14:02:14::SCWMssOS::Checking the sw design at  D:/Work/projects/zybo_z7_projects/DD_RF/vitis/RFsender_platform/ps7_cortexa9_0/standalone_domain/bsp/system.mss
TRACE::2026-08-02.14:02:14::SCWMssOS::DEBUG:  swdes dump  D:/Work/projects/zybo_z7_projects/DD_RF/vitis/RFsender_platform/ps7_cortexa9_0/standalone_domain/bsp/system.mss|system_0||
D:/Work/projects/zybo_z7_projects/DD_RF/vitis/RFsender_platform/zynq_fsbl/zynq_fsbl_bsp/system.mss|system||

TRACE::2026-08-02.14:02:14::SCWMssOS::Sw design exists and opened at  D:/Work/projects/zybo_z7_projects/DD_RF/vitis/RFsender_platform/ps7_cortexa9_0/standalone_domain/bsp/system.mss
TRACE::2026-08-02.14:02:14::SCWWriter::formatted JSON is {
	"platformName":	"RFsender_platform",
	"sprVersion":	"2.0",
	"mode":	"gui",
	"dsaType":	"Fixed",
	"platformDesc":	"RFsender_platform",
	"platHandOff":	"D:/Work/projects/zybo_z7_projects/DD_RF/vivado/project_1/topSystem.xsa",
	"platIntHandOff":	"<platformDir>/hw/topSystem.xsa",
	"deviceType":	"zynq",
	"platIsPrebuiltAutogen":	"false",
	"platIsNoBootBsp":	"false",
	"platFsblTarget":	"ps7_cortexa9_0",
	"hasFsblMakeHasChanges":	"false",
	"hasPmufwMakeHasChanges":	"false",
	"fsblExtraCompilerFlags":	"-MMD -MP       -mcpu=cortex-a9 -mfpu=vfpv3 -mfloat-abi=hard ",
	"platPreBuiltFlag":	false,
	"platformSamplesDir":	"",
	"platActiveSys":	"RFsender_platform",
	"systems":	[{
			"systemName":	"RFsender_platform",
			"systemDesc":	"RFsender_platform",
			"sysIsBootAutoGen":	"true",
			"systemDispName":	"RFsender_platform",
			"sysActiveDom":	"standalone_domain",
			"sysDefaultDom":	"standalone_domain",
			"domains":	[{
					"domainName":	"zynq_fsbl",
					"domainDispName":	"zynq_fsbl",
					"domainDesc":	"FSBL Application BSP - Auto Generated.",
					"processors":	"ps7_cortexa9_0",
					"os":	"standalone",
					"sdxOs":	"standalone",
					"debugEnable":	"",
					"domRuntimes":	["cpp"],
					"swRepo":	"",
					"mssOsVer":	"9.2",
					"mssFile":	"",
					"md5Digest":	"30215168a6860ec346c5df07b875ca91",
					"compatibleApp":	"zynq_fsbl",
					"domType":	"bootDomain",
					"arch":	"32-bit",
					"appSettings":	{
						"appCompilerFlags":	"",
						"appLinkerFlags":	""
					},
					"addedLibs":	["xilffs:5.3", "xilrsa:1.8"],
					"libOptions":	{
						"libsContainingOptions":	[]
					},
					"prebuiltLibs":	{
						"prebuiltIncPath":	[],
						"prebuiltLibPath":	[]
					},
					"isolation":	{
					}
				}, {
					"domainName":	"standalone_domain",
					"domainDispName":	"standalone on ps7_cortexa9_0",
					"domainDesc":	"standalone_domain",
					"processors":	"ps7_cortexa9_0",
					"os":	"standalone",
					"sdxOs":	"standalone",
					"qemuArgs":	"<platformDir>/resources/RFsender_platform/standalone_domain/qemu_args.txt",
					"qemuData":	"<platformDir>/resources/RFsender_platform/standalone_domain/qemu",
					"debugEnable":	"False",
					"domRuntimes":	["cpp"],
					"swRepo":	"",
					"mssOsVer":	"9.2",
					"mssFile":	"",
					"md5Digest":	"20d041a2ce1a20bcf22805213c4c6658",
					"compatibleApp":	"",
					"domType":	"mssDomain",
					"appSettings":	{
						"appCompilerFlags":	"",
						"appLinkerFlags":	""
					},
					"addedLibs":	[],
					"libOptions":	{
						"libsContainingOptions":	[]
					},
					"prebuiltLibs":	{
						"prebuiltIncPath":	[],
						"prebuiltLibPath":	[]
					},
					"isolation":	{
					}
				}]
		}]
}
TRACE::2026-08-02.14:02:14::SCWMssOS::Saving the mss changes D:/Work/projects/zybo_z7_projects/DD_RF/vitis/RFsender_platform/zynq_fsbl/zynq_fsbl_bsp/system.mss
TRACE::2026-08-02.14:02:14::SCWMssOS::Found a swdesign opened with the mssfile.
TRACE::2026-08-02.14:02:14::SCWMssOS::Completed writemss as part of save.
TRACE::2026-08-02.14:02:14::SCWMssOS::Commit changes completed.
TRACE::2026-08-02.14:02:14::SCWMssOS::Saving the mss changes D:/Work/projects/zybo_z7_projects/DD_RF/vitis/RFsender_platform/ps7_cortexa9_0/standalone_domain/bsp/system.mss
TRACE::2026-08-02.14:02:14::SCWMssOS::Found a swdesign opened with the mssfile.
TRACE::2026-08-02.14:02:14::SCWMssOS::Completed writemss as part of save.
TRACE::2026-08-02.14:02:14::SCWMssOS::Commit changes completed.
TRACE::2026-08-02.14:02:14::SCWPlatform::Trying to open the hw design at D:/Work/projects/zybo_z7_projects/DD_RF/vitis/RFsender_platform/hw/topSystem.xsa
TRACE::2026-08-02.14:02:14::SCWPlatform::DSA given D:/Work/projects/zybo_z7_projects/DD_RF/vitis/RFsender_platform/hw/topSystem.xsa
TRACE::2026-08-02.14:02:14::SCWPlatform::DSA absoulate path D:/Work/projects/zybo_z7_projects/DD_RF/vitis/RFsender_platform/hw/topSystem.xsa
TRACE::2026-08-02.14:02:14::SCWPlatform::DSA directory D:/Work/projects/zybo_z7_projects/DD_RF/vitis/RFsender_platform/hw
TRACE::2026-08-02.14:02:14::SCWPlatform:: Platform Path D:/Work/projects/zybo_z7_projects/DD_RF/vitis/RFsender_platform/hw/topSystem.xsa
TRACE::2026-08-02.14:02:14::SCWPlatform:: Unique name xilinx:zybo-z7-10::0.0
TRACE::2026-08-02.14:02:14::SCWPlatform::Trying to set the existing hwdb with name topSystem_2
TRACE::2026-08-02.14:02:14::SCWPlatform::Opened existing hwdb topSystem_2
TRACE::2026-08-02.14:02:14::SCWPlatform::Found the Hw Db part of the input DSA
TRACE::2026-08-02.14:02:14::SCWMssOS::Checking the sw design at  D:/Work/projects/zybo_z7_projects/DD_RF/vitis/RFsender_platform/zynq_fsbl/zynq_fsbl_bsp/system.mss
TRACE::2026-08-02.14:02:14::SCWMssOS::DEBUG:  swdes dump  D:/Work/projects/zybo_z7_projects/DD_RF/vitis/RFsender_platform/ps7_cortexa9_0/standalone_domain/bsp/system.mss|system_0||
D:/Work/projects/zybo_z7_projects/DD_RF/vitis/RFsender_platform/zynq_fsbl/zynq_fsbl_bsp/system.mss|system||

TRACE::2026-08-02.14:02:14::SCWMssOS::Sw design exists and opened at  D:/Work/projects/zybo_z7_projects/DD_RF/vitis/RFsender_platform/zynq_fsbl/zynq_fsbl_bsp/system.mss
TRACE::2026-08-02.14:02:14::SCWPlatform::Trying to open the hw design at D:/Work/projects/zybo_z7_projects/DD_RF/vitis/RFsender_platform/hw/topSystem.xsa
TRACE::2026-08-02.14:02:14::SCWPlatform::DSA given D:/Work/projects/zybo_z7_projects/DD_RF/vitis/RFsender_platform/hw/topSystem.xsa
TRACE::2026-08-02.14:02:14::SCWPlatform::DSA absoulate path D:/Work/projects/zybo_z7_projects/DD_RF/vitis/RFsender_platform/hw/topSystem.xsa
TRACE::2026-08-02.14:02:14::SCWPlatform::DSA directory D:/Work/projects/zybo_z7_projects/DD_RF/vitis/RFsender_platform/hw
TRACE::2026-08-02.14:02:14::SCWPlatform:: Platform Path D:/Work/projects/zybo_z7_projects/DD_RF/vitis/RFsender_platform/hw/topSystem.xsa
TRACE::2026-08-02.14:02:14::SCWPlatform:: Unique name xilinx:zybo-z7-10::0.0
TRACE::2026-08-02.14:02:14::SCWPlatform::Trying to set the existing hwdb with name topSystem_2
TRACE::2026-08-02.14:02:14::SCWPlatform::Opened existing hwdb topSystem_2
TRACE::2026-08-02.14:02:14::SCWPlatform::Found the Hw Db part of the input DSA
TRACE::2026-08-02.14:02:14::SCWMssOS::Checking the sw design at  D:/Work/projects/zybo_z7_projects/DD_RF/vitis/RFsender_platform/zynq_fsbl/zynq_fsbl_bsp/system.mss
TRACE::2026-08-02.14:02:14::SCWMssOS::DEBUG:  swdes dump  D:/Work/projects/zybo_z7_projects/DD_RF/vitis/RFsender_platform/ps7_cortexa9_0/standalone_domain/bsp/system.mss|system_0||
D:/Work/projects/zybo_z7_projects/DD_RF/vitis/RFsender_platform/zynq_fsbl/zynq_fsbl_bsp/system.mss|system||

TRACE::2026-08-02.14:02:14::SCWMssOS::Sw design exists and opened at  D:/Work/projects/zybo_z7_projects/DD_RF/vitis/RFsender_platform/zynq_fsbl/zynq_fsbl_bsp/system.mss
TRACE::2026-08-02.14:02:14::SCWPlatform::Trying to open the hw design at D:/Work/projects/zybo_z7_projects/DD_RF/vitis/RFsender_platform/hw/topSystem.xsa
TRACE::2026-08-02.14:02:14::SCWPlatform::DSA given D:/Work/projects/zybo_z7_projects/DD_RF/vitis/RFsender_platform/hw/topSystem.xsa
TRACE::2026-08-02.14:02:14::SCWPlatform::DSA absoulate path D:/Work/projects/zybo_z7_projects/DD_RF/vitis/RFsender_platform/hw/topSystem.xsa
TRACE::2026-08-02.14:02:14::SCWPlatform::DSA directory D:/Work/projects/zybo_z7_projects/DD_RF/vitis/RFsender_platform/hw
TRACE::2026-08-02.14:02:14::SCWPlatform:: Platform Path D:/Work/projects/zybo_z7_projects/DD_RF/vitis/RFsender_platform/hw/topSystem.xsa
TRACE::2026-08-02.14:02:14::SCWPlatform:: Unique name xilinx:zybo-z7-10::0.0
TRACE::2026-08-02.14:02:14::SCWPlatform::Trying to set the existing hwdb with name topSystem_2
TRACE::2026-08-02.14:02:14::SCWPlatform::Opened existing hwdb topSystem_2
TRACE::2026-08-02.14:02:14::SCWPlatform::Found the Hw Db part of the input DSA
TRACE::2026-08-02.14:02:14::SCWMssOS::Checking the sw design at  D:/Work/projects/zybo_z7_projects/DD_RF/vitis/RFsender_platform/zynq_fsbl/zynq_fsbl_bsp/system.mss
TRACE::2026-08-02.14:02:14::SCWMssOS::DEBUG:  swdes dump  D:/Work/projects/zybo_z7_projects/DD_RF/vitis/RFsender_platform/ps7_cortexa9_0/standalone_domain/bsp/system.mss|system_0||
D:/Work/projects/zybo_z7_projects/DD_RF/vitis/RFsender_platform/zynq_fsbl/zynq_fsbl_bsp/system.mss|system||

TRACE::2026-08-02.14:02:14::SCWMssOS::Sw design exists and opened at  D:/Work/projects/zybo_z7_projects/DD_RF/vitis/RFsender_platform/zynq_fsbl/zynq_fsbl_bsp/system.mss
TRACE::2026-08-02.14:02:14::SCWPlatform::Trying to open the hw design at D:/Work/projects/zybo_z7_projects/DD_RF/vitis/RFsender_platform/hw/topSystem.xsa
TRACE::2026-08-02.14:02:14::SCWPlatform::DSA given D:/Work/projects/zybo_z7_projects/DD_RF/vitis/RFsender_platform/hw/topSystem.xsa
TRACE::2026-08-02.14:02:14::SCWPlatform::DSA absoulate path D:/Work/projects/zybo_z7_projects/DD_RF/vitis/RFsender_platform/hw/topSystem.xsa
TRACE::2026-08-02.14:02:14::SCWPlatform::DSA directory D:/Work/projects/zybo_z7_projects/DD_RF/vitis/RFsender_platform/hw
TRACE::2026-08-02.14:02:14::SCWPlatform:: Platform Path D:/Work/projects/zybo_z7_projects/DD_RF/vitis/RFsender_platform/hw/topSystem.xsa
TRACE::2026-08-02.14:02:14::SCWPlatform:: Unique name xilinx:zybo-z7-10::0.0
TRACE::2026-08-02.14:02:14::SCWPlatform::Trying to set the existing hwdb with name topSystem_2
TRACE::2026-08-02.14:02:14::SCWPlatform::Opened existing hwdb topSystem_2
TRACE::2026-08-02.14:02:14::SCWPlatform::Found the Hw Db part of the input DSA
TRACE::2026-08-02.14:02:14::SCWMssOS::Checking the sw design at  D:/Work/projects/zybo_z7_projects/DD_RF/vitis/RFsender_platform/ps7_cortexa9_0/standalone_domain/bsp/system.mss
TRACE::2026-08-02.14:02:14::SCWMssOS::DEBUG:  swdes dump  D:/Work/projects/zybo_z7_projects/DD_RF/vitis/RFsender_platform/ps7_cortexa9_0/standalone_domain/bsp/system.mss|system_0||
D:/Work/projects/zybo_z7_projects/DD_RF/vitis/RFsender_platform/zynq_fsbl/zynq_fsbl_bsp/system.mss|system||

TRACE::2026-08-02.14:02:14::SCWMssOS::Sw design exists and opened at  D:/Work/projects/zybo_z7_projects/DD_RF/vitis/RFsender_platform/ps7_cortexa9_0/standalone_domain/bsp/system.mss
TRACE::2026-08-02.14:02:14::SCWPlatform::Trying to open the hw design at D:/Work/projects/zybo_z7_projects/DD_RF/vitis/RFsender_platform/hw/topSystem.xsa
TRACE::2026-08-02.14:02:14::SCWPlatform::DSA given D:/Work/projects/zybo_z7_projects/DD_RF/vitis/RFsender_platform/hw/topSystem.xsa
TRACE::2026-08-02.14:02:14::SCWPlatform::DSA absoulate path D:/Work/projects/zybo_z7_projects/DD_RF/vitis/RFsender_platform/hw/topSystem.xsa
TRACE::2026-08-02.14:02:14::SCWPlatform::DSA directory D:/Work/projects/zybo_z7_projects/DD_RF/vitis/RFsender_platform/hw
TRACE::2026-08-02.14:02:14::SCWPlatform:: Platform Path D:/Work/projects/zybo_z7_projects/DD_RF/vitis/RFsender_platform/hw/topSystem.xsa
TRACE::2026-08-02.14:02:14::SCWPlatform:: Unique name xilinx:zybo-z7-10::0.0
TRACE::2026-08-02.14:02:14::SCWPlatform::Trying to set the existing hwdb with name topSystem_2
TRACE::2026-08-02.14:02:14::SCWPlatform::Opened existing hwdb topSystem_2
TRACE::2026-08-02.14:02:14::SCWPlatform::Found the Hw Db part of the input DSA
TRACE::2026-08-02.14:02:14::SCWMssOS::Checking the sw design at  D:/Work/projects/zybo_z7_projects/DD_RF/vitis/RFsender_platform/ps7_cortexa9_0/standalone_domain/bsp/system.mss
TRACE::2026-08-02.14:02:14::SCWMssOS::DEBUG:  swdes dump  D:/Work/projects/zybo_z7_projects/DD_RF/vitis/RFsender_platform/ps7_cortexa9_0/standalone_domain/bsp/system.mss|system_0||
D:/Work/projects/zybo_z7_projects/DD_RF/vitis/RFsender_platform/zynq_fsbl/zynq_fsbl_bsp/system.mss|system||

TRACE::2026-08-02.14:02:14::SCWMssOS::Sw design exists and opened at  D:/Work/projects/zybo_z7_projects/DD_RF/vitis/RFsender_platform/ps7_cortexa9_0/standalone_domain/bsp/system.mss
TRACE::2026-08-02.14:02:14::SCWPlatform::Trying to open the hw design at D:/Work/projects/zybo_z7_projects/DD_RF/vitis/RFsender_platform/hw/topSystem.xsa
TRACE::2026-08-02.14:02:14::SCWPlatform::DSA given D:/Work/projects/zybo_z7_projects/DD_RF/vitis/RFsender_platform/hw/topSystem.xsa
TRACE::2026-08-02.14:02:14::SCWPlatform::DSA absoulate path D:/Work/projects/zybo_z7_projects/DD_RF/vitis/RFsender_platform/hw/topSystem.xsa
TRACE::2026-08-02.14:02:14::SCWPlatform::DSA directory D:/Work/projects/zybo_z7_projects/DD_RF/vitis/RFsender_platform/hw
TRACE::2026-08-02.14:02:14::SCWPlatform:: Platform Path D:/Work/projects/zybo_z7_projects/DD_RF/vitis/RFsender_platform/hw/topSystem.xsa
TRACE::2026-08-02.14:02:14::SCWPlatform:: Unique name xilinx:zybo-z7-10::0.0
TRACE::2026-08-02.14:02:14::SCWPlatform::Trying to set the existing hwdb with name topSystem_2
TRACE::2026-08-02.14:02:14::SCWPlatform::Opened existing hwdb topSystem_2
TRACE::2026-08-02.14:02:14::SCWPlatform::Found the Hw Db part of the input DSA
TRACE::2026-08-02.14:02:14::SCWMssOS::Checking the sw design at  D:/Work/projects/zybo_z7_projects/DD_RF/vitis/RFsender_platform/ps7_cortexa9_0/standalone_domain/bsp/system.mss
TRACE::2026-08-02.14:02:14::SCWMssOS::DEBUG:  swdes dump  D:/Work/projects/zybo_z7_projects/DD_RF/vitis/RFsender_platform/ps7_cortexa9_0/standalone_domain/bsp/system.mss|system_0||
D:/Work/projects/zybo_z7_projects/DD_RF/vitis/RFsender_platform/zynq_fsbl/zynq_fsbl_bsp/system.mss|system||

TRACE::2026-08-02.14:02:14::SCWMssOS::Sw design exists and opened at  D:/Work/projects/zybo_z7_projects/DD_RF/vitis/RFsender_platform/ps7_cortexa9_0/standalone_domain/bsp/system.mss
TRACE::2026-08-02.14:02:14::SCWWriter::formatted JSON is {
	"platformName":	"RFsender_platform",
	"sprVersion":	"2.0",
	"mode":	"gui",
	"dsaType":	"Fixed",
	"platformDesc":	"RFsender_platform",
	"platHandOff":	"D:/Work/projects/zybo_z7_projects/DD_RF/vivado/project_1/topSystem.xsa",
	"platIntHandOff":	"<platformDir>/hw/topSystem.xsa",
	"deviceType":	"zynq",
	"platIsPrebuiltAutogen":	"false",
	"platIsNoBootBsp":	"false",
	"platFsblTarget":	"ps7_cortexa9_0",
	"hasFsblMakeHasChanges":	"false",
	"hasPmufwMakeHasChanges":	"false",
	"fsblExtraCompilerFlags":	"-MMD -MP       -mcpu=cortex-a9 -mfpu=vfpv3 -mfloat-abi=hard ",
	"platPreBuiltFlag":	false,
	"platformSamplesDir":	"",
	"platActiveSys":	"RFsender_platform",
	"systems":	[{
			"systemName":	"RFsender_platform",
			"systemDesc":	"RFsender_platform",
			"sysIsBootAutoGen":	"true",
			"systemDispName":	"RFsender_platform",
			"sysActiveDom":	"standalone_domain",
			"sysDefaultDom":	"standalone_domain",
			"domains":	[{
					"domainName":	"zynq_fsbl",
					"domainDispName":	"zynq_fsbl",
					"domainDesc":	"FSBL Application BSP - Auto Generated.",
					"processors":	"ps7_cortexa9_0",
					"os":	"standalone",
					"sdxOs":	"standalone",
					"debugEnable":	"",
					"domRuntimes":	["cpp"],
					"swRepo":	"",
					"mssOsVer":	"9.2",
					"mssFile":	"",
					"md5Digest":	"30215168a6860ec346c5df07b875ca91",
					"compatibleApp":	"zynq_fsbl",
					"domType":	"bootDomain",
					"arch":	"32-bit",
					"appSettings":	{
						"appCompilerFlags":	"",
						"appLinkerFlags":	""
					},
					"addedLibs":	["xilffs:5.3", "xilrsa:1.8"],
					"libOptions":	{
						"libsContainingOptions":	[]
					},
					"prebuiltLibs":	{
						"prebuiltIncPath":	[],
						"prebuiltLibPath":	[]
					},
					"isolation":	{
					}
				}, {
					"domainName":	"standalone_domain",
					"domainDispName":	"standalone on ps7_cortexa9_0",
					"domainDesc":	"standalone_domain",
					"processors":	"ps7_cortexa9_0",
					"os":	"standalone",
					"sdxOs":	"standalone",
					"qemuArgs":	"<platformDir>/resources/RFsender_platform/standalone_domain/qemu_args.txt",
					"qemuData":	"<platformDir>/resources/RFsender_platform/standalone_domain/qemu",
					"debugEnable":	"False",
					"domRuntimes":	["cpp"],
					"swRepo":	"",
					"mssOsVer":	"9.2",
					"mssFile":	"",
					"md5Digest":	"20d041a2ce1a20bcf22805213c4c6658",
					"compatibleApp":	"",
					"domType":	"mssDomain",
					"appSettings":	{
						"appCompilerFlags":	"",
						"appLinkerFlags":	""
					},
					"addedLibs":	[],
					"libOptions":	{
						"libsContainingOptions":	[]
					},
					"prebuiltLibs":	{
						"prebuiltIncPath":	[],
						"prebuiltLibPath":	[]
					},
					"isolation":	{
					}
				}]
		}]
}
TRACE::2026-08-02.14:02:14::SCWPlatform::Clearing the existing platform
TRACE::2026-08-02.14:02:14::SCWSystem::Clearing the existing sysconfig
TRACE::2026-08-02.14:02:14::SCWBDomain::clearing the fsbl build
TRACE::2026-08-02.14:02:14::SCWMssOS::Removing the swdes entry for  D:/Work/projects/zybo_z7_projects/DD_RF/vitis/RFsender_platform/zynq_fsbl/zynq_fsbl_bsp/system.mss
TRACE::2026-08-02.14:02:14::SCWMssOS::Removing the swdes entry for  D:/Work/projects/zybo_z7_projects/DD_RF/vitis/RFsender_platform/ps7_cortexa9_0/standalone_domain/bsp/system.mss
TRACE::2026-08-02.14:02:14::SCWSystem::Clearing the domains completed.
TRACE::2026-08-02.14:02:14::SCWPlatform::Clearing the opened hw db.
TRACE::2026-08-02.14:02:14::SCWPlatform::DSA given D:/Work/projects/zybo_z7_projects/DD_RF/vitis/RFsender_platform/hw/topSystem.xsa
TRACE::2026-08-02.14:02:14::SCWPlatform::DSA absoulate path D:/Work/projects/zybo_z7_projects/DD_RF/vitis/RFsender_platform/hw/topSystem.xsa
TRACE::2026-08-02.14:02:14::SCWPlatform:: Platform location is D:/Work/projects/zybo_z7_projects/DD_RF/vitis/RFsender_platform/hw
TRACE::2026-08-02.14:02:14::SCWPlatform:: Platform Path D:/Work/projects/zybo_z7_projects/DD_RF/vitis/RFsender_platform/hw/topSystem.xsa
TRACE::2026-08-02.14:02:14::SCWPlatform:: Unique name xilinx:zybo-z7-10::0.0
TRACE::2026-08-02.14:02:14::SCWPlatform::Removing the HwDB with name D:/Work/projects/zybo_z7_projects/DD_RF/vitis/RFsender_platform/hw/topSystem.xsa
TRACE::2026-08-02.14:02:14::SCWPlatform::Trying to open the hw design at D:/Work/projects/zybo_z7_projects/DD_RF/vitis/RFsender_platform/hw/topSystem.xsa
TRACE::2026-08-02.14:02:14::SCWPlatform::DSA given D:/Work/projects/zybo_z7_projects/DD_RF/vitis/RFsender_platform/hw/topSystem.xsa
TRACE::2026-08-02.14:02:14::SCWPlatform::DSA absoulate path D:/Work/projects/zybo_z7_projects/DD_RF/vitis/RFsender_platform/hw/topSystem.xsa
TRACE::2026-08-02.14:02:14::SCWPlatform::DSA directory D:/Work/projects/zybo_z7_projects/DD_RF/vitis/RFsender_platform/hw
TRACE::2026-08-02.14:02:14::SCWPlatform:: Platform Path D:/Work/projects/zybo_z7_projects/DD_RF/vitis/RFsender_platform/hw/topSystem.xsa
TRACE::2026-08-02.14:02:14::SCWPlatform:: Unique name xilinx:zybo-z7-10::0.0
TRACE::2026-08-02.14:02:14::SCWPlatform::Do not have an existing db opened. 
TRACE::2026-08-02.14:02:16::SCWPlatform::Opened new HwDB with name topSystem_3
TRACE::2026-08-02.14:02:16::SCWReader::Active system found as  RFsender_platform
TRACE::2026-08-02.14:02:16::SCWReader::Handling sysconfig RFsender_platform
TRACE::2026-08-02.14:02:16::SCWDomain::checking for install qemu data   : 
TRACE::2026-08-02.14:02:16::SCWDomain:: Using the QEMU Data from install at  : D:/Applications/Xilinx/Vitis/2024.2/data/emulation/platforms/zynq/sw/a9_standalone/qemu/
TRACE::2026-08-02.14:02:16::SCWDomain:: Using the QEMU args  from install at  : D:/Applications/Xilinx/Vitis/2024.2/data/emulation/platforms/zynq/sw/a9_standalone/qemu/qemu_args.txt
TRACE::2026-08-02.14:02:16::SCWPlatform::Trying to open the hw design at D:/Work/projects/zybo_z7_projects/DD_RF/vitis/RFsender_platform/hw/topSystem.xsa
TRACE::2026-08-02.14:02:16::SCWPlatform::DSA given D:/Work/projects/zybo_z7_projects/DD_RF/vitis/RFsender_platform/hw/topSystem.xsa
TRACE::2026-08-02.14:02:16::SCWPlatform::DSA absoulate path D:/Work/projects/zybo_z7_projects/DD_RF/vitis/RFsender_platform/hw/topSystem.xsa
TRACE::2026-08-02.14:02:16::SCWPlatform::DSA directory D:/Work/projects/zybo_z7_projects/DD_RF/vitis/RFsender_platform/hw
TRACE::2026-08-02.14:02:16::SCWPlatform:: Platform Path D:/Work/projects/zybo_z7_projects/DD_RF/vitis/RFsender_platform/hw/topSystem.xsa
TRACE::2026-08-02.14:02:16::SCWPlatform:: Unique name xilinx:zybo-z7-10::0.0
TRACE::2026-08-02.14:02:16::SCWPlatform::Trying to set the existing hwdb with name topSystem_3
TRACE::2026-08-02.14:02:16::SCWPlatform::Opened existing hwdb topSystem_3
TRACE::2026-08-02.14:02:16::SCWPlatform::Found the Hw Db part of the input DSA
TRACE::2026-08-02.14:02:16::SCWPlatform::Trying to open the hw design at D:/Work/projects/zybo_z7_projects/DD_RF/vitis/RFsender_platform/hw/topSystem.xsa
TRACE::2026-08-02.14:02:16::SCWPlatform::DSA given D:/Work/projects/zybo_z7_projects/DD_RF/vitis/RFsender_platform/hw/topSystem.xsa
TRACE::2026-08-02.14:02:16::SCWPlatform::DSA absoulate path D:/Work/projects/zybo_z7_projects/DD_RF/vitis/RFsender_platform/hw/topSystem.xsa
TRACE::2026-08-02.14:02:16::SCWPlatform::DSA directory D:/Work/projects/zybo_z7_projects/DD_RF/vitis/RFsender_platform/hw
TRACE::2026-08-02.14:02:16::SCWPlatform:: Platform Path D:/Work/projects/zybo_z7_projects/DD_RF/vitis/RFsender_platform/hw/topSystem.xsa
TRACE::2026-08-02.14:02:16::SCWPlatform:: Unique name xilinx:zybo-z7-10::0.0
TRACE::2026-08-02.14:02:16::SCWPlatform::Trying to set the existing hwdb with name topSystem_3
TRACE::2026-08-02.14:02:16::SCWPlatform::Opened existing hwdb topSystem_3
TRACE::2026-08-02.14:02:16::SCWPlatform::Found the Hw Db part of the input DSA
TRACE::2026-08-02.14:02:16::SCWPlatform::Trying to open the hw design at D:/Work/projects/zybo_z7_projects/DD_RF/vitis/RFsender_platform/hw/topSystem.xsa
TRACE::2026-08-02.14:02:16::SCWPlatform::DSA given D:/Work/projects/zybo_z7_projects/DD_RF/vitis/RFsender_platform/hw/topSystem.xsa
TRACE::2026-08-02.14:02:16::SCWPlatform::DSA absoulate path D:/Work/projects/zybo_z7_projects/DD_RF/vitis/RFsender_platform/hw/topSystem.xsa
TRACE::2026-08-02.14:02:16::SCWPlatform::DSA directory D:/Work/projects/zybo_z7_projects/DD_RF/vitis/RFsender_platform/hw
TRACE::2026-08-02.14:02:16::SCWPlatform:: Platform Path D:/Work/projects/zybo_z7_projects/DD_RF/vitis/RFsender_platform/hw/topSystem.xsa
TRACE::2026-08-02.14:02:16::SCWPlatform:: Unique name xilinx:zybo-z7-10::0.0
TRACE::2026-08-02.14:02:16::SCWPlatform::Trying to set the existing hwdb with name topSystem_3
TRACE::2026-08-02.14:02:16::SCWPlatform::Opened existing hwdb topSystem_3
TRACE::2026-08-02.14:02:16::SCWPlatform::Found the Hw Db part of the input DSA
TRACE::2026-08-02.14:02:16::SCWReader::Boot application domain added for zynq_fsbl
TRACE::2026-08-02.14:02:16::SCWPlatform::Trying to open the hw design at D:/Work/projects/zybo_z7_projects/DD_RF/vitis/RFsender_platform/hw/topSystem.xsa
TRACE::2026-08-02.14:02:16::SCWPlatform::DSA given D:/Work/projects/zybo_z7_projects/DD_RF/vitis/RFsender_platform/hw/topSystem.xsa
TRACE::2026-08-02.14:02:16::SCWPlatform::DSA absoulate path D:/Work/projects/zybo_z7_projects/DD_RF/vitis/RFsender_platform/hw/topSystem.xsa
TRACE::2026-08-02.14:02:16::SCWPlatform::DSA directory D:/Work/projects/zybo_z7_projects/DD_RF/vitis/RFsender_platform/hw
TRACE::2026-08-02.14:02:16::SCWPlatform:: Platform Path D:/Work/projects/zybo_z7_projects/DD_RF/vitis/RFsender_platform/hw/topSystem.xsa
TRACE::2026-08-02.14:02:16::SCWPlatform:: Unique name xilinx:zybo-z7-10::0.0
TRACE::2026-08-02.14:02:16::SCWPlatform::Trying to set the existing hwdb with name topSystem_3
TRACE::2026-08-02.14:02:16::SCWPlatform::Opened existing hwdb topSystem_3
TRACE::2026-08-02.14:02:16::SCWPlatform::Found the Hw Db part of the input DSA
TRACE::2026-08-02.14:02:16::SCWMssOS::Checking the sw design at  D:/Work/projects/zybo_z7_projects/DD_RF/vitis/RFsender_platform/zynq_fsbl/zynq_fsbl_bsp/system.mss
TRACE::2026-08-02.14:02:16::SCWMssOS::DEBUG:  swdes dump  
TRACE::2026-08-02.14:02:16::SCWMssOS::No sw design opened at  D:/Work/projects/zybo_z7_projects/DD_RF/vitis/RFsender_platform/zynq_fsbl/zynq_fsbl_bsp/system.mss
TRACE::2026-08-02.14:02:16::SCWMssOS::mss exists loading the mss file  D:/Work/projects/zybo_z7_projects/DD_RF/vitis/RFsender_platform/zynq_fsbl/zynq_fsbl_bsp/system.mss
TRACE::2026-08-02.14:02:16::SCWMssOS::Opened the sw design from mss  D:/Work/projects/zybo_z7_projects/DD_RF/vitis/RFsender_platform/zynq_fsbl/zynq_fsbl_bsp/system.mss
TRACE::2026-08-02.14:02:16::SCWMssOS::Adding the swdes entry D:/Work/projects/zybo_z7_projects/DD_RF/vitis/RFsender_platform/zynq_fsbl/zynq_fsbl_bsp/system.mss with des name system
TRACE::2026-08-02.14:02:16::SCWMssOS::updating the scw layer about changes
TRACE::2026-08-02.14:02:16::SCWMssOS::Opened the sw design.  D:/Work/projects/zybo_z7_projects/DD_RF/vitis/RFsender_platform/zynq_fsbl/zynq_fsbl_bsp/system.mss
TRACE::2026-08-02.14:02:16::SCWPlatform::Trying to open the hw design at D:/Work/projects/zybo_z7_projects/DD_RF/vitis/RFsender_platform/hw/topSystem.xsa
TRACE::2026-08-02.14:02:16::SCWPlatform::DSA given D:/Work/projects/zybo_z7_projects/DD_RF/vitis/RFsender_platform/hw/topSystem.xsa
TRACE::2026-08-02.14:02:16::SCWPlatform::DSA absoulate path D:/Work/projects/zybo_z7_projects/DD_RF/vitis/RFsender_platform/hw/topSystem.xsa
TRACE::2026-08-02.14:02:16::SCWPlatform::DSA directory D:/Work/projects/zybo_z7_projects/DD_RF/vitis/RFsender_platform/hw
TRACE::2026-08-02.14:02:16::SCWPlatform:: Platform Path D:/Work/projects/zybo_z7_projects/DD_RF/vitis/RFsender_platform/hw/topSystem.xsa
TRACE::2026-08-02.14:02:16::SCWPlatform:: Unique name xilinx:zybo-z7-10::0.0
TRACE::2026-08-02.14:02:16::SCWPlatform::Trying to set the existing hwdb with name topSystem_3
TRACE::2026-08-02.14:02:16::SCWPlatform::Opened existing hwdb topSystem_3
TRACE::2026-08-02.14:02:16::SCWPlatform::Found the Hw Db part of the input DSA
TRACE::2026-08-02.14:02:16::SCWMssOS::Checking the sw design at  D:/Work/projects/zybo_z7_projects/DD_RF/vitis/RFsender_platform/zynq_fsbl/zynq_fsbl_bsp/system.mss
TRACE::2026-08-02.14:02:16::SCWMssOS::DEBUG:  swdes dump  D:/Work/projects/zybo_z7_projects/DD_RF/vitis/RFsender_platform/zynq_fsbl/zynq_fsbl_bsp/system.mss|system||

TRACE::2026-08-02.14:02:16::SCWMssOS::Sw design exists and opened at  D:/Work/projects/zybo_z7_projects/DD_RF/vitis/RFsender_platform/zynq_fsbl/zynq_fsbl_bsp/system.mss
TRACE::2026-08-02.14:02:16::SCWMssOS:: library already available in sw design:  xilffs:5.3
TRACE::2026-08-02.14:02:16::SCWPlatform::Trying to open the hw design at D:/Work/projects/zybo_z7_projects/DD_RF/vitis/RFsender_platform/hw/topSystem.xsa
TRACE::2026-08-02.14:02:16::SCWPlatform::DSA given D:/Work/projects/zybo_z7_projects/DD_RF/vitis/RFsender_platform/hw/topSystem.xsa
TRACE::2026-08-02.14:02:16::SCWPlatform::DSA absoulate path D:/Work/projects/zybo_z7_projects/DD_RF/vitis/RFsender_platform/hw/topSystem.xsa
TRACE::2026-08-02.14:02:16::SCWPlatform::DSA directory D:/Work/projects/zybo_z7_projects/DD_RF/vitis/RFsender_platform/hw
TRACE::2026-08-02.14:02:16::SCWPlatform:: Platform Path D:/Work/projects/zybo_z7_projects/DD_RF/vitis/RFsender_platform/hw/topSystem.xsa
TRACE::2026-08-02.14:02:16::SCWPlatform:: Unique name xilinx:zybo-z7-10::0.0
TRACE::2026-08-02.14:02:16::SCWPlatform::Trying to set the existing hwdb with name topSystem_3
TRACE::2026-08-02.14:02:16::SCWPlatform::Opened existing hwdb topSystem_3
TRACE::2026-08-02.14:02:16::SCWPlatform::Found the Hw Db part of the input DSA
TRACE::2026-08-02.14:02:16::SCWMssOS::Checking the sw design at  D:/Work/projects/zybo_z7_projects/DD_RF/vitis/RFsender_platform/zynq_fsbl/zynq_fsbl_bsp/system.mss
TRACE::2026-08-02.14:02:16::SCWMssOS::DEBUG:  swdes dump  D:/Work/projects/zybo_z7_projects/DD_RF/vitis/RFsender_platform/zynq_fsbl/zynq_fsbl_bsp/system.mss|system||

TRACE::2026-08-02.14:02:16::SCWMssOS::Sw design exists and opened at  D:/Work/projects/zybo_z7_projects/DD_RF/vitis/RFsender_platform/zynq_fsbl/zynq_fsbl_bsp/system.mss
TRACE::2026-08-02.14:02:16::SCWMssOS:: library already available in sw design:  xilrsa:1.8
TRACE::2026-08-02.14:02:16::SCWMssOS::Saving the mss changes D:/Work/projects/zybo_z7_projects/DD_RF/vitis/RFsender_platform/zynq_fsbl/zynq_fsbl_bsp/system.mss
TRACE::2026-08-02.14:02:16::SCWMssOS::Found a swdesign opened with the mssfile.
TRACE::2026-08-02.14:02:16::SCWMssOS::Completed writemss as part of save.
TRACE::2026-08-02.14:02:16::SCWMssOS::Commit changes completed.
TRACE::2026-08-02.14:02:16::SCWReader::Adding prebuilt librarypaths as   
TRACE::2026-08-02.14:02:16::SCWReader::Adding prebuilt incpaths  as   
TRACE::2026-08-02.14:02:16::SCWPlatform::Trying to open the hw design at D:/Work/projects/zybo_z7_projects/DD_RF/vitis/RFsender_platform/hw/topSystem.xsa
TRACE::2026-08-02.14:02:16::SCWPlatform::DSA given D:/Work/projects/zybo_z7_projects/DD_RF/vitis/RFsender_platform/hw/topSystem.xsa
TRACE::2026-08-02.14:02:16::SCWPlatform::DSA absoulate path D:/Work/projects/zybo_z7_projects/DD_RF/vitis/RFsender_platform/hw/topSystem.xsa
TRACE::2026-08-02.14:02:16::SCWPlatform::DSA directory D:/Work/projects/zybo_z7_projects/DD_RF/vitis/RFsender_platform/hw
TRACE::2026-08-02.14:02:16::SCWPlatform:: Platform Path D:/Work/projects/zybo_z7_projects/DD_RF/vitis/RFsender_platform/hw/topSystem.xsa
TRACE::2026-08-02.14:02:16::SCWPlatform:: Unique name xilinx:zybo-z7-10::0.0
TRACE::2026-08-02.14:02:16::SCWPlatform::Trying to set the existing hwdb with name topSystem_3
TRACE::2026-08-02.14:02:16::SCWPlatform::Opened existing hwdb topSystem_3
TRACE::2026-08-02.14:02:16::SCWPlatform::Found the Hw Db part of the input DSA
TRACE::2026-08-02.14:02:16::SCWMssOS::Checking the sw design at  D:/Work/projects/zybo_z7_projects/DD_RF/vitis/RFsender_platform/zynq_fsbl/zynq_fsbl_bsp/system.mss
TRACE::2026-08-02.14:02:16::SCWMssOS::DEBUG:  swdes dump  D:/Work/projects/zybo_z7_projects/DD_RF/vitis/RFsender_platform/zynq_fsbl/zynq_fsbl_bsp/system.mss|system||

TRACE::2026-08-02.14:02:16::SCWMssOS::Sw design exists and opened at  D:/Work/projects/zybo_z7_projects/DD_RF/vitis/RFsender_platform/zynq_fsbl/zynq_fsbl_bsp/system.mss
TRACE::2026-08-02.14:02:16::SCWReader::No isolation master present  
TRACE::2026-08-02.14:02:16::SCWDomain::checking for install qemu data   : 
TRACE::2026-08-02.14:02:16::SCWDomain:: Using the QEMU Data from install at  : D:/Applications/Xilinx/Vitis/2024.2/data/emulation/platforms/zynq/sw/a9_standalone/qemu/
TRACE::2026-08-02.14:02:16::SCWDomain:: Using the QEMU args  from install at  : D:/Applications/Xilinx/Vitis/2024.2/data/emulation/platforms/zynq/sw/a9_standalone/qemu/qemu_args.txt
TRACE::2026-08-02.14:02:16::SCWPlatform::Trying to open the hw design at D:/Work/projects/zybo_z7_projects/DD_RF/vitis/RFsender_platform/hw/topSystem.xsa
TRACE::2026-08-02.14:02:16::SCWPlatform::DSA given D:/Work/projects/zybo_z7_projects/DD_RF/vitis/RFsender_platform/hw/topSystem.xsa
TRACE::2026-08-02.14:02:16::SCWPlatform::DSA absoulate path D:/Work/projects/zybo_z7_projects/DD_RF/vitis/RFsender_platform/hw/topSystem.xsa
TRACE::2026-08-02.14:02:16::SCWPlatform::DSA directory D:/Work/projects/zybo_z7_projects/DD_RF/vitis/RFsender_platform/hw
TRACE::2026-08-02.14:02:16::SCWPlatform:: Platform Path D:/Work/projects/zybo_z7_projects/DD_RF/vitis/RFsender_platform/hw/topSystem.xsa
TRACE::2026-08-02.14:02:16::SCWPlatform:: Unique name xilinx:zybo-z7-10::0.0
TRACE::2026-08-02.14:02:16::SCWPlatform::Trying to set the existing hwdb with name topSystem_3
TRACE::2026-08-02.14:02:16::SCWPlatform::Opened existing hwdb topSystem_3
TRACE::2026-08-02.14:02:16::SCWPlatform::Found the Hw Db part of the input DSA
TRACE::2026-08-02.14:02:16::SCWPlatform::Trying to open the hw design at D:/Work/projects/zybo_z7_projects/DD_RF/vitis/RFsender_platform/hw/topSystem.xsa
TRACE::2026-08-02.14:02:16::SCWPlatform::DSA given D:/Work/projects/zybo_z7_projects/DD_RF/vitis/RFsender_platform/hw/topSystem.xsa
TRACE::2026-08-02.14:02:16::SCWPlatform::DSA absoulate path D:/Work/projects/zybo_z7_projects/DD_RF/vitis/RFsender_platform/hw/topSystem.xsa
TRACE::2026-08-02.14:02:16::SCWPlatform::DSA directory D:/Work/projects/zybo_z7_projects/DD_RF/vitis/RFsender_platform/hw
TRACE::2026-08-02.14:02:16::SCWPlatform:: Platform Path D:/Work/projects/zybo_z7_projects/DD_RF/vitis/RFsender_platform/hw/topSystem.xsa
TRACE::2026-08-02.14:02:16::SCWPlatform:: Unique name xilinx:zybo-z7-10::0.0
TRACE::2026-08-02.14:02:16::SCWPlatform::Trying to set the existing hwdb with name topSystem_3
TRACE::2026-08-02.14:02:16::SCWPlatform::Opened existing hwdb topSystem_3
TRACE::2026-08-02.14:02:16::SCWPlatform::Found the Hw Db part of the input DSA
TRACE::2026-08-02.14:02:16::SCWPlatform::Trying to open the hw design at D:/Work/projects/zybo_z7_projects/DD_RF/vitis/RFsender_platform/hw/topSystem.xsa
TRACE::2026-08-02.14:02:16::SCWPlatform::DSA given D:/Work/projects/zybo_z7_projects/DD_RF/vitis/RFsender_platform/hw/topSystem.xsa
TRACE::2026-08-02.14:02:16::SCWPlatform::DSA absoulate path D:/Work/projects/zybo_z7_projects/DD_RF/vitis/RFsender_platform/hw/topSystem.xsa
TRACE::2026-08-02.14:02:16::SCWPlatform::DSA directory D:/Work/projects/zybo_z7_projects/DD_RF/vitis/RFsender_platform/hw
TRACE::2026-08-02.14:02:16::SCWPlatform:: Platform Path D:/Work/projects/zybo_z7_projects/DD_RF/vitis/RFsender_platform/hw/topSystem.xsa
TRACE::2026-08-02.14:02:16::SCWPlatform:: Unique name xilinx:zybo-z7-10::0.0
TRACE::2026-08-02.14:02:16::SCWPlatform::Trying to set the existing hwdb with name topSystem_3
TRACE::2026-08-02.14:02:16::SCWPlatform::Opened existing hwdb topSystem_3
TRACE::2026-08-02.14:02:16::SCWPlatform::Found the Hw Db part of the input DSA
TRACE::2026-08-02.14:02:16::SCWMssOS::Checking the sw design at  D:/Work/projects/zybo_z7_projects/DD_RF/vitis/RFsender_platform/ps7_cortexa9_0/standalone_domain/bsp/system.mss
TRACE::2026-08-02.14:02:16::SCWMssOS::DEBUG:  swdes dump  D:/Work/projects/zybo_z7_projects/DD_RF/vitis/RFsender_platform/zynq_fsbl/zynq_fsbl_bsp/system.mss|system||

TRACE::2026-08-02.14:02:16::SCWMssOS::No sw design opened at  D:/Work/projects/zybo_z7_projects/DD_RF/vitis/RFsender_platform/ps7_cortexa9_0/standalone_domain/bsp/system.mss
TRACE::2026-08-02.14:02:16::SCWMssOS::mss exists loading the mss file  D:/Work/projects/zybo_z7_projects/DD_RF/vitis/RFsender_platform/ps7_cortexa9_0/standalone_domain/bsp/system.mss
TRACE::2026-08-02.14:02:16::SCWMssOS::Opened the sw design from mss  D:/Work/projects/zybo_z7_projects/DD_RF/vitis/RFsender_platform/ps7_cortexa9_0/standalone_domain/bsp/system.mss
TRACE::2026-08-02.14:02:16::SCWMssOS::Adding the swdes entry D:/Work/projects/zybo_z7_projects/DD_RF/vitis/RFsender_platform/ps7_cortexa9_0/standalone_domain/bsp/system.mss with des name system_0
TRACE::2026-08-02.14:02:16::SCWMssOS::updating the scw layer about changes
TRACE::2026-08-02.14:02:16::SCWMssOS::Opened the sw design.  D:/Work/projects/zybo_z7_projects/DD_RF/vitis/RFsender_platform/ps7_cortexa9_0/standalone_domain/bsp/system.mss
TRACE::2026-08-02.14:02:16::SCWMssOS::Saving the mss changes D:/Work/projects/zybo_z7_projects/DD_RF/vitis/RFsender_platform/ps7_cortexa9_0/standalone_domain/bsp/system.mss
TRACE::2026-08-02.14:02:16::SCWMssOS::Found a swdesign opened with the mssfile.
TRACE::2026-08-02.14:02:16::SCWMssOS::Completed writemss as part of save.
TRACE::2026-08-02.14:02:16::SCWMssOS::Commit changes completed.
TRACE::2026-08-02.14:02:16::SCWReader::Adding prebuilt librarypaths as   
TRACE::2026-08-02.14:02:16::SCWReader::Adding prebuilt incpaths  as   
TRACE::2026-08-02.14:02:16::SCWPlatform::Trying to open the hw design at D:/Work/projects/zybo_z7_projects/DD_RF/vitis/RFsender_platform/hw/topSystem.xsa
TRACE::2026-08-02.14:02:16::SCWPlatform::DSA given D:/Work/projects/zybo_z7_projects/DD_RF/vitis/RFsender_platform/hw/topSystem.xsa
TRACE::2026-08-02.14:02:16::SCWPlatform::DSA absoulate path D:/Work/projects/zybo_z7_projects/DD_RF/vitis/RFsender_platform/hw/topSystem.xsa
TRACE::2026-08-02.14:02:16::SCWPlatform::DSA directory D:/Work/projects/zybo_z7_projects/DD_RF/vitis/RFsender_platform/hw
TRACE::2026-08-02.14:02:16::SCWPlatform:: Platform Path D:/Work/projects/zybo_z7_projects/DD_RF/vitis/RFsender_platform/hw/topSystem.xsa
TRACE::2026-08-02.14:02:16::SCWPlatform:: Unique name xilinx:zybo-z7-10::0.0
TRACE::2026-08-02.14:02:16::SCWPlatform::Trying to set the existing hwdb with name topSystem_3
TRACE::2026-08-02.14:02:16::SCWPlatform::Opened existing hwdb topSystem_3
TRACE::2026-08-02.14:02:16::SCWPlatform::Found the Hw Db part of the input DSA
TRACE::2026-08-02.14:02:16::SCWMssOS::Checking the sw design at  D:/Work/projects/zybo_z7_projects/DD_RF/vitis/RFsender_platform/ps7_cortexa9_0/standalone_domain/bsp/system.mss
TRACE::2026-08-02.14:02:16::SCWMssOS::DEBUG:  swdes dump  D:/Work/projects/zybo_z7_projects/DD_RF/vitis/RFsender_platform/ps7_cortexa9_0/standalone_domain/bsp/system.mss|system_0||
D:/Work/projects/zybo_z7_projects/DD_RF/vitis/RFsender_platform/zynq_fsbl/zynq_fsbl_bsp/system.mss|system||

TRACE::2026-08-02.14:02:16::SCWMssOS::Sw design exists and opened at  D:/Work/projects/zybo_z7_projects/DD_RF/vitis/RFsender_platform/ps7_cortexa9_0/standalone_domain/bsp/system.mss
TRACE::2026-08-02.14:02:16::SCWReader::No isolation master present  
TRACE::2026-08-02.14:03:37::SCWPlatform::Trying to open the hw design at D:/Work/projects/zybo_z7_projects/DD_RF/vitis/RFsender_platform/hw/topSystem.xsa
TRACE::2026-08-02.14:03:37::SCWPlatform::DSA given D:/Work/projects/zybo_z7_projects/DD_RF/vitis/RFsender_platform/hw/topSystem.xsa
TRACE::2026-08-02.14:03:37::SCWPlatform::DSA absoulate path D:/Work/projects/zybo_z7_projects/DD_RF/vitis/RFsender_platform/hw/topSystem.xsa
TRACE::2026-08-02.14:03:37::SCWPlatform::DSA directory D:/Work/projects/zybo_z7_projects/DD_RF/vitis/RFsender_platform/hw
TRACE::2026-08-02.14:03:37::SCWPlatform:: Platform Path D:/Work/projects/zybo_z7_projects/DD_RF/vitis/RFsender_platform/hw/topSystem.xsa
TRACE::2026-08-02.14:03:37::SCWPlatform:: Unique name xilinx:zybo-z7-10::0.0
TRACE::2026-08-02.14:03:37::SCWPlatform::Trying to set the existing hwdb with name topSystem_3
TRACE::2026-08-02.14:03:37::SCWPlatform::Opened existing hwdb topSystem_3
TRACE::2026-08-02.14:03:37::SCWPlatform::Found the Hw Db part of the input DSA
TRACE::2026-08-02.14:03:37::SCWMssOS::Checking the sw design at  D:/Work/projects/zybo_z7_projects/DD_RF/vitis/RFsender_platform/zynq_fsbl/zynq_fsbl_bsp/system.mss
TRACE::2026-08-02.14:03:37::SCWMssOS::DEBUG:  swdes dump  D:/Work/projects/zybo_z7_projects/DD_RF/vitis/RFsender_platform/ps7_cortexa9_0/standalone_domain/bsp/system.mss|system_0||
D:/Work/projects/zybo_z7_projects/DD_RF/vitis/RFsender_platform/zynq_fsbl/zynq_fsbl_bsp/system.mss|system||

TRACE::2026-08-02.14:03:37::SCWMssOS::Sw design exists and opened at  D:/Work/projects/zybo_z7_projects/DD_RF/vitis/RFsender_platform/zynq_fsbl/zynq_fsbl_bsp/system.mss
TRACE::2026-08-02.14:03:37::SCWMssOS::In reload Mss file.
TRACE::2026-08-02.14:03:37::SCWPlatform::Trying to open the hw design at D:/Work/projects/zybo_z7_projects/DD_RF/vitis/RFsender_platform/hw/topSystem.xsa
TRACE::2026-08-02.14:03:37::SCWPlatform::DSA given D:/Work/projects/zybo_z7_projects/DD_RF/vitis/RFsender_platform/hw/topSystem.xsa
TRACE::2026-08-02.14:03:37::SCWPlatform::DSA absoulate path D:/Work/projects/zybo_z7_projects/DD_RF/vitis/RFsender_platform/hw/topSystem.xsa
TRACE::2026-08-02.14:03:37::SCWPlatform::DSA directory D:/Work/projects/zybo_z7_projects/DD_RF/vitis/RFsender_platform/hw
TRACE::2026-08-02.14:03:37::SCWPlatform:: Platform Path D:/Work/projects/zybo_z7_projects/DD_RF/vitis/RFsender_platform/hw/topSystem.xsa
TRACE::2026-08-02.14:03:37::SCWPlatform:: Unique name xilinx:zybo-z7-10::0.0
TRACE::2026-08-02.14:03:37::SCWPlatform::Trying to set the existing hwdb with name topSystem_3
TRACE::2026-08-02.14:03:37::SCWPlatform::Opened existing hwdb topSystem_3
TRACE::2026-08-02.14:03:37::SCWPlatform::Found the Hw Db part of the input DSA
TRACE::2026-08-02.14:03:37::SCWMssOS::Checking the sw design at  D:/Work/projects/zybo_z7_projects/DD_RF/vitis/RFsender_platform/zynq_fsbl/zynq_fsbl_bsp/system.mss
TRACE::2026-08-02.14:03:37::SCWMssOS::DEBUG:  swdes dump  D:/Work/projects/zybo_z7_projects/DD_RF/vitis/RFsender_platform/ps7_cortexa9_0/standalone_domain/bsp/system.mss|system_0||

TRACE::2026-08-02.14:03:37::SCWMssOS::No sw design opened at  D:/Work/projects/zybo_z7_projects/DD_RF/vitis/RFsender_platform/zynq_fsbl/zynq_fsbl_bsp/system.mss
TRACE::2026-08-02.14:03:37::SCWMssOS::mss exists loading the mss file  D:/Work/projects/zybo_z7_projects/DD_RF/vitis/RFsender_platform/zynq_fsbl/zynq_fsbl_bsp/system.mss
TRACE::2026-08-02.14:03:37::SCWMssOS::Opened the sw design from mss  D:/Work/projects/zybo_z7_projects/DD_RF/vitis/RFsender_platform/zynq_fsbl/zynq_fsbl_bsp/system.mss
TRACE::2026-08-02.14:03:37::SCWMssOS::Adding the swdes entry D:/Work/projects/zybo_z7_projects/DD_RF/vitis/RFsender_platform/zynq_fsbl/zynq_fsbl_bsp/system.mss with des name system
TRACE::2026-08-02.14:03:37::SCWMssOS::updating the scw layer about changes
TRACE::2026-08-02.14:03:37::SCWMssOS::Opened the sw design.  D:/Work/projects/zybo_z7_projects/DD_RF/vitis/RFsender_platform/zynq_fsbl/zynq_fsbl_bsp/system.mss
TRACE::2026-08-02.14:03:37::SCWPlatform::Trying to open the hw design at D:/Work/projects/zybo_z7_projects/DD_RF/vitis/RFsender_platform/hw/topSystem.xsa
TRACE::2026-08-02.14:03:37::SCWPlatform::DSA given D:/Work/projects/zybo_z7_projects/DD_RF/vitis/RFsender_platform/hw/topSystem.xsa
TRACE::2026-08-02.14:03:37::SCWPlatform::DSA absoulate path D:/Work/projects/zybo_z7_projects/DD_RF/vitis/RFsender_platform/hw/topSystem.xsa
TRACE::2026-08-02.14:03:37::SCWPlatform::DSA directory D:/Work/projects/zybo_z7_projects/DD_RF/vitis/RFsender_platform/hw
TRACE::2026-08-02.14:03:37::SCWPlatform:: Platform Path D:/Work/projects/zybo_z7_projects/DD_RF/vitis/RFsender_platform/hw/topSystem.xsa
TRACE::2026-08-02.14:03:37::SCWPlatform:: Unique name xilinx:zybo-z7-10::0.0
TRACE::2026-08-02.14:03:37::SCWPlatform::Trying to set the existing hwdb with name topSystem_3
TRACE::2026-08-02.14:03:37::SCWPlatform::Opened existing hwdb topSystem_3
TRACE::2026-08-02.14:03:37::SCWPlatform::Found the Hw Db part of the input DSA
TRACE::2026-08-02.14:03:37::SCWMssOS::Checking the sw design at  D:/Work/projects/zybo_z7_projects/DD_RF/vitis/RFsender_platform/zynq_fsbl/zynq_fsbl_bsp/system.mss
TRACE::2026-08-02.14:03:37::SCWMssOS::DEBUG:  swdes dump  D:/Work/projects/zybo_z7_projects/DD_RF/vitis/RFsender_platform/ps7_cortexa9_0/standalone_domain/bsp/system.mss|system_0||
D:/Work/projects/zybo_z7_projects/DD_RF/vitis/RFsender_platform/zynq_fsbl/zynq_fsbl_bsp/system.mss|system||

TRACE::2026-08-02.14:03:37::SCWMssOS::Sw design exists and opened at  D:/Work/projects/zybo_z7_projects/DD_RF/vitis/RFsender_platform/zynq_fsbl/zynq_fsbl_bsp/system.mss
TRACE::2026-08-02.14:03:37::SCWMssOS:: library already available in sw design:  xilffs:5.3
TRACE::2026-08-02.14:03:37::SCWPlatform::Trying to open the hw design at D:/Work/projects/zybo_z7_projects/DD_RF/vitis/RFsender_platform/hw/topSystem.xsa
TRACE::2026-08-02.14:03:37::SCWPlatform::DSA given D:/Work/projects/zybo_z7_projects/DD_RF/vitis/RFsender_platform/hw/topSystem.xsa
TRACE::2026-08-02.14:03:37::SCWPlatform::DSA absoulate path D:/Work/projects/zybo_z7_projects/DD_RF/vitis/RFsender_platform/hw/topSystem.xsa
TRACE::2026-08-02.14:03:37::SCWPlatform::DSA directory D:/Work/projects/zybo_z7_projects/DD_RF/vitis/RFsender_platform/hw
TRACE::2026-08-02.14:03:37::SCWPlatform:: Platform Path D:/Work/projects/zybo_z7_projects/DD_RF/vitis/RFsender_platform/hw/topSystem.xsa
TRACE::2026-08-02.14:03:37::SCWPlatform:: Unique name xilinx:zybo-z7-10::0.0
TRACE::2026-08-02.14:03:37::SCWPlatform::Trying to set the existing hwdb with name topSystem_3
TRACE::2026-08-02.14:03:37::SCWPlatform::Opened existing hwdb topSystem_3
TRACE::2026-08-02.14:03:37::SCWPlatform::Found the Hw Db part of the input DSA
TRACE::2026-08-02.14:03:37::SCWMssOS::Checking the sw design at  D:/Work/projects/zybo_z7_projects/DD_RF/vitis/RFsender_platform/zynq_fsbl/zynq_fsbl_bsp/system.mss
TRACE::2026-08-02.14:03:37::SCWMssOS::DEBUG:  swdes dump  D:/Work/projects/zybo_z7_projects/DD_RF/vitis/RFsender_platform/ps7_cortexa9_0/standalone_domain/bsp/system.mss|system_0||
D:/Work/projects/zybo_z7_projects/DD_RF/vitis/RFsender_platform/zynq_fsbl/zynq_fsbl_bsp/system.mss|system||

TRACE::2026-08-02.14:03:37::SCWMssOS::Sw design exists and opened at  D:/Work/projects/zybo_z7_projects/DD_RF/vitis/RFsender_platform/zynq_fsbl/zynq_fsbl_bsp/system.mss
TRACE::2026-08-02.14:03:37::SCWMssOS:: library already available in sw design:  xilrsa:1.8
TRACE::2026-08-02.14:03:37::SCWMssOS::Saving the mss changes D:/Work/projects/zybo_z7_projects/DD_RF/vitis/RFsender_platform/zynq_fsbl/zynq_fsbl_bsp/system.mss
TRACE::2026-08-02.14:03:37::SCWMssOS::Found a swdesign opened with the mssfile.
TRACE::2026-08-02.14:03:37::SCWMssOS::Completed writemss as part of save.
TRACE::2026-08-02.14:03:37::SCWMssOS::Commit changes completed.
TRACE::2026-08-02.14:03:37::SCWPlatform::Trying to open the hw design at D:/Work/projects/zybo_z7_projects/DD_RF/vitis/RFsender_platform/hw/topSystem.xsa
TRACE::2026-08-02.14:03:37::SCWPlatform::DSA given D:/Work/projects/zybo_z7_projects/DD_RF/vitis/RFsender_platform/hw/topSystem.xsa
TRACE::2026-08-02.14:03:38::SCWPlatform::DSA absoulate path D:/Work/projects/zybo_z7_projects/DD_RF/vitis/RFsender_platform/hw/topSystem.xsa
TRACE::2026-08-02.14:03:38::SCWPlatform::DSA directory D:/Work/projects/zybo_z7_projects/DD_RF/vitis/RFsender_platform/hw
TRACE::2026-08-02.14:03:38::SCWPlatform:: Platform Path D:/Work/projects/zybo_z7_projects/DD_RF/vitis/RFsender_platform/hw/topSystem.xsa
TRACE::2026-08-02.14:03:38::SCWPlatform:: Unique name xilinx:zybo-z7-10::0.0
TRACE::2026-08-02.14:03:38::SCWPlatform::Trying to set the existing hwdb with name topSystem_3
TRACE::2026-08-02.14:03:38::SCWPlatform::Opened existing hwdb topSystem_3
TRACE::2026-08-02.14:03:38::SCWPlatform::Found the Hw Db part of the input DSA
TRACE::2026-08-02.14:03:38::SCWMssOS::Checking the sw design at  D:/Work/projects/zybo_z7_projects/DD_RF/vitis/RFsender_platform/zynq_fsbl/zynq_fsbl_bsp/system.mss
TRACE::2026-08-02.14:03:38::SCWMssOS::DEBUG:  swdes dump  D:/Work/projects/zybo_z7_projects/DD_RF/vitis/RFsender_platform/ps7_cortexa9_0/standalone_domain/bsp/system.mss|system_0||
D:/Work/projects/zybo_z7_projects/DD_RF/vitis/RFsender_platform/zynq_fsbl/zynq_fsbl_bsp/system.mss|system||

TRACE::2026-08-02.14:03:38::SCWMssOS::Sw design exists and opened at  D:/Work/projects/zybo_z7_projects/DD_RF/vitis/RFsender_platform/zynq_fsbl/zynq_fsbl_bsp/system.mss
TRACE::2026-08-02.14:03:38::SCWMssOS::Removing the swdes entry for  D:/Work/projects/zybo_z7_projects/DD_RF/vitis/RFsender_platform/zynq_fsbl/zynq_fsbl_bsp/system.mss
TRACE::2026-08-02.14:03:39::SCWPlatform::Trying to open the hw design at D:/Work/projects/zybo_z7_projects/DD_RF/vitis/RFsender_platform/hw/topSystem.xsa
TRACE::2026-08-02.14:03:39::SCWPlatform::DSA given D:/Work/projects/zybo_z7_projects/DD_RF/vitis/RFsender_platform/hw/topSystem.xsa
TRACE::2026-08-02.14:03:39::SCWPlatform::DSA absoulate path D:/Work/projects/zybo_z7_projects/DD_RF/vitis/RFsender_platform/hw/topSystem.xsa
TRACE::2026-08-02.14:03:39::SCWPlatform::DSA directory D:/Work/projects/zybo_z7_projects/DD_RF/vitis/RFsender_platform/hw
TRACE::2026-08-02.14:03:39::SCWPlatform:: Platform Path D:/Work/projects/zybo_z7_projects/DD_RF/vitis/RFsender_platform/hw/topSystem.xsa
TRACE::2026-08-02.14:03:39::SCWPlatform:: Unique name xilinx:zybo-z7-10::0.0
TRACE::2026-08-02.14:03:39::SCWPlatform::Trying to set the existing hwdb with name topSystem_3
TRACE::2026-08-02.14:03:39::SCWPlatform::Opened existing hwdb topSystem_3
TRACE::2026-08-02.14:03:39::SCWPlatform::Found the Hw Db part of the input DSA
TRACE::2026-08-02.14:03:39::SCWMssOS::Checking the sw design at  D:/Work/projects/zybo_z7_projects/DD_RF/vitis/RFsender_platform/zynq_fsbl/zynq_fsbl_bsp/system.mss
TRACE::2026-08-02.14:03:39::SCWMssOS::DEBUG:  swdes dump  D:/Work/projects/zybo_z7_projects/DD_RF/vitis/RFsender_platform/ps7_cortexa9_0/standalone_domain/bsp/system.mss|system_0||

TRACE::2026-08-02.14:03:39::SCWMssOS::No sw design opened at  D:/Work/projects/zybo_z7_projects/DD_RF/vitis/RFsender_platform/zynq_fsbl/zynq_fsbl_bsp/system.mss
TRACE::2026-08-02.14:03:39::SCWMssOS::mss exists loading the mss file  D:/Work/projects/zybo_z7_projects/DD_RF/vitis/RFsender_platform/zynq_fsbl/zynq_fsbl_bsp/system.mss
TRACE::2026-08-02.14:03:39::SCWMssOS::Opened the sw design from mss  D:/Work/projects/zybo_z7_projects/DD_RF/vitis/RFsender_platform/zynq_fsbl/zynq_fsbl_bsp/system.mss
TRACE::2026-08-02.14:03:39::SCWMssOS::Adding the swdes entry D:/Work/projects/zybo_z7_projects/DD_RF/vitis/RFsender_platform/zynq_fsbl/zynq_fsbl_bsp/system.mss with des name system
TRACE::2026-08-02.14:03:39::SCWMssOS::updating the scw layer about changes
TRACE::2026-08-02.14:03:39::SCWMssOS::Opened the sw design.  D:/Work/projects/zybo_z7_projects/DD_RF/vitis/RFsender_platform/zynq_fsbl/zynq_fsbl_bsp/system.mss
TRACE::2026-08-02.14:03:52::SCWMssOS::In reload Mss file.
TRACE::2026-08-02.14:03:52::SCWPlatform::Trying to open the hw design at D:/Work/projects/zybo_z7_projects/DD_RF/vitis/RFsender_platform/hw/topSystem.xsa
TRACE::2026-08-02.14:03:52::SCWPlatform::DSA given D:/Work/projects/zybo_z7_projects/DD_RF/vitis/RFsender_platform/hw/topSystem.xsa
TRACE::2026-08-02.14:03:52::SCWPlatform::DSA absoulate path D:/Work/projects/zybo_z7_projects/DD_RF/vitis/RFsender_platform/hw/topSystem.xsa
TRACE::2026-08-02.14:03:52::SCWPlatform::DSA directory D:/Work/projects/zybo_z7_projects/DD_RF/vitis/RFsender_platform/hw
TRACE::2026-08-02.14:03:52::SCWPlatform:: Platform Path D:/Work/projects/zybo_z7_projects/DD_RF/vitis/RFsender_platform/hw/topSystem.xsa
TRACE::2026-08-02.14:03:52::SCWPlatform:: Unique name xilinx:zybo-z7-10::0.0
TRACE::2026-08-02.14:03:52::SCWPlatform::Trying to set the existing hwdb with name topSystem_3
TRACE::2026-08-02.14:03:52::SCWPlatform::Opened existing hwdb topSystem_3
TRACE::2026-08-02.14:03:52::SCWPlatform::Found the Hw Db part of the input DSA
TRACE::2026-08-02.14:03:52::SCWMssOS::Checking the sw design at  D:/Work/projects/zybo_z7_projects/DD_RF/vitis/RFsender_platform/zynq_fsbl/zynq_fsbl_bsp/system.mss
TRACE::2026-08-02.14:03:52::SCWMssOS::DEBUG:  swdes dump  D:/Work/projects/zybo_z7_projects/DD_RF/vitis/RFsender_platform/ps7_cortexa9_0/standalone_domain/bsp/system.mss|system_0||

TRACE::2026-08-02.14:03:52::SCWMssOS::No sw design opened at  D:/Work/projects/zybo_z7_projects/DD_RF/vitis/RFsender_platform/zynq_fsbl/zynq_fsbl_bsp/system.mss
TRACE::2026-08-02.14:03:52::SCWMssOS::mss exists loading the mss file  D:/Work/projects/zybo_z7_projects/DD_RF/vitis/RFsender_platform/zynq_fsbl/zynq_fsbl_bsp/system.mss
TRACE::2026-08-02.14:03:52::SCWMssOS::Opened the sw design from mss  D:/Work/projects/zybo_z7_projects/DD_RF/vitis/RFsender_platform/zynq_fsbl/zynq_fsbl_bsp/system.mss
TRACE::2026-08-02.14:03:52::SCWMssOS::Adding the swdes entry D:/Work/projects/zybo_z7_projects/DD_RF/vitis/RFsender_platform/zynq_fsbl/zynq_fsbl_bsp/system.mss with des name system
TRACE::2026-08-02.14:03:52::SCWMssOS::updating the scw layer about changes
TRACE::2026-08-02.14:03:52::SCWMssOS::Opened the sw design.  D:/Work/projects/zybo_z7_projects/DD_RF/vitis/RFsender_platform/zynq_fsbl/zynq_fsbl_bsp/system.mss
TRACE::2026-08-02.14:03:52::SCWPlatform::Trying to open the hw design at D:/Work/projects/zybo_z7_projects/DD_RF/vitis/RFsender_platform/hw/topSystem.xsa
TRACE::2026-08-02.14:03:52::SCWPlatform::DSA given D:/Work/projects/zybo_z7_projects/DD_RF/vitis/RFsender_platform/hw/topSystem.xsa
TRACE::2026-08-02.14:03:52::SCWPlatform::DSA absoulate path D:/Work/projects/zybo_z7_projects/DD_RF/vitis/RFsender_platform/hw/topSystem.xsa
TRACE::2026-08-02.14:03:52::SCWPlatform::DSA directory D:/Work/projects/zybo_z7_projects/DD_RF/vitis/RFsender_platform/hw
TRACE::2026-08-02.14:03:52::SCWPlatform:: Platform Path D:/Work/projects/zybo_z7_projects/DD_RF/vitis/RFsender_platform/hw/topSystem.xsa
TRACE::2026-08-02.14:03:52::SCWPlatform:: Unique name xilinx:zybo-z7-10::0.0
TRACE::2026-08-02.14:03:52::SCWPlatform::Trying to set the existing hwdb with name topSystem_3
TRACE::2026-08-02.14:03:52::SCWPlatform::Opened existing hwdb topSystem_3
TRACE::2026-08-02.14:03:52::SCWPlatform::Found the Hw Db part of the input DSA
TRACE::2026-08-02.14:03:52::SCWMssOS::Checking the sw design at  D:/Work/projects/zybo_z7_projects/DD_RF/vitis/RFsender_platform/zynq_fsbl/zynq_fsbl_bsp/system.mss
TRACE::2026-08-02.14:03:52::SCWMssOS::DEBUG:  swdes dump  D:/Work/projects/zybo_z7_projects/DD_RF/vitis/RFsender_platform/ps7_cortexa9_0/standalone_domain/bsp/system.mss|system_0||
D:/Work/projects/zybo_z7_projects/DD_RF/vitis/RFsender_platform/zynq_fsbl/zynq_fsbl_bsp/system.mss|system||

TRACE::2026-08-02.14:03:52::SCWMssOS::Sw design exists and opened at  D:/Work/projects/zybo_z7_projects/DD_RF/vitis/RFsender_platform/zynq_fsbl/zynq_fsbl_bsp/system.mss
TRACE::2026-08-02.14:03:52::SCWMssOS:: library already available in sw design:  xilffs:5.3
TRACE::2026-08-02.14:03:52::SCWPlatform::Trying to open the hw design at D:/Work/projects/zybo_z7_projects/DD_RF/vitis/RFsender_platform/hw/topSystem.xsa
TRACE::2026-08-02.14:03:52::SCWPlatform::DSA given D:/Work/projects/zybo_z7_projects/DD_RF/vitis/RFsender_platform/hw/topSystem.xsa
TRACE::2026-08-02.14:03:52::SCWPlatform::DSA absoulate path D:/Work/projects/zybo_z7_projects/DD_RF/vitis/RFsender_platform/hw/topSystem.xsa
TRACE::2026-08-02.14:03:52::SCWPlatform::DSA directory D:/Work/projects/zybo_z7_projects/DD_RF/vitis/RFsender_platform/hw
TRACE::2026-08-02.14:03:52::SCWPlatform:: Platform Path D:/Work/projects/zybo_z7_projects/DD_RF/vitis/RFsender_platform/hw/topSystem.xsa
TRACE::2026-08-02.14:03:52::SCWPlatform:: Unique name xilinx:zybo-z7-10::0.0
TRACE::2026-08-02.14:03:52::SCWPlatform::Trying to set the existing hwdb with name topSystem_3
TRACE::2026-08-02.14:03:52::SCWPlatform::Opened existing hwdb topSystem_3
TRACE::2026-08-02.14:03:52::SCWPlatform::Found the Hw Db part of the input DSA
TRACE::2026-08-02.14:03:52::SCWMssOS::Checking the sw design at  D:/Work/projects/zybo_z7_projects/DD_RF/vitis/RFsender_platform/zynq_fsbl/zynq_fsbl_bsp/system.mss
TRACE::2026-08-02.14:03:52::SCWMssOS::DEBUG:  swdes dump  D:/Work/projects/zybo_z7_projects/DD_RF/vitis/RFsender_platform/ps7_cortexa9_0/standalone_domain/bsp/system.mss|system_0||
D:/Work/projects/zybo_z7_projects/DD_RF/vitis/RFsender_platform/zynq_fsbl/zynq_fsbl_bsp/system.mss|system||

TRACE::2026-08-02.14:03:52::SCWMssOS::Sw design exists and opened at  D:/Work/projects/zybo_z7_projects/DD_RF/vitis/RFsender_platform/zynq_fsbl/zynq_fsbl_bsp/system.mss
TRACE::2026-08-02.14:03:52::SCWMssOS:: library already available in sw design:  xilrsa:1.8
TRACE::2026-08-02.14:03:52::SCWMssOS::Saving the mss changes D:/Work/projects/zybo_z7_projects/DD_RF/vitis/RFsender_platform/zynq_fsbl/zynq_fsbl_bsp/system.mss
TRACE::2026-08-02.14:03:52::SCWMssOS::Found a swdesign opened with the mssfile.
TRACE::2026-08-02.14:03:52::SCWMssOS::Completed writemss as part of save.
TRACE::2026-08-02.14:03:52::SCWMssOS::Commit changes completed.
TRACE::2026-08-02.14:03:52::SCWPlatform::Trying to open the hw design at D:/Work/projects/zybo_z7_projects/DD_RF/vitis/RFsender_platform/hw/topSystem.xsa
TRACE::2026-08-02.14:03:52::SCWPlatform::DSA given D:/Work/projects/zybo_z7_projects/DD_RF/vitis/RFsender_platform/hw/topSystem.xsa
TRACE::2026-08-02.14:03:52::SCWPlatform::DSA absoulate path D:/Work/projects/zybo_z7_projects/DD_RF/vitis/RFsender_platform/hw/topSystem.xsa
TRACE::2026-08-02.14:03:52::SCWPlatform::DSA directory D:/Work/projects/zybo_z7_projects/DD_RF/vitis/RFsender_platform/hw
TRACE::2026-08-02.14:03:52::SCWPlatform:: Platform Path D:/Work/projects/zybo_z7_projects/DD_RF/vitis/RFsender_platform/hw/topSystem.xsa
TRACE::2026-08-02.14:03:52::SCWPlatform:: Unique name xilinx:zybo-z7-10::0.0
TRACE::2026-08-02.14:03:52::SCWPlatform::Trying to set the existing hwdb with name topSystem_3
TRACE::2026-08-02.14:03:52::SCWPlatform::Opened existing hwdb topSystem_3
TRACE::2026-08-02.14:03:52::SCWPlatform::Found the Hw Db part of the input DSA
TRACE::2026-08-02.14:03:52::SCWMssOS::Checking the sw design at  D:/Work/projects/zybo_z7_projects/DD_RF/vitis/RFsender_platform/zynq_fsbl/zynq_fsbl_bsp/system.mss
TRACE::2026-08-02.14:03:52::SCWMssOS::DEBUG:  swdes dump  D:/Work/projects/zybo_z7_projects/DD_RF/vitis/RFsender_platform/ps7_cortexa9_0/standalone_domain/bsp/system.mss|system_0||
D:/Work/projects/zybo_z7_projects/DD_RF/vitis/RFsender_platform/zynq_fsbl/zynq_fsbl_bsp/system.mss|system||

TRACE::2026-08-02.14:03:52::SCWMssOS::Sw design exists and opened at  D:/Work/projects/zybo_z7_projects/DD_RF/vitis/RFsender_platform/zynq_fsbl/zynq_fsbl_bsp/system.mss
TRACE::2026-08-02.14:03:52::SCWMssOS::Removing the swdes entry for  D:/Work/projects/zybo_z7_projects/DD_RF/vitis/RFsender_platform/zynq_fsbl/zynq_fsbl_bsp/system.mss
TRACE::2026-08-02.14:04:00::SCWPlatform::Trying to open the hw design at D:/Work/projects/zybo_z7_projects/DD_RF/vitis/RFsender_platform/hw/topSystem.xsa
TRACE::2026-08-02.14:04:00::SCWPlatform::DSA given D:/Work/projects/zybo_z7_projects/DD_RF/vitis/RFsender_platform/hw/topSystem.xsa
TRACE::2026-08-02.14:04:00::SCWPlatform::DSA absoulate path D:/Work/projects/zybo_z7_projects/DD_RF/vitis/RFsender_platform/hw/topSystem.xsa
TRACE::2026-08-02.14:04:00::SCWPlatform::DSA directory D:/Work/projects/zybo_z7_projects/DD_RF/vitis/RFsender_platform/hw
TRACE::2026-08-02.14:04:00::SCWPlatform:: Platform Path D:/Work/projects/zybo_z7_projects/DD_RF/vitis/RFsender_platform/hw/topSystem.xsa
TRACE::2026-08-02.14:04:00::SCWPlatform:: Unique name xilinx:zybo-z7-10::0.0
TRACE::2026-08-02.14:04:00::SCWPlatform::Trying to set the existing hwdb with name topSystem_3
TRACE::2026-08-02.14:04:00::SCWPlatform::Opened existing hwdb topSystem_3
TRACE::2026-08-02.14:04:00::SCWPlatform::Found the Hw Db part of the input DSA
TRACE::2026-08-02.14:04:00::SCWMssOS::Checking the sw design at  D:/Work/projects/zybo_z7_projects/DD_RF/vitis/RFsender_platform/zynq_fsbl/zynq_fsbl_bsp/system.mss
TRACE::2026-08-02.14:04:00::SCWMssOS::DEBUG:  swdes dump  D:/Work/projects/zybo_z7_projects/DD_RF/vitis/RFsender_platform/ps7_cortexa9_0/standalone_domain/bsp/system.mss|system_0||

TRACE::2026-08-02.14:04:00::SCWMssOS::No sw design opened at  D:/Work/projects/zybo_z7_projects/DD_RF/vitis/RFsender_platform/zynq_fsbl/zynq_fsbl_bsp/system.mss
TRACE::2026-08-02.14:04:00::SCWMssOS::mss exists loading the mss file  D:/Work/projects/zybo_z7_projects/DD_RF/vitis/RFsender_platform/zynq_fsbl/zynq_fsbl_bsp/system.mss
TRACE::2026-08-02.14:04:00::SCWMssOS::Opened the sw design from mss  D:/Work/projects/zybo_z7_projects/DD_RF/vitis/RFsender_platform/zynq_fsbl/zynq_fsbl_bsp/system.mss
TRACE::2026-08-02.14:04:00::SCWMssOS::Adding the swdes entry D:/Work/projects/zybo_z7_projects/DD_RF/vitis/RFsender_platform/zynq_fsbl/zynq_fsbl_bsp/system.mss with des name system
TRACE::2026-08-02.14:04:00::SCWMssOS::updating the scw layer about changes
TRACE::2026-08-02.14:04:00::SCWMssOS::Opened the sw design.  D:/Work/projects/zybo_z7_projects/DD_RF/vitis/RFsender_platform/zynq_fsbl/zynq_fsbl_bsp/system.mss
TRACE::2026-08-02.14:04:09::SCWMssOS::In reload Mss file.
TRACE::2026-08-02.14:04:09::SCWPlatform::Trying to open the hw design at D:/Work/projects/zybo_z7_projects/DD_RF/vitis/RFsender_platform/hw/topSystem.xsa
TRACE::2026-08-02.14:04:09::SCWPlatform::DSA given D:/Work/projects/zybo_z7_projects/DD_RF/vitis/RFsender_platform/hw/topSystem.xsa
TRACE::2026-08-02.14:04:09::SCWPlatform::DSA absoulate path D:/Work/projects/zybo_z7_projects/DD_RF/vitis/RFsender_platform/hw/topSystem.xsa
TRACE::2026-08-02.14:04:09::SCWPlatform::DSA directory D:/Work/projects/zybo_z7_projects/DD_RF/vitis/RFsender_platform/hw
TRACE::2026-08-02.14:04:09::SCWPlatform:: Platform Path D:/Work/projects/zybo_z7_projects/DD_RF/vitis/RFsender_platform/hw/topSystem.xsa
TRACE::2026-08-02.14:04:09::SCWPlatform:: Unique name xilinx:zybo-z7-10::0.0
TRACE::2026-08-02.14:04:09::SCWPlatform::Trying to set the existing hwdb with name topSystem_3
TRACE::2026-08-02.14:04:09::SCWPlatform::Opened existing hwdb topSystem_3
TRACE::2026-08-02.14:04:09::SCWPlatform::Found the Hw Db part of the input DSA
TRACE::2026-08-02.14:04:09::SCWMssOS::Checking the sw design at  D:/Work/projects/zybo_z7_projects/DD_RF/vitis/RFsender_platform/zynq_fsbl/zynq_fsbl_bsp/system.mss
TRACE::2026-08-02.14:04:09::SCWMssOS::DEBUG:  swdes dump  D:/Work/projects/zybo_z7_projects/DD_RF/vitis/RFsender_platform/ps7_cortexa9_0/standalone_domain/bsp/system.mss|system_0||

TRACE::2026-08-02.14:04:09::SCWMssOS::No sw design opened at  D:/Work/projects/zybo_z7_projects/DD_RF/vitis/RFsender_platform/zynq_fsbl/zynq_fsbl_bsp/system.mss
TRACE::2026-08-02.14:04:09::SCWMssOS::mss exists loading the mss file  D:/Work/projects/zybo_z7_projects/DD_RF/vitis/RFsender_platform/zynq_fsbl/zynq_fsbl_bsp/system.mss
TRACE::2026-08-02.14:04:09::SCWMssOS::Opened the sw design from mss  D:/Work/projects/zybo_z7_projects/DD_RF/vitis/RFsender_platform/zynq_fsbl/zynq_fsbl_bsp/system.mss
TRACE::2026-08-02.14:04:09::SCWMssOS::Adding the swdes entry D:/Work/projects/zybo_z7_projects/DD_RF/vitis/RFsender_platform/zynq_fsbl/zynq_fsbl_bsp/system.mss with des name system
TRACE::2026-08-02.14:04:09::SCWMssOS::updating the scw layer about changes
TRACE::2026-08-02.14:04:09::SCWMssOS::Opened the sw design.  D:/Work/projects/zybo_z7_projects/DD_RF/vitis/RFsender_platform/zynq_fsbl/zynq_fsbl_bsp/system.mss
TRACE::2026-08-02.14:04:09::SCWPlatform::Trying to open the hw design at D:/Work/projects/zybo_z7_projects/DD_RF/vitis/RFsender_platform/hw/topSystem.xsa
TRACE::2026-08-02.14:04:09::SCWPlatform::DSA given D:/Work/projects/zybo_z7_projects/DD_RF/vitis/RFsender_platform/hw/topSystem.xsa
TRACE::2026-08-02.14:04:09::SCWPlatform::DSA absoulate path D:/Work/projects/zybo_z7_projects/DD_RF/vitis/RFsender_platform/hw/topSystem.xsa
TRACE::2026-08-02.14:04:09::SCWPlatform::DSA directory D:/Work/projects/zybo_z7_projects/DD_RF/vitis/RFsender_platform/hw
TRACE::2026-08-02.14:04:09::SCWPlatform:: Platform Path D:/Work/projects/zybo_z7_projects/DD_RF/vitis/RFsender_platform/hw/topSystem.xsa
TRACE::2026-08-02.14:04:09::SCWPlatform:: Unique name xilinx:zybo-z7-10::0.0
TRACE::2026-08-02.14:04:09::SCWPlatform::Trying to set the existing hwdb with name topSystem_3
TRACE::2026-08-02.14:04:09::SCWPlatform::Opened existing hwdb topSystem_3
TRACE::2026-08-02.14:04:09::SCWPlatform::Found the Hw Db part of the input DSA
TRACE::2026-08-02.14:04:09::SCWMssOS::Checking the sw design at  D:/Work/projects/zybo_z7_projects/DD_RF/vitis/RFsender_platform/zynq_fsbl/zynq_fsbl_bsp/system.mss
TRACE::2026-08-02.14:04:09::SCWMssOS::DEBUG:  swdes dump  D:/Work/projects/zybo_z7_projects/DD_RF/vitis/RFsender_platform/ps7_cortexa9_0/standalone_domain/bsp/system.mss|system_0||
D:/Work/projects/zybo_z7_projects/DD_RF/vitis/RFsender_platform/zynq_fsbl/zynq_fsbl_bsp/system.mss|system||

TRACE::2026-08-02.14:04:09::SCWMssOS::Sw design exists and opened at  D:/Work/projects/zybo_z7_projects/DD_RF/vitis/RFsender_platform/zynq_fsbl/zynq_fsbl_bsp/system.mss
TRACE::2026-08-02.14:04:09::SCWMssOS:: library already available in sw design:  xilffs:5.3
TRACE::2026-08-02.14:04:09::SCWPlatform::Trying to open the hw design at D:/Work/projects/zybo_z7_projects/DD_RF/vitis/RFsender_platform/hw/topSystem.xsa
TRACE::2026-08-02.14:04:09::SCWPlatform::DSA given D:/Work/projects/zybo_z7_projects/DD_RF/vitis/RFsender_platform/hw/topSystem.xsa
TRACE::2026-08-02.14:04:09::SCWPlatform::DSA absoulate path D:/Work/projects/zybo_z7_projects/DD_RF/vitis/RFsender_platform/hw/topSystem.xsa
TRACE::2026-08-02.14:04:09::SCWPlatform::DSA directory D:/Work/projects/zybo_z7_projects/DD_RF/vitis/RFsender_platform/hw
TRACE::2026-08-02.14:04:09::SCWPlatform:: Platform Path D:/Work/projects/zybo_z7_projects/DD_RF/vitis/RFsender_platform/hw/topSystem.xsa
TRACE::2026-08-02.14:04:09::SCWPlatform:: Unique name xilinx:zybo-z7-10::0.0
TRACE::2026-08-02.14:04:09::SCWPlatform::Trying to set the existing hwdb with name topSystem_3
TRACE::2026-08-02.14:04:09::SCWPlatform::Opened existing hwdb topSystem_3
TRACE::2026-08-02.14:04:09::SCWPlatform::Found the Hw Db part of the input DSA
TRACE::2026-08-02.14:04:09::SCWMssOS::Checking the sw design at  D:/Work/projects/zybo_z7_projects/DD_RF/vitis/RFsender_platform/zynq_fsbl/zynq_fsbl_bsp/system.mss
TRACE::2026-08-02.14:04:09::SCWMssOS::DEBUG:  swdes dump  D:/Work/projects/zybo_z7_projects/DD_RF/vitis/RFsender_platform/ps7_cortexa9_0/standalone_domain/bsp/system.mss|system_0||
D:/Work/projects/zybo_z7_projects/DD_RF/vitis/RFsender_platform/zynq_fsbl/zynq_fsbl_bsp/system.mss|system||

TRACE::2026-08-02.14:04:09::SCWMssOS::Sw design exists and opened at  D:/Work/projects/zybo_z7_projects/DD_RF/vitis/RFsender_platform/zynq_fsbl/zynq_fsbl_bsp/system.mss
TRACE::2026-08-02.14:04:09::SCWMssOS:: library already available in sw design:  xilrsa:1.8
TRACE::2026-08-02.14:04:09::SCWMssOS::Saving the mss changes D:/Work/projects/zybo_z7_projects/DD_RF/vitis/RFsender_platform/zynq_fsbl/zynq_fsbl_bsp/system.mss
TRACE::2026-08-02.14:04:09::SCWMssOS::Found a swdesign opened with the mssfile.
TRACE::2026-08-02.14:04:09::SCWMssOS::Completed writemss as part of save.
TRACE::2026-08-02.14:04:09::SCWMssOS::Commit changes completed.
TRACE::2026-08-02.14:04:09::SCWPlatform::Trying to open the hw design at D:/Work/projects/zybo_z7_projects/DD_RF/vitis/RFsender_platform/hw/topSystem.xsa
TRACE::2026-08-02.14:04:09::SCWPlatform::DSA given D:/Work/projects/zybo_z7_projects/DD_RF/vitis/RFsender_platform/hw/topSystem.xsa
TRACE::2026-08-02.14:04:09::SCWPlatform::DSA absoulate path D:/Work/projects/zybo_z7_projects/DD_RF/vitis/RFsender_platform/hw/topSystem.xsa
TRACE::2026-08-02.14:04:09::SCWPlatform::DSA directory D:/Work/projects/zybo_z7_projects/DD_RF/vitis/RFsender_platform/hw
TRACE::2026-08-02.14:04:09::SCWPlatform:: Platform Path D:/Work/projects/zybo_z7_projects/DD_RF/vitis/RFsender_platform/hw/topSystem.xsa
TRACE::2026-08-02.14:04:09::SCWPlatform:: Unique name xilinx:zybo-z7-10::0.0
TRACE::2026-08-02.14:04:09::SCWPlatform::Trying to set the existing hwdb with name topSystem_3
TRACE::2026-08-02.14:04:09::SCWPlatform::Opened existing hwdb topSystem_3
TRACE::2026-08-02.14:04:09::SCWPlatform::Found the Hw Db part of the input DSA
TRACE::2026-08-02.14:04:09::SCWMssOS::Checking the sw design at  D:/Work/projects/zybo_z7_projects/DD_RF/vitis/RFsender_platform/zynq_fsbl/zynq_fsbl_bsp/system.mss
TRACE::2026-08-02.14:04:09::SCWMssOS::DEBUG:  swdes dump  D:/Work/projects/zybo_z7_projects/DD_RF/vitis/RFsender_platform/ps7_cortexa9_0/standalone_domain/bsp/system.mss|system_0||
D:/Work/projects/zybo_z7_projects/DD_RF/vitis/RFsender_platform/zynq_fsbl/zynq_fsbl_bsp/system.mss|system||

TRACE::2026-08-02.14:04:09::SCWMssOS::Sw design exists and opened at  D:/Work/projects/zybo_z7_projects/DD_RF/vitis/RFsender_platform/zynq_fsbl/zynq_fsbl_bsp/system.mss
TRACE::2026-08-02.14:04:09::SCWMssOS::Removing the swdes entry for  D:/Work/projects/zybo_z7_projects/DD_RF/vitis/RFsender_platform/zynq_fsbl/zynq_fsbl_bsp/system.mss
TRACE::2026-08-02.14:04:47::SCWPlatform::Trying to open the hw design at D:/Work/projects/zybo_z7_projects/DD_RF/vitis/RFsender_platform/hw/topSystem.xsa
TRACE::2026-08-02.14:04:47::SCWPlatform::DSA given D:/Work/projects/zybo_z7_projects/DD_RF/vitis/RFsender_platform/hw/topSystem.xsa
TRACE::2026-08-02.14:04:47::SCWPlatform::DSA absoulate path D:/Work/projects/zybo_z7_projects/DD_RF/vitis/RFsender_platform/hw/topSystem.xsa
TRACE::2026-08-02.14:04:47::SCWPlatform::DSA directory D:/Work/projects/zybo_z7_projects/DD_RF/vitis/RFsender_platform/hw
TRACE::2026-08-02.14:04:47::SCWPlatform:: Platform Path D:/Work/projects/zybo_z7_projects/DD_RF/vitis/RFsender_platform/hw/topSystem.xsa
TRACE::2026-08-02.14:04:47::SCWPlatform:: Unique name xilinx:zybo-z7-10::0.0
TRACE::2026-08-02.14:04:47::SCWPlatform::Trying to set the existing hwdb with name topSystem_3
TRACE::2026-08-02.14:04:47::SCWPlatform::Opened existing hwdb topSystem_3
TRACE::2026-08-02.14:04:47::SCWPlatform::Found the Hw Db part of the input DSA
TRACE::2026-08-02.14:04:47::SCWMssOS::Checking the sw design at  D:/Work/projects/zybo_z7_projects/DD_RF/vitis/RFsender_platform/zynq_fsbl/zynq_fsbl_bsp/system.mss
TRACE::2026-08-02.14:04:47::SCWMssOS::DEBUG:  swdes dump  D:/Work/projects/zybo_z7_projects/DD_RF/vitis/RFsender_platform/ps7_cortexa9_0/standalone_domain/bsp/system.mss|system_0||

TRACE::2026-08-02.14:04:47::SCWMssOS::No sw design opened at  D:/Work/projects/zybo_z7_projects/DD_RF/vitis/RFsender_platform/zynq_fsbl/zynq_fsbl_bsp/system.mss
TRACE::2026-08-02.14:04:47::SCWMssOS::mss exists loading the mss file  D:/Work/projects/zybo_z7_projects/DD_RF/vitis/RFsender_platform/zynq_fsbl/zynq_fsbl_bsp/system.mss
TRACE::2026-08-02.14:04:47::SCWMssOS::Opened the sw design from mss  D:/Work/projects/zybo_z7_projects/DD_RF/vitis/RFsender_platform/zynq_fsbl/zynq_fsbl_bsp/system.mss
TRACE::2026-08-02.14:04:47::SCWMssOS::Adding the swdes entry D:/Work/projects/zybo_z7_projects/DD_RF/vitis/RFsender_platform/zynq_fsbl/zynq_fsbl_bsp/system.mss with des name system
TRACE::2026-08-02.14:04:47::SCWMssOS::updating the scw layer about changes
TRACE::2026-08-02.14:04:47::SCWMssOS::Opened the sw design.  D:/Work/projects/zybo_z7_projects/DD_RF/vitis/RFsender_platform/zynq_fsbl/zynq_fsbl_bsp/system.mss
TRACE::2026-08-02.14:04:50::SCWMssOS::In reload Mss file.
TRACE::2026-08-02.14:04:50::SCWPlatform::Trying to open the hw design at D:/Work/projects/zybo_z7_projects/DD_RF/vitis/RFsender_platform/hw/topSystem.xsa
TRACE::2026-08-02.14:04:50::SCWPlatform::DSA given D:/Work/projects/zybo_z7_projects/DD_RF/vitis/RFsender_platform/hw/topSystem.xsa
TRACE::2026-08-02.14:04:50::SCWPlatform::DSA absoulate path D:/Work/projects/zybo_z7_projects/DD_RF/vitis/RFsender_platform/hw/topSystem.xsa
TRACE::2026-08-02.14:04:50::SCWPlatform::DSA directory D:/Work/projects/zybo_z7_projects/DD_RF/vitis/RFsender_platform/hw
TRACE::2026-08-02.14:04:50::SCWPlatform:: Platform Path D:/Work/projects/zybo_z7_projects/DD_RF/vitis/RFsender_platform/hw/topSystem.xsa
TRACE::2026-08-02.14:04:50::SCWPlatform:: Unique name xilinx:zybo-z7-10::0.0
TRACE::2026-08-02.14:04:50::SCWPlatform::Trying to set the existing hwdb with name topSystem_3
TRACE::2026-08-02.14:04:50::SCWPlatform::Opened existing hwdb topSystem_3
TRACE::2026-08-02.14:04:50::SCWPlatform::Found the Hw Db part of the input DSA
TRACE::2026-08-02.14:04:50::SCWMssOS::Checking the sw design at  D:/Work/projects/zybo_z7_projects/DD_RF/vitis/RFsender_platform/zynq_fsbl/zynq_fsbl_bsp/system.mss
TRACE::2026-08-02.14:04:50::SCWMssOS::DEBUG:  swdes dump  D:/Work/projects/zybo_z7_projects/DD_RF/vitis/RFsender_platform/ps7_cortexa9_0/standalone_domain/bsp/system.mss|system_0||

TRACE::2026-08-02.14:04:50::SCWMssOS::No sw design opened at  D:/Work/projects/zybo_z7_projects/DD_RF/vitis/RFsender_platform/zynq_fsbl/zynq_fsbl_bsp/system.mss
TRACE::2026-08-02.14:04:50::SCWMssOS::mss exists loading the mss file  D:/Work/projects/zybo_z7_projects/DD_RF/vitis/RFsender_platform/zynq_fsbl/zynq_fsbl_bsp/system.mss
TRACE::2026-08-02.14:04:50::SCWMssOS::Opened the sw design from mss  D:/Work/projects/zybo_z7_projects/DD_RF/vitis/RFsender_platform/zynq_fsbl/zynq_fsbl_bsp/system.mss
TRACE::2026-08-02.14:04:50::SCWMssOS::Adding the swdes entry D:/Work/projects/zybo_z7_projects/DD_RF/vitis/RFsender_platform/zynq_fsbl/zynq_fsbl_bsp/system.mss with des name system
TRACE::2026-08-02.14:04:50::SCWMssOS::updating the scw layer about changes
TRACE::2026-08-02.14:04:50::SCWMssOS::Opened the sw design.  D:/Work/projects/zybo_z7_projects/DD_RF/vitis/RFsender_platform/zynq_fsbl/zynq_fsbl_bsp/system.mss
TRACE::2026-08-02.14:04:50::SCWPlatform::Trying to open the hw design at D:/Work/projects/zybo_z7_projects/DD_RF/vitis/RFsender_platform/hw/topSystem.xsa
TRACE::2026-08-02.14:04:50::SCWPlatform::DSA given D:/Work/projects/zybo_z7_projects/DD_RF/vitis/RFsender_platform/hw/topSystem.xsa
TRACE::2026-08-02.14:04:50::SCWPlatform::DSA absoulate path D:/Work/projects/zybo_z7_projects/DD_RF/vitis/RFsender_platform/hw/topSystem.xsa
TRACE::2026-08-02.14:04:50::SCWPlatform::DSA directory D:/Work/projects/zybo_z7_projects/DD_RF/vitis/RFsender_platform/hw
TRACE::2026-08-02.14:04:50::SCWPlatform:: Platform Path D:/Work/projects/zybo_z7_projects/DD_RF/vitis/RFsender_platform/hw/topSystem.xsa
TRACE::2026-08-02.14:04:50::SCWPlatform:: Unique name xilinx:zybo-z7-10::0.0
TRACE::2026-08-02.14:04:50::SCWPlatform::Trying to set the existing hwdb with name topSystem_3
TRACE::2026-08-02.14:04:50::SCWPlatform::Opened existing hwdb topSystem_3
TRACE::2026-08-02.14:04:50::SCWPlatform::Found the Hw Db part of the input DSA
TRACE::2026-08-02.14:04:50::SCWMssOS::Checking the sw design at  D:/Work/projects/zybo_z7_projects/DD_RF/vitis/RFsender_platform/zynq_fsbl/zynq_fsbl_bsp/system.mss
TRACE::2026-08-02.14:04:50::SCWMssOS::DEBUG:  swdes dump  D:/Work/projects/zybo_z7_projects/DD_RF/vitis/RFsender_platform/ps7_cortexa9_0/standalone_domain/bsp/system.mss|system_0||
D:/Work/projects/zybo_z7_projects/DD_RF/vitis/RFsender_platform/zynq_fsbl/zynq_fsbl_bsp/system.mss|system||

TRACE::2026-08-02.14:04:50::SCWMssOS::Sw design exists and opened at  D:/Work/projects/zybo_z7_projects/DD_RF/vitis/RFsender_platform/zynq_fsbl/zynq_fsbl_bsp/system.mss
TRACE::2026-08-02.14:04:50::SCWMssOS:: library already available in sw design:  xilffs:5.3
TRACE::2026-08-02.14:04:50::SCWPlatform::Trying to open the hw design at D:/Work/projects/zybo_z7_projects/DD_RF/vitis/RFsender_platform/hw/topSystem.xsa
TRACE::2026-08-02.14:04:50::SCWPlatform::DSA given D:/Work/projects/zybo_z7_projects/DD_RF/vitis/RFsender_platform/hw/topSystem.xsa
TRACE::2026-08-02.14:04:50::SCWPlatform::DSA absoulate path D:/Work/projects/zybo_z7_projects/DD_RF/vitis/RFsender_platform/hw/topSystem.xsa
TRACE::2026-08-02.14:04:50::SCWPlatform::DSA directory D:/Work/projects/zybo_z7_projects/DD_RF/vitis/RFsender_platform/hw
TRACE::2026-08-02.14:04:50::SCWPlatform:: Platform Path D:/Work/projects/zybo_z7_projects/DD_RF/vitis/RFsender_platform/hw/topSystem.xsa
TRACE::2026-08-02.14:04:50::SCWPlatform:: Unique name xilinx:zybo-z7-10::0.0
TRACE::2026-08-02.14:04:50::SCWPlatform::Trying to set the existing hwdb with name topSystem_3
TRACE::2026-08-02.14:04:50::SCWPlatform::Opened existing hwdb topSystem_3
TRACE::2026-08-02.14:04:50::SCWPlatform::Found the Hw Db part of the input DSA
TRACE::2026-08-02.14:04:50::SCWMssOS::Checking the sw design at  D:/Work/projects/zybo_z7_projects/DD_RF/vitis/RFsender_platform/zynq_fsbl/zynq_fsbl_bsp/system.mss
TRACE::2026-08-02.14:04:50::SCWMssOS::DEBUG:  swdes dump  D:/Work/projects/zybo_z7_projects/DD_RF/vitis/RFsender_platform/ps7_cortexa9_0/standalone_domain/bsp/system.mss|system_0||
D:/Work/projects/zybo_z7_projects/DD_RF/vitis/RFsender_platform/zynq_fsbl/zynq_fsbl_bsp/system.mss|system||

TRACE::2026-08-02.14:04:50::SCWMssOS::Sw design exists and opened at  D:/Work/projects/zybo_z7_projects/DD_RF/vitis/RFsender_platform/zynq_fsbl/zynq_fsbl_bsp/system.mss
TRACE::2026-08-02.14:04:50::SCWMssOS:: library already available in sw design:  xilrsa:1.8
TRACE::2026-08-02.14:04:50::SCWMssOS::Saving the mss changes D:/Work/projects/zybo_z7_projects/DD_RF/vitis/RFsender_platform/zynq_fsbl/zynq_fsbl_bsp/system.mss
TRACE::2026-08-02.14:04:50::SCWMssOS::Found a swdesign opened with the mssfile.
TRACE::2026-08-02.14:04:50::SCWMssOS::Completed writemss as part of save.
TRACE::2026-08-02.14:04:50::SCWMssOS::Commit changes completed.
TRACE::2026-08-02.14:04:50::SCWPlatform::Trying to open the hw design at D:/Work/projects/zybo_z7_projects/DD_RF/vitis/RFsender_platform/hw/topSystem.xsa
TRACE::2026-08-02.14:04:50::SCWPlatform::DSA given D:/Work/projects/zybo_z7_projects/DD_RF/vitis/RFsender_platform/hw/topSystem.xsa
TRACE::2026-08-02.14:04:50::SCWPlatform::DSA absoulate path D:/Work/projects/zybo_z7_projects/DD_RF/vitis/RFsender_platform/hw/topSystem.xsa
TRACE::2026-08-02.14:04:50::SCWPlatform::DSA directory D:/Work/projects/zybo_z7_projects/DD_RF/vitis/RFsender_platform/hw
TRACE::2026-08-02.14:04:50::SCWPlatform:: Platform Path D:/Work/projects/zybo_z7_projects/DD_RF/vitis/RFsender_platform/hw/topSystem.xsa
TRACE::2026-08-02.14:04:50::SCWPlatform:: Unique name xilinx:zybo-z7-10::0.0
TRACE::2026-08-02.14:04:50::SCWPlatform::Trying to set the existing hwdb with name topSystem_3
TRACE::2026-08-02.14:04:50::SCWPlatform::Opened existing hwdb topSystem_3
TRACE::2026-08-02.14:04:50::SCWPlatform::Found the Hw Db part of the input DSA
TRACE::2026-08-02.14:04:50::SCWMssOS::Checking the sw design at  D:/Work/projects/zybo_z7_projects/DD_RF/vitis/RFsender_platform/zynq_fsbl/zynq_fsbl_bsp/system.mss
TRACE::2026-08-02.14:04:50::SCWMssOS::DEBUG:  swdes dump  D:/Work/projects/zybo_z7_projects/DD_RF/vitis/RFsender_platform/ps7_cortexa9_0/standalone_domain/bsp/system.mss|system_0||
D:/Work/projects/zybo_z7_projects/DD_RF/vitis/RFsender_platform/zynq_fsbl/zynq_fsbl_bsp/system.mss|system||

TRACE::2026-08-02.14:04:50::SCWMssOS::Sw design exists and opened at  D:/Work/projects/zybo_z7_projects/DD_RF/vitis/RFsender_platform/zynq_fsbl/zynq_fsbl_bsp/system.mss
TRACE::2026-08-02.14:04:50::SCWMssOS::Removing the swdes entry for  D:/Work/projects/zybo_z7_projects/DD_RF/vitis/RFsender_platform/zynq_fsbl/zynq_fsbl_bsp/system.mss
TRACE::2026-08-02.14:04:51::SCWPlatform::Trying to open the hw design at D:/Work/projects/zybo_z7_projects/DD_RF/vitis/RFsender_platform/hw/topSystem.xsa
TRACE::2026-08-02.14:04:51::SCWPlatform::DSA given D:/Work/projects/zybo_z7_projects/DD_RF/vitis/RFsender_platform/hw/topSystem.xsa
TRACE::2026-08-02.14:04:51::SCWPlatform::DSA absoulate path D:/Work/projects/zybo_z7_projects/DD_RF/vitis/RFsender_platform/hw/topSystem.xsa
TRACE::2026-08-02.14:04:51::SCWPlatform::DSA directory D:/Work/projects/zybo_z7_projects/DD_RF/vitis/RFsender_platform/hw
TRACE::2026-08-02.14:04:51::SCWPlatform:: Platform Path D:/Work/projects/zybo_z7_projects/DD_RF/vitis/RFsender_platform/hw/topSystem.xsa
TRACE::2026-08-02.14:04:51::SCWPlatform:: Unique name xilinx:zybo-z7-10::0.0
TRACE::2026-08-02.14:04:51::SCWPlatform::Trying to set the existing hwdb with name topSystem_3
TRACE::2026-08-02.14:04:51::SCWPlatform::Opened existing hwdb topSystem_3
TRACE::2026-08-02.14:04:51::SCWPlatform::Found the Hw Db part of the input DSA
TRACE::2026-08-02.14:04:51::SCWMssOS::Checking the sw design at  D:/Work/projects/zybo_z7_projects/DD_RF/vitis/RFsender_platform/ps7_cortexa9_0/standalone_domain/bsp/system.mss
TRACE::2026-08-02.14:04:51::SCWMssOS::DEBUG:  swdes dump  D:/Work/projects/zybo_z7_projects/DD_RF/vitis/RFsender_platform/ps7_cortexa9_0/standalone_domain/bsp/system.mss|system_0||

TRACE::2026-08-02.14:04:51::SCWMssOS::Sw design exists and opened at  D:/Work/projects/zybo_z7_projects/DD_RF/vitis/RFsender_platform/ps7_cortexa9_0/standalone_domain/bsp/system.mss
TRACE::2026-08-02.14:04:51::SCWMssOS::In reload Mss file.
TRACE::2026-08-02.14:04:51::SCWPlatform::Trying to open the hw design at D:/Work/projects/zybo_z7_projects/DD_RF/vitis/RFsender_platform/hw/topSystem.xsa
TRACE::2026-08-02.14:04:51::SCWPlatform::DSA given D:/Work/projects/zybo_z7_projects/DD_RF/vitis/RFsender_platform/hw/topSystem.xsa
TRACE::2026-08-02.14:04:51::SCWPlatform::DSA absoulate path D:/Work/projects/zybo_z7_projects/DD_RF/vitis/RFsender_platform/hw/topSystem.xsa
TRACE::2026-08-02.14:04:51::SCWPlatform::DSA directory D:/Work/projects/zybo_z7_projects/DD_RF/vitis/RFsender_platform/hw
TRACE::2026-08-02.14:04:51::SCWPlatform:: Platform Path D:/Work/projects/zybo_z7_projects/DD_RF/vitis/RFsender_platform/hw/topSystem.xsa
TRACE::2026-08-02.14:04:51::SCWPlatform:: Unique name xilinx:zybo-z7-10::0.0
TRACE::2026-08-02.14:04:51::SCWPlatform::Trying to set the existing hwdb with name topSystem_3
TRACE::2026-08-02.14:04:51::SCWPlatform::Opened existing hwdb topSystem_3
TRACE::2026-08-02.14:04:51::SCWPlatform::Found the Hw Db part of the input DSA
TRACE::2026-08-02.14:04:51::SCWMssOS::Checking the sw design at  D:/Work/projects/zybo_z7_projects/DD_RF/vitis/RFsender_platform/ps7_cortexa9_0/standalone_domain/bsp/system.mss
TRACE::2026-08-02.14:04:51::SCWMssOS::DEBUG:  swdes dump  
TRACE::2026-08-02.14:04:51::SCWMssOS::No sw design opened at  D:/Work/projects/zybo_z7_projects/DD_RF/vitis/RFsender_platform/ps7_cortexa9_0/standalone_domain/bsp/system.mss
TRACE::2026-08-02.14:04:51::SCWMssOS::mss exists loading the mss file  D:/Work/projects/zybo_z7_projects/DD_RF/vitis/RFsender_platform/ps7_cortexa9_0/standalone_domain/bsp/system.mss
TRACE::2026-08-02.14:04:51::SCWMssOS::Opened the sw design from mss  D:/Work/projects/zybo_z7_projects/DD_RF/vitis/RFsender_platform/ps7_cortexa9_0/standalone_domain/bsp/system.mss
TRACE::2026-08-02.14:04:51::SCWMssOS::Adding the swdes entry D:/Work/projects/zybo_z7_projects/DD_RF/vitis/RFsender_platform/ps7_cortexa9_0/standalone_domain/bsp/system.mss with des name system
TRACE::2026-08-02.14:04:51::SCWMssOS::updating the scw layer about changes
TRACE::2026-08-02.14:04:51::SCWMssOS::Opened the sw design.  D:/Work/projects/zybo_z7_projects/DD_RF/vitis/RFsender_platform/ps7_cortexa9_0/standalone_domain/bsp/system.mss
TRACE::2026-08-02.14:04:51::SCWMssOS::Saving the mss changes D:/Work/projects/zybo_z7_projects/DD_RF/vitis/RFsender_platform/ps7_cortexa9_0/standalone_domain/bsp/system.mss
TRACE::2026-08-02.14:04:51::SCWMssOS::Found a swdesign opened with the mssfile.
TRACE::2026-08-02.14:04:51::SCWMssOS::Completed writemss as part of save.
TRACE::2026-08-02.14:04:51::SCWMssOS::Commit changes completed.
TRACE::2026-08-02.14:04:51::SCWPlatform::Trying to open the hw design at D:/Work/projects/zybo_z7_projects/DD_RF/vitis/RFsender_platform/hw/topSystem.xsa
TRACE::2026-08-02.14:04:51::SCWPlatform::DSA given D:/Work/projects/zybo_z7_projects/DD_RF/vitis/RFsender_platform/hw/topSystem.xsa
TRACE::2026-08-02.14:04:51::SCWPlatform::DSA absoulate path D:/Work/projects/zybo_z7_projects/DD_RF/vitis/RFsender_platform/hw/topSystem.xsa
TRACE::2026-08-02.14:04:51::SCWPlatform::DSA directory D:/Work/projects/zybo_z7_projects/DD_RF/vitis/RFsender_platform/hw
TRACE::2026-08-02.14:04:51::SCWPlatform:: Platform Path D:/Work/projects/zybo_z7_projects/DD_RF/vitis/RFsender_platform/hw/topSystem.xsa
TRACE::2026-08-02.14:04:51::SCWPlatform:: Unique name xilinx:zybo-z7-10::0.0
TRACE::2026-08-02.14:04:51::SCWPlatform::Trying to set the existing hwdb with name topSystem_3
TRACE::2026-08-02.14:04:51::SCWPlatform::Opened existing hwdb topSystem_3
TRACE::2026-08-02.14:04:51::SCWPlatform::Found the Hw Db part of the input DSA
TRACE::2026-08-02.14:04:51::SCWMssOS::Checking the sw design at  D:/Work/projects/zybo_z7_projects/DD_RF/vitis/RFsender_platform/ps7_cortexa9_0/standalone_domain/bsp/system.mss
TRACE::2026-08-02.14:04:51::SCWMssOS::DEBUG:  swdes dump  D:/Work/projects/zybo_z7_projects/DD_RF/vitis/RFsender_platform/ps7_cortexa9_0/standalone_domain/bsp/system.mss|system||

TRACE::2026-08-02.14:04:51::SCWMssOS::Sw design exists and opened at  D:/Work/projects/zybo_z7_projects/DD_RF/vitis/RFsender_platform/ps7_cortexa9_0/standalone_domain/bsp/system.mss
TRACE::2026-08-02.14:04:51::SCWMssOS::Removing the swdes entry for  D:/Work/projects/zybo_z7_projects/DD_RF/vitis/RFsender_platform/ps7_cortexa9_0/standalone_domain/bsp/system.mss
TRACE::2026-08-02.14:04:52::SCWPlatform::Trying to open the hw design at D:/Work/projects/zybo_z7_projects/DD_RF/vitis/RFsender_platform/hw/topSystem.xsa
TRACE::2026-08-02.14:04:52::SCWPlatform::DSA given D:/Work/projects/zybo_z7_projects/DD_RF/vitis/RFsender_platform/hw/topSystem.xsa
TRACE::2026-08-02.14:04:52::SCWPlatform::DSA absoulate path D:/Work/projects/zybo_z7_projects/DD_RF/vitis/RFsender_platform/hw/topSystem.xsa
TRACE::2026-08-02.14:04:52::SCWPlatform::DSA directory D:/Work/projects/zybo_z7_projects/DD_RF/vitis/RFsender_platform/hw
TRACE::2026-08-02.14:04:52::SCWPlatform:: Platform Path D:/Work/projects/zybo_z7_projects/DD_RF/vitis/RFsender_platform/hw/topSystem.xsa
TRACE::2026-08-02.14:04:52::SCWPlatform:: Unique name xilinx:zybo-z7-10::0.0
TRACE::2026-08-02.14:04:52::SCWPlatform::Trying to set the existing hwdb with name topSystem_3
TRACE::2026-08-02.14:04:52::SCWPlatform::Opened existing hwdb topSystem_3
TRACE::2026-08-02.14:04:52::SCWPlatform::Found the Hw Db part of the input DSA
TRACE::2026-08-02.14:04:52::SCWMssOS::Checking the sw design at  D:/Work/projects/zybo_z7_projects/DD_RF/vitis/RFsender_platform/ps7_cortexa9_0/standalone_domain/bsp/system.mss
TRACE::2026-08-02.14:04:52::SCWMssOS::DEBUG:  swdes dump  
TRACE::2026-08-02.14:04:52::SCWMssOS::No sw design opened at  D:/Work/projects/zybo_z7_projects/DD_RF/vitis/RFsender_platform/ps7_cortexa9_0/standalone_domain/bsp/system.mss
TRACE::2026-08-02.14:04:52::SCWMssOS::mss exists loading the mss file  D:/Work/projects/zybo_z7_projects/DD_RF/vitis/RFsender_platform/ps7_cortexa9_0/standalone_domain/bsp/system.mss
TRACE::2026-08-02.14:04:52::SCWMssOS::Opened the sw design from mss  D:/Work/projects/zybo_z7_projects/DD_RF/vitis/RFsender_platform/ps7_cortexa9_0/standalone_domain/bsp/system.mss
TRACE::2026-08-02.14:04:52::SCWMssOS::Adding the swdes entry D:/Work/projects/zybo_z7_projects/DD_RF/vitis/RFsender_platform/ps7_cortexa9_0/standalone_domain/bsp/system.mss with des name system
TRACE::2026-08-02.14:04:52::SCWMssOS::updating the scw layer about changes
TRACE::2026-08-02.14:04:52::SCWMssOS::Opened the sw design.  D:/Work/projects/zybo_z7_projects/DD_RF/vitis/RFsender_platform/ps7_cortexa9_0/standalone_domain/bsp/system.mss
TRACE::2026-08-02.14:04:56::SCWPlatform::Trying to open the hw design at D:/Work/projects/zybo_z7_projects/DD_RF/vitis/RFsender_platform/hw/topSystem.xsa
TRACE::2026-08-02.14:04:56::SCWPlatform::DSA given D:/Work/projects/zybo_z7_projects/DD_RF/vitis/RFsender_platform/hw/topSystem.xsa
TRACE::2026-08-02.14:04:56::SCWPlatform::DSA absoulate path D:/Work/projects/zybo_z7_projects/DD_RF/vitis/RFsender_platform/hw/topSystem.xsa
TRACE::2026-08-02.14:04:56::SCWPlatform::DSA directory D:/Work/projects/zybo_z7_projects/DD_RF/vitis/RFsender_platform/hw
TRACE::2026-08-02.14:04:56::SCWPlatform:: Platform Path D:/Work/projects/zybo_z7_projects/DD_RF/vitis/RFsender_platform/hw/topSystem.xsa
TRACE::2026-08-02.14:04:56::SCWPlatform:: Unique name xilinx:zybo-z7-10::0.0
TRACE::2026-08-02.14:04:56::SCWPlatform::Trying to set the existing hwdb with name topSystem_3
TRACE::2026-08-02.14:04:56::SCWPlatform::Opened existing hwdb topSystem_3
TRACE::2026-08-02.14:04:56::SCWPlatform::Found the Hw Db part of the input DSA
TRACE::2026-08-02.14:04:56::SCWMssOS::Checking the sw design at  D:/Work/projects/zybo_z7_projects/DD_RF/vitis/RFsender_platform/ps7_cortexa9_0/standalone_domain/bsp/system.mss
TRACE::2026-08-02.14:04:56::SCWMssOS::DEBUG:  swdes dump  D:/Work/projects/zybo_z7_projects/DD_RF/vitis/RFsender_platform/ps7_cortexa9_0/standalone_domain/bsp/system.mss|system||

TRACE::2026-08-02.14:04:56::SCWMssOS::Sw design exists and opened at  D:/Work/projects/zybo_z7_projects/DD_RF/vitis/RFsender_platform/ps7_cortexa9_0/standalone_domain/bsp/system.mss
TRACE::2026-08-02.14:04:56::SCWMssOS::Adding Library:  xilffs:5.3
TRACE::2026-08-02.14:04:56::SCWMssOS::Added Library:  xilffs
TRACE::2026-08-02.14:04:56::SCWPlatform::Trying to open the hw design at D:/Work/projects/zybo_z7_projects/DD_RF/vitis/RFsender_platform/hw/topSystem.xsa
TRACE::2026-08-02.14:04:56::SCWPlatform::DSA given D:/Work/projects/zybo_z7_projects/DD_RF/vitis/RFsender_platform/hw/topSystem.xsa
TRACE::2026-08-02.14:04:56::SCWPlatform::DSA absoulate path D:/Work/projects/zybo_z7_projects/DD_RF/vitis/RFsender_platform/hw/topSystem.xsa
TRACE::2026-08-02.14:04:56::SCWPlatform::DSA directory D:/Work/projects/zybo_z7_projects/DD_RF/vitis/RFsender_platform/hw
TRACE::2026-08-02.14:04:56::SCWPlatform:: Platform Path D:/Work/projects/zybo_z7_projects/DD_RF/vitis/RFsender_platform/hw/topSystem.xsa
TRACE::2026-08-02.14:04:56::SCWPlatform:: Unique name xilinx:zybo-z7-10::0.0
TRACE::2026-08-02.14:04:56::SCWPlatform::Trying to set the existing hwdb with name topSystem_3
TRACE::2026-08-02.14:04:56::SCWPlatform::Opened existing hwdb topSystem_3
TRACE::2026-08-02.14:04:56::SCWPlatform::Found the Hw Db part of the input DSA
TRACE::2026-08-02.14:04:56::SCWMssOS::Checking the sw design at  D:/Work/projects/zybo_z7_projects/DD_RF/vitis/RFsender_platform/ps7_cortexa9_0/standalone_domain/bsp/system.mss
TRACE::2026-08-02.14:04:56::SCWMssOS::DEBUG:  swdes dump  D:/Work/projects/zybo_z7_projects/DD_RF/vitis/RFsender_platform/ps7_cortexa9_0/standalone_domain/bsp/system.mss|system||

TRACE::2026-08-02.14:04:56::SCWMssOS::Sw design exists and opened at  D:/Work/projects/zybo_z7_projects/DD_RF/vitis/RFsender_platform/ps7_cortexa9_0/standalone_domain/bsp/system.mss
TRACE::2026-08-02.14:04:59::SCWMssOS::Saving the mss changes D:/Work/projects/zybo_z7_projects/DD_RF/vitis/RFsender_platform/zynq_fsbl/zynq_fsbl_bsp/system.mss
TRACE::2026-08-02.14:04:59::SCWMssOS::Adding the swdes entry, mss present, able to open swdb D:/Work/projects/zybo_z7_projects/DD_RF/vitis/RFsender_platform/zynq_fsbl/zynq_fsbl_bsp/system.mss with des name system_0
TRACE::2026-08-02.14:04:59::SCWMssOS::Writing the mss file completed D:/Work/projects/zybo_z7_projects/DD_RF/vitis/RFsender_platform/zynq_fsbl/zynq_fsbl_bsp/system.mss
TRACE::2026-08-02.14:04:59::SCWMssOS::Commit changes completed.
TRACE::2026-08-02.14:04:59::SCWMssOS::Saving the mss changes D:/Work/projects/zybo_z7_projects/DD_RF/vitis/RFsender_platform/ps7_cortexa9_0/standalone_domain/bsp/system.mss
TRACE::2026-08-02.14:04:59::SCWMssOS::Found a swdesign opened with the mssfile.
TRACE::2026-08-02.14:04:59::SCWMssOS::Completed writemss as part of save.
TRACE::2026-08-02.14:04:59::SCWMssOS::Commit changes completed.
TRACE::2026-08-02.14:04:59::SCWPlatform::Trying to open the hw design at D:/Work/projects/zybo_z7_projects/DD_RF/vitis/RFsender_platform/hw/topSystem.xsa
TRACE::2026-08-02.14:04:59::SCWPlatform::DSA given D:/Work/projects/zybo_z7_projects/DD_RF/vitis/RFsender_platform/hw/topSystem.xsa
TRACE::2026-08-02.14:04:59::SCWPlatform::DSA absoulate path D:/Work/projects/zybo_z7_projects/DD_RF/vitis/RFsender_platform/hw/topSystem.xsa
TRACE::2026-08-02.14:04:59::SCWPlatform::DSA directory D:/Work/projects/zybo_z7_projects/DD_RF/vitis/RFsender_platform/hw
TRACE::2026-08-02.14:04:59::SCWPlatform:: Platform Path D:/Work/projects/zybo_z7_projects/DD_RF/vitis/RFsender_platform/hw/topSystem.xsa
TRACE::2026-08-02.14:04:59::SCWPlatform:: Unique name xilinx:zybo-z7-10::0.0
TRACE::2026-08-02.14:04:59::SCWPlatform::Trying to set the existing hwdb with name topSystem_3
TRACE::2026-08-02.14:04:59::SCWPlatform::Opened existing hwdb topSystem_3
TRACE::2026-08-02.14:04:59::SCWPlatform::Found the Hw Db part of the input DSA
TRACE::2026-08-02.14:04:59::SCWMssOS::Checking the sw design at  D:/Work/projects/zybo_z7_projects/DD_RF/vitis/RFsender_platform/zynq_fsbl/zynq_fsbl_bsp/system.mss
TRACE::2026-08-02.14:04:59::SCWMssOS::DEBUG:  swdes dump  D:/Work/projects/zybo_z7_projects/DD_RF/vitis/RFsender_platform/ps7_cortexa9_0/standalone_domain/bsp/system.mss|system||
D:/Work/projects/zybo_z7_projects/DD_RF/vitis/RFsender_platform/zynq_fsbl/zynq_fsbl_bsp/system.mss|system_0||

TRACE::2026-08-02.14:04:59::SCWMssOS::Sw design exists and opened at  D:/Work/projects/zybo_z7_projects/DD_RF/vitis/RFsender_platform/zynq_fsbl/zynq_fsbl_bsp/system.mss
TRACE::2026-08-02.14:04:59::SCWPlatform::Trying to open the hw design at D:/Work/projects/zybo_z7_projects/DD_RF/vitis/RFsender_platform/hw/topSystem.xsa
TRACE::2026-08-02.14:04:59::SCWPlatform::DSA given D:/Work/projects/zybo_z7_projects/DD_RF/vitis/RFsender_platform/hw/topSystem.xsa
TRACE::2026-08-02.14:04:59::SCWPlatform::DSA absoulate path D:/Work/projects/zybo_z7_projects/DD_RF/vitis/RFsender_platform/hw/topSystem.xsa
TRACE::2026-08-02.14:04:59::SCWPlatform::DSA directory D:/Work/projects/zybo_z7_projects/DD_RF/vitis/RFsender_platform/hw
TRACE::2026-08-02.14:04:59::SCWPlatform:: Platform Path D:/Work/projects/zybo_z7_projects/DD_RF/vitis/RFsender_platform/hw/topSystem.xsa
TRACE::2026-08-02.14:04:59::SCWPlatform:: Unique name xilinx:zybo-z7-10::0.0
TRACE::2026-08-02.14:04:59::SCWPlatform::Trying to set the existing hwdb with name topSystem_3
TRACE::2026-08-02.14:04:59::SCWPlatform::Opened existing hwdb topSystem_3
TRACE::2026-08-02.14:04:59::SCWPlatform::Found the Hw Db part of the input DSA
TRACE::2026-08-02.14:04:59::SCWMssOS::Checking the sw design at  D:/Work/projects/zybo_z7_projects/DD_RF/vitis/RFsender_platform/ps7_cortexa9_0/standalone_domain/bsp/system.mss
TRACE::2026-08-02.14:04:59::SCWMssOS::DEBUG:  swdes dump  D:/Work/projects/zybo_z7_projects/DD_RF/vitis/RFsender_platform/ps7_cortexa9_0/standalone_domain/bsp/system.mss|system||
D:/Work/projects/zybo_z7_projects/DD_RF/vitis/RFsender_platform/zynq_fsbl/zynq_fsbl_bsp/system.mss|system_0||

TRACE::2026-08-02.14:04:59::SCWMssOS::Sw design exists and opened at  D:/Work/projects/zybo_z7_projects/DD_RF/vitis/RFsender_platform/ps7_cortexa9_0/standalone_domain/bsp/system.mss
TRACE::2026-08-02.14:04:59::SCWWriter::formatted JSON is {
	"platformName":	"RFsender_platform",
	"sprVersion":	"2.0",
	"mode":	"gui",
	"dsaType":	"Fixed",
	"platformDesc":	"RFsender_platform",
	"platHandOff":	"D:/Work/projects/zybo_z7_projects/DD_RF/vivado/project_1/topSystem.xsa",
	"platIntHandOff":	"<platformDir>/hw/topSystem.xsa",
	"deviceType":	"zynq",
	"platIsPrebuiltAutogen":	"false",
	"platIsNoBootBsp":	"false",
	"hasFsblMakeHasChanges":	"false",
	"hasPmufwMakeHasChanges":	"false",
	"fsblExtraCompilerFlags":	"-MMD -MP       -mcpu=cortex-a9 -mfpu=vfpv3 -mfloat-abi=hard ",
	"platPreBuiltFlag":	false,
	"platformSamplesDir":	"",
	"platActiveSys":	"RFsender_platform",
	"systems":	[{
			"systemName":	"RFsender_platform",
			"systemDesc":	"RFsender_platform",
			"sysIsBootAutoGen":	"true",
			"systemDispName":	"RFsender_platform",
			"sysActiveDom":	"standalone_domain",
			"sysDefaultDom":	"standalone_domain",
			"domains":	[{
					"domainName":	"zynq_fsbl",
					"domainDispName":	"zynq_fsbl",
					"domainDesc":	"FSBL Application BSP - Auto Generated.",
					"processors":	"ps7_cortexa9_0",
					"os":	"standalone",
					"sdxOs":	"standalone",
					"debugEnable":	"",
					"domRuntimes":	["cpp"],
					"swRepo":	"",
					"mssOsVer":	"9.2",
					"mssFile":	"",
					"md5Digest":	"30215168a6860ec346c5df07b875ca91",
					"compatibleApp":	"zynq_fsbl",
					"domType":	"bootDomain",
					"arch":	"32-bit",
					"appSettings":	{
						"appCompilerFlags":	"",
						"appLinkerFlags":	""
					},
					"addedLibs":	["xilffs:5.3", "xilrsa:1.8"],
					"libOptions":	{
						"libsContainingOptions":	[]
					},
					"prebuiltLibs":	{
						"prebuiltIncPath":	[],
						"prebuiltLibPath":	[]
					},
					"isolation":	{
					}
				}, {
					"domainName":	"standalone_domain",
					"domainDispName":	"standalone on ps7_cortexa9_0",
					"domainDesc":	"standalone_domain",
					"processors":	"ps7_cortexa9_0",
					"os":	"standalone",
					"sdxOs":	"standalone",
					"qemuArgs":	"<platformDir>/resources/RFsender_platform/standalone_domain/qemu_args.txt",
					"qemuData":	"<platformDir>/resources/RFsender_platform/standalone_domain/qemu",
					"debugEnable":	"False",
					"domRuntimes":	["cpp"],
					"swRepo":	"",
					"mssOsVer":	"9.2",
					"mssFile":	"",
					"md5Digest":	"20d041a2ce1a20bcf22805213c4c6658",
					"compatibleApp":	"",
					"domType":	"mssDomain",
					"appSettings":	{
						"appCompilerFlags":	"",
						"appLinkerFlags":	""
					},
					"addedLibs":	["xilffs:5.3"],
					"libOptions":	{
						"libsContainingOptions":	[]
					},
					"prebuiltLibs":	{
						"prebuiltIncPath":	[],
						"prebuiltLibPath":	[]
					},
					"isolation":	{
					}
				}]
		}]
}
TRACE::2026-08-02.14:04:59::SCWMssOS::Saving the mss changes D:/Work/projects/zybo_z7_projects/DD_RF/vitis/RFsender_platform/ps7_cortexa9_0/standalone_domain/bsp/system.mss
TRACE::2026-08-02.14:04:59::SCWMssOS::Found a swdesign opened with the mssfile.
TRACE::2026-08-02.14:04:59::SCWMssOS::Completed writemss as part of save.
TRACE::2026-08-02.14:04:59::SCWMssOS::Commit changes completed.
TRACE::2026-08-02.14:04:59::SCWPlatform::Trying to open the hw design at D:/Work/projects/zybo_z7_projects/DD_RF/vitis/RFsender_platform/hw/topSystem.xsa
TRACE::2026-08-02.14:04:59::SCWPlatform::DSA given D:/Work/projects/zybo_z7_projects/DD_RF/vitis/RFsender_platform/hw/topSystem.xsa
TRACE::2026-08-02.14:04:59::SCWPlatform::DSA absoulate path D:/Work/projects/zybo_z7_projects/DD_RF/vitis/RFsender_platform/hw/topSystem.xsa
TRACE::2026-08-02.14:04:59::SCWPlatform::DSA directory D:/Work/projects/zybo_z7_projects/DD_RF/vitis/RFsender_platform/hw
TRACE::2026-08-02.14:04:59::SCWPlatform:: Platform Path D:/Work/projects/zybo_z7_projects/DD_RF/vitis/RFsender_platform/hw/topSystem.xsa
TRACE::2026-08-02.14:04:59::SCWPlatform:: Unique name xilinx:zybo-z7-10::0.0
TRACE::2026-08-02.14:04:59::SCWPlatform::Trying to set the existing hwdb with name topSystem_3
TRACE::2026-08-02.14:04:59::SCWPlatform::Opened existing hwdb topSystem_3
TRACE::2026-08-02.14:04:59::SCWPlatform::Found the Hw Db part of the input DSA
TRACE::2026-08-02.14:04:59::SCWMssOS::Checking the sw design at  D:/Work/projects/zybo_z7_projects/DD_RF/vitis/RFsender_platform/ps7_cortexa9_0/standalone_domain/bsp/system.mss
TRACE::2026-08-02.14:04:59::SCWMssOS::DEBUG:  swdes dump  D:/Work/projects/zybo_z7_projects/DD_RF/vitis/RFsender_platform/ps7_cortexa9_0/standalone_domain/bsp/system.mss|system||
D:/Work/projects/zybo_z7_projects/DD_RF/vitis/RFsender_platform/zynq_fsbl/zynq_fsbl_bsp/system.mss|system_0||

TRACE::2026-08-02.14:04:59::SCWMssOS::Sw design exists and opened at  D:/Work/projects/zybo_z7_projects/DD_RF/vitis/RFsender_platform/ps7_cortexa9_0/standalone_domain/bsp/system.mss
TRACE::2026-08-02.14:04:59::SCWMssOS::Removing the swdes entry for  D:/Work/projects/zybo_z7_projects/DD_RF/vitis/RFsender_platform/ps7_cortexa9_0/standalone_domain/bsp/system.mss
TRACE::2026-08-02.14:04:59::SCWMssOS::In reload Mss file.
TRACE::2026-08-02.14:04:59::SCWPlatform::Trying to open the hw design at D:/Work/projects/zybo_z7_projects/DD_RF/vitis/RFsender_platform/hw/topSystem.xsa
TRACE::2026-08-02.14:04:59::SCWPlatform::DSA given D:/Work/projects/zybo_z7_projects/DD_RF/vitis/RFsender_platform/hw/topSystem.xsa
TRACE::2026-08-02.14:04:59::SCWPlatform::DSA absoulate path D:/Work/projects/zybo_z7_projects/DD_RF/vitis/RFsender_platform/hw/topSystem.xsa
TRACE::2026-08-02.14:04:59::SCWPlatform::DSA directory D:/Work/projects/zybo_z7_projects/DD_RF/vitis/RFsender_platform/hw
TRACE::2026-08-02.14:04:59::SCWPlatform:: Platform Path D:/Work/projects/zybo_z7_projects/DD_RF/vitis/RFsender_platform/hw/topSystem.xsa
TRACE::2026-08-02.14:04:59::SCWPlatform:: Unique name xilinx:zybo-z7-10::0.0
TRACE::2026-08-02.14:04:59::SCWPlatform::Trying to set the existing hwdb with name topSystem_3
TRACE::2026-08-02.14:04:59::SCWPlatform::Opened existing hwdb topSystem_3
TRACE::2026-08-02.14:04:59::SCWPlatform::Found the Hw Db part of the input DSA
TRACE::2026-08-02.14:04:59::SCWMssOS::Checking the sw design at  D:/Work/projects/zybo_z7_projects/DD_RF/vitis/RFsender_platform/ps7_cortexa9_0/standalone_domain/bsp/system.mss
TRACE::2026-08-02.14:04:59::SCWMssOS::DEBUG:  swdes dump  D:/Work/projects/zybo_z7_projects/DD_RF/vitis/RFsender_platform/zynq_fsbl/zynq_fsbl_bsp/system.mss|system_0||

TRACE::2026-08-02.14:04:59::SCWMssOS::No sw design opened at  D:/Work/projects/zybo_z7_projects/DD_RF/vitis/RFsender_platform/ps7_cortexa9_0/standalone_domain/bsp/system.mss
TRACE::2026-08-02.14:04:59::SCWMssOS::mss exists loading the mss file  D:/Work/projects/zybo_z7_projects/DD_RF/vitis/RFsender_platform/ps7_cortexa9_0/standalone_domain/bsp/system.mss
TRACE::2026-08-02.14:04:59::SCWMssOS::Opened the sw design from mss  D:/Work/projects/zybo_z7_projects/DD_RF/vitis/RFsender_platform/ps7_cortexa9_0/standalone_domain/bsp/system.mss
TRACE::2026-08-02.14:04:59::SCWMssOS::Adding the swdes entry D:/Work/projects/zybo_z7_projects/DD_RF/vitis/RFsender_platform/ps7_cortexa9_0/standalone_domain/bsp/system.mss with des name system
TRACE::2026-08-02.14:04:59::SCWMssOS::updating the scw layer about changes
TRACE::2026-08-02.14:04:59::SCWMssOS::Opened the sw design.  D:/Work/projects/zybo_z7_projects/DD_RF/vitis/RFsender_platform/ps7_cortexa9_0/standalone_domain/bsp/system.mss
TRACE::2026-08-02.14:04:59::SCWPlatform::Trying to open the hw design at D:/Work/projects/zybo_z7_projects/DD_RF/vitis/RFsender_platform/hw/topSystem.xsa
TRACE::2026-08-02.14:04:59::SCWPlatform::DSA given D:/Work/projects/zybo_z7_projects/DD_RF/vitis/RFsender_platform/hw/topSystem.xsa
TRACE::2026-08-02.14:04:59::SCWPlatform::DSA absoulate path D:/Work/projects/zybo_z7_projects/DD_RF/vitis/RFsender_platform/hw/topSystem.xsa
TRACE::2026-08-02.14:04:59::SCWPlatform::DSA directory D:/Work/projects/zybo_z7_projects/DD_RF/vitis/RFsender_platform/hw
TRACE::2026-08-02.14:04:59::SCWPlatform:: Platform Path D:/Work/projects/zybo_z7_projects/DD_RF/vitis/RFsender_platform/hw/topSystem.xsa
TRACE::2026-08-02.14:04:59::SCWPlatform:: Unique name xilinx:zybo-z7-10::0.0
TRACE::2026-08-02.14:04:59::SCWPlatform::Trying to set the existing hwdb with name topSystem_3
TRACE::2026-08-02.14:04:59::SCWPlatform::Opened existing hwdb topSystem_3
TRACE::2026-08-02.14:04:59::SCWPlatform::Found the Hw Db part of the input DSA
TRACE::2026-08-02.14:04:59::SCWMssOS::Checking the sw design at  D:/Work/projects/zybo_z7_projects/DD_RF/vitis/RFsender_platform/ps7_cortexa9_0/standalone_domain/bsp/system.mss
TRACE::2026-08-02.14:04:59::SCWMssOS::DEBUG:  swdes dump  D:/Work/projects/zybo_z7_projects/DD_RF/vitis/RFsender_platform/ps7_cortexa9_0/standalone_domain/bsp/system.mss|system||
D:/Work/projects/zybo_z7_projects/DD_RF/vitis/RFsender_platform/zynq_fsbl/zynq_fsbl_bsp/system.mss|system_0||

TRACE::2026-08-02.14:04:59::SCWMssOS::Sw design exists and opened at  D:/Work/projects/zybo_z7_projects/DD_RF/vitis/RFsender_platform/ps7_cortexa9_0/standalone_domain/bsp/system.mss
TRACE::2026-08-02.14:04:59::SCWMssOS:: library already available in sw design:  xilffs:5.3
TRACE::2026-08-02.14:04:59::SCWMssOS::Saving the mss changes D:/Work/projects/zybo_z7_projects/DD_RF/vitis/RFsender_platform/ps7_cortexa9_0/standalone_domain/bsp/system.mss
TRACE::2026-08-02.14:04:59::SCWMssOS::Found a swdesign opened with the mssfile.
TRACE::2026-08-02.14:04:59::SCWMssOS::Completed writemss as part of save.
TRACE::2026-08-02.14:04:59::SCWMssOS::Commit changes completed.
TRACE::2026-08-02.14:04:59::SCWPlatform::Trying to open the hw design at D:/Work/projects/zybo_z7_projects/DD_RF/vitis/RFsender_platform/hw/topSystem.xsa
TRACE::2026-08-02.14:04:59::SCWPlatform::DSA given D:/Work/projects/zybo_z7_projects/DD_RF/vitis/RFsender_platform/hw/topSystem.xsa
TRACE::2026-08-02.14:04:59::SCWPlatform::DSA absoulate path D:/Work/projects/zybo_z7_projects/DD_RF/vitis/RFsender_platform/hw/topSystem.xsa
TRACE::2026-08-02.14:04:59::SCWPlatform::DSA directory D:/Work/projects/zybo_z7_projects/DD_RF/vitis/RFsender_platform/hw
TRACE::2026-08-02.14:04:59::SCWPlatform:: Platform Path D:/Work/projects/zybo_z7_projects/DD_RF/vitis/RFsender_platform/hw/topSystem.xsa
TRACE::2026-08-02.14:04:59::SCWPlatform:: Unique name xilinx:zybo-z7-10::0.0
TRACE::2026-08-02.14:04:59::SCWPlatform::Trying to set the existing hwdb with name topSystem_3
TRACE::2026-08-02.14:04:59::SCWPlatform::Opened existing hwdb topSystem_3
TRACE::2026-08-02.14:04:59::SCWPlatform::Found the Hw Db part of the input DSA
TRACE::2026-08-02.14:04:59::SCWMssOS::Checking the sw design at  D:/Work/projects/zybo_z7_projects/DD_RF/vitis/RFsender_platform/ps7_cortexa9_0/standalone_domain/bsp/system.mss
TRACE::2026-08-02.14:04:59::SCWMssOS::DEBUG:  swdes dump  D:/Work/projects/zybo_z7_projects/DD_RF/vitis/RFsender_platform/ps7_cortexa9_0/standalone_domain/bsp/system.mss|system||
D:/Work/projects/zybo_z7_projects/DD_RF/vitis/RFsender_platform/zynq_fsbl/zynq_fsbl_bsp/system.mss|system_0||

TRACE::2026-08-02.14:04:59::SCWMssOS::Sw design exists and opened at  D:/Work/projects/zybo_z7_projects/DD_RF/vitis/RFsender_platform/ps7_cortexa9_0/standalone_domain/bsp/system.mss
TRACE::2026-08-02.14:04:59::SCWMssOS::Removing the swdes entry for  D:/Work/projects/zybo_z7_projects/DD_RF/vitis/RFsender_platform/ps7_cortexa9_0/standalone_domain/bsp/system.mss
TRACE::2026-08-02.14:04:59::SCWPlatform::Trying to open the hw design at D:/Work/projects/zybo_z7_projects/DD_RF/vitis/RFsender_platform/hw/topSystem.xsa
TRACE::2026-08-02.14:04:59::SCWPlatform::DSA given D:/Work/projects/zybo_z7_projects/DD_RF/vitis/RFsender_platform/hw/topSystem.xsa
TRACE::2026-08-02.14:04:59::SCWPlatform::DSA absoulate path D:/Work/projects/zybo_z7_projects/DD_RF/vitis/RFsender_platform/hw/topSystem.xsa
TRACE::2026-08-02.14:04:59::SCWPlatform::DSA directory D:/Work/projects/zybo_z7_projects/DD_RF/vitis/RFsender_platform/hw
TRACE::2026-08-02.14:04:59::SCWPlatform:: Platform Path D:/Work/projects/zybo_z7_projects/DD_RF/vitis/RFsender_platform/hw/topSystem.xsa
TRACE::2026-08-02.14:04:59::SCWPlatform:: Unique name xilinx:zybo-z7-10::0.0
TRACE::2026-08-02.14:04:59::SCWPlatform::Trying to set the existing hwdb with name topSystem_3
TRACE::2026-08-02.14:04:59::SCWPlatform::Opened existing hwdb topSystem_3
TRACE::2026-08-02.14:04:59::SCWPlatform::Found the Hw Db part of the input DSA
TRACE::2026-08-02.14:04:59::SCWMssOS::Checking the sw design at  D:/Work/projects/zybo_z7_projects/DD_RF/vitis/RFsender_platform/ps7_cortexa9_0/standalone_domain/bsp/system.mss
TRACE::2026-08-02.14:04:59::SCWMssOS::DEBUG:  swdes dump  D:/Work/projects/zybo_z7_projects/DD_RF/vitis/RFsender_platform/zynq_fsbl/zynq_fsbl_bsp/system.mss|system_0||

TRACE::2026-08-02.14:04:59::SCWMssOS::No sw design opened at  D:/Work/projects/zybo_z7_projects/DD_RF/vitis/RFsender_platform/ps7_cortexa9_0/standalone_domain/bsp/system.mss
TRACE::2026-08-02.14:04:59::SCWMssOS::mss exists loading the mss file  D:/Work/projects/zybo_z7_projects/DD_RF/vitis/RFsender_platform/ps7_cortexa9_0/standalone_domain/bsp/system.mss
TRACE::2026-08-02.14:04:59::SCWMssOS::Opened the sw design from mss  D:/Work/projects/zybo_z7_projects/DD_RF/vitis/RFsender_platform/ps7_cortexa9_0/standalone_domain/bsp/system.mss
TRACE::2026-08-02.14:04:59::SCWMssOS::Adding the swdes entry D:/Work/projects/zybo_z7_projects/DD_RF/vitis/RFsender_platform/ps7_cortexa9_0/standalone_domain/bsp/system.mss with des name system
TRACE::2026-08-02.14:04:59::SCWMssOS::updating the scw layer about changes
TRACE::2026-08-02.14:04:59::SCWMssOS::Opened the sw design.  D:/Work/projects/zybo_z7_projects/DD_RF/vitis/RFsender_platform/ps7_cortexa9_0/standalone_domain/bsp/system.mss
TRACE::2026-08-02.14:04:59::SCWMssOS::Completed writing the mss file at D:/Work/projects/zybo_z7_projects/DD_RF/vitis/RFsender_platform/ps7_cortexa9_0/standalone_domain/bsp
TRACE::2026-08-02.14:04:59::SCWMssOS::Forcing BSP Sources regeneration.
LOG::2026-08-02.14:05:06::SCWPlatform::Started generating the artifacts platform RFsender_platform
TRACE::2026-08-02.14:05:06::SCWPlatform::Sanity checking of platform is completed
LOG::2026-08-02.14:05:06::SCWPlatform::Started generating the artifacts for system configuration RFsender_platform
LOG::2026-08-02.14:05:06::SCWSystem::Checking the domain zynq_fsbl
LOG::2026-08-02.14:05:06::SCWSystem::Doing application build for :  zynq_fsbl
TRACE::2026-08-02.14:05:06::SCWBDomain::Not a forced makefile updation, No changes are present. 
TRACE::2026-08-02.14:05:06::SCWDomain::Building the domain as part of full build :  zynq_fsbl
TRACE::2026-08-02.14:05:06::SCWPlatform::Trying to open the hw design at D:/Work/projects/zybo_z7_projects/DD_RF/vitis/RFsender_platform/hw/topSystem.xsa
TRACE::2026-08-02.14:05:06::SCWPlatform::DSA given D:/Work/projects/zybo_z7_projects/DD_RF/vitis/RFsender_platform/hw/topSystem.xsa
TRACE::2026-08-02.14:05:06::SCWPlatform::DSA absoulate path D:/Work/projects/zybo_z7_projects/DD_RF/vitis/RFsender_platform/hw/topSystem.xsa
TRACE::2026-08-02.14:05:06::SCWPlatform::DSA directory D:/Work/projects/zybo_z7_projects/DD_RF/vitis/RFsender_platform/hw
TRACE::2026-08-02.14:05:06::SCWPlatform:: Platform Path D:/Work/projects/zybo_z7_projects/DD_RF/vitis/RFsender_platform/hw/topSystem.xsa
TRACE::2026-08-02.14:05:06::SCWPlatform:: Unique name xilinx:zybo-z7-10::0.0
TRACE::2026-08-02.14:05:06::SCWPlatform::Trying to set the existing hwdb with name topSystem_3
TRACE::2026-08-02.14:05:06::SCWPlatform::Opened existing hwdb topSystem_3
TRACE::2026-08-02.14:05:06::SCWPlatform::Found the Hw Db part of the input DSA
TRACE::2026-08-02.14:05:06::SCWMssOS::Checking the sw design at  D:/Work/projects/zybo_z7_projects/DD_RF/vitis/RFsender_platform/zynq_fsbl/zynq_fsbl_bsp/system.mss
TRACE::2026-08-02.14:05:06::SCWMssOS::DEBUG:  swdes dump  D:/Work/projects/zybo_z7_projects/DD_RF/vitis/RFsender_platform/zynq_fsbl/zynq_fsbl_bsp/system.mss|system_0||

TRACE::2026-08-02.14:05:06::SCWMssOS::Sw design exists and opened at  D:/Work/projects/zybo_z7_projects/DD_RF/vitis/RFsender_platform/zynq_fsbl/zynq_fsbl_bsp/system.mss
TRACE::2026-08-02.14:05:06::SCWBDomain::Completed writing the mss file at D:/Work/projects/zybo_z7_projects/DD_RF/vitis/RFsender_platform/zynq_fsbl/zynq_fsbl_bsp
TRACE::2026-08-02.14:05:06::SCWBDomain::bsp generated is upto date with the mss file. Skipping bsp generation.
TRACE::2026-08-02.14:05:06::SCWBDomain::Not a forced makefile updation, No changes are present. 
TRACE::2026-08-02.14:05:06::SCWBDomain::System Command Ran  D:&  cd  D:/Work/projects/zybo_z7_projects/DD_RF/vitis/RFsender_platform/zynq_fsbl& make -C  zynq_fsbl_bsp & make 
TRACE::2026-08-02.14:05:06::SCWBDomain::make: Entering directory 'D:/Work/projects/zybo_z7_projects/DD_RF/vitis/RFsender_platform/zynq_fsbl/zynq_fsbl_bsp'

TRACE::2026-08-02.14:05:06::SCWBDomain::make --no-print-directory seq_libs

TRACE::2026-08-02.14:05:06::SCWBDomain::"Running Make include in ps7_cortexa9_0/libsrc/coresightps_dcc_v1_11/src"

TRACE::2026-08-02.14:05:06::SCWBDomain::make -C ps7_cortexa9_0/libsrc/coresightps_dcc_v1_11/src -s include  "SHELL=CMD" "COMPILER=arm-none-eabi-gcc" "ASSEMBLER=arm-non
TRACE::2026-08-02.14:05:06::SCWBDomain::e-eabi-as" "ARCHIVER=arm-none-eabi-ar" "COMPILER_FLAGS=  -O2 -c" "EXTRA_COMPILER_FLAGS=-mcpu=cortex-a9 -mfpu=vfpv3 -mfloat-abi=
TRACE::2026-08-02.14:05:06::SCWBDomain::hard -nostartfiles -g -Wall -Wextra -fno-tree-loop-distribute-patterns"

TRACE::2026-08-02.14:05:06::SCWBDomain::"Running Make include in ps7_cortexa9_0/libsrc/cpu_cortexa9_v2_12/src"

TRACE::2026-08-02.14:05:06::SCWBDomain::make -C ps7_cortexa9_0/libsrc/cpu_cortexa9_v2_12/src -s include  "SHELL=CMD" "COMPILER=arm-none-eabi-gcc" "ASSEMBLER=arm-none-e
TRACE::2026-08-02.14:05:06::SCWBDomain::abi-as" "ARCHIVER=arm-none-eabi-ar" "COMPILER_FLAGS=  -O2 -c" "EXTRA_COMPILER_FLAGS=-mcpu=cortex-a9 -mfpu=vfpv3 -mfloat-abi=har
TRACE::2026-08-02.14:05:06::SCWBDomain::d -nostartfiles -g -Wall -Wextra -fno-tree-loop-distribute-patterns"

TRACE::2026-08-02.14:05:06::SCWBDomain::"Running Make include in ps7_cortexa9_0/libsrc/ddrps_v1_2/src"

TRACE::2026-08-02.14:05:06::SCWBDomain::make -C ps7_cortexa9_0/libsrc/ddrps_v1_2/src -s include  "SHELL=CMD" "COMPILER=arm-none-eabi-gcc" "ASSEMBLER=arm-none-eabi-as" 
TRACE::2026-08-02.14:05:06::SCWBDomain::"ARCHIVER=arm-none-eabi-ar" "COMPILER_FLAGS=  -O2 -c" "EXTRA_COMPILER_FLAGS=-mcpu=cortex-a9 -mfpu=vfpv3 -mfloat-abi=hard -nosta
TRACE::2026-08-02.14:05:06::SCWBDomain::rtfiles -g -Wall -Wextra -fno-tree-loop-distribute-patterns"

TRACE::2026-08-02.14:05:06::SCWBDomain::"Running Make include in ps7_cortexa9_0/libsrc/devcfg_v3_8/src"

TRACE::2026-08-02.14:05:06::SCWBDomain::make -C ps7_cortexa9_0/libsrc/devcfg_v3_8/src -s include  "SHELL=CMD" "COMPILER=arm-none-eabi-gcc" "ASSEMBLER=arm-none-eabi-as"
TRACE::2026-08-02.14:05:06::SCWBDomain:: "ARCHIVER=arm-none-eabi-ar" "COMPILER_FLAGS=  -O2 -c" "EXTRA_COMPILER_FLAGS=-mcpu=cortex-a9 -mfpu=vfpv3 -mfloat-abi=hard -nost
TRACE::2026-08-02.14:05:06::SCWBDomain::artfiles -g -Wall -Wextra -fno-tree-loop-distribute-patterns"

TRACE::2026-08-02.14:05:06::SCWBDomain::"Running Make include in ps7_cortexa9_0/libsrc/dmaps_v2_11/src"

TRACE::2026-08-02.14:05:06::SCWBDomain::make -C ps7_cortexa9_0/libsrc/dmaps_v2_11/src -s include  "SHELL=CMD" "COMPILER=arm-none-eabi-gcc" "ASSEMBLER=arm-none-eabi-as"
TRACE::2026-08-02.14:05:06::SCWBDomain:: "ARCHIVER=arm-none-eabi-ar" "COMPILER_FLAGS=  -O2 -c" "EXTRA_COMPILER_FLAGS=-mcpu=cortex-a9 -mfpu=vfpv3 -mfloat-abi=hard -nost
TRACE::2026-08-02.14:05:06::SCWBDomain::artfiles -g -Wall -Wextra -fno-tree-loop-distribute-patterns"

TRACE::2026-08-02.14:05:06::SCWBDomain::"Running Make include in ps7_cortexa9_0/libsrc/emacps_v3_21/src"

TRACE::2026-08-02.14:05:06::SCWBDomain::make -C ps7_cortexa9_0/libsrc/emacps_v3_21/src -s include  "SHELL=CMD" "COMPILER=arm-none-eabi-gcc" "ASSEMBLER=arm-none-eabi-as
TRACE::2026-08-02.14:05:06::SCWBDomain::" "ARCHIVER=arm-none-eabi-ar" "COMPILER_FLAGS=  -O2 -c" "EXTRA_COMPILER_FLAGS=-mcpu=cortex-a9 -mfpu=vfpv3 -mfloat-abi=hard -nos
TRACE::2026-08-02.14:05:06::SCWBDomain::tartfiles -g -Wall -Wextra -fno-tree-loop-distribute-patterns"

TRACE::2026-08-02.14:05:06::SCWBDomain::"Running Make include in ps7_cortexa9_0/libsrc/gpiops_v3_13/src"

TRACE::2026-08-02.14:05:06::SCWBDomain::make -C ps7_cortexa9_0/libsrc/gpiops_v3_13/src -s include  "SHELL=CMD" "COMPILER=arm-none-eabi-gcc" "ASSEMBLER=arm-none-eabi-as
TRACE::2026-08-02.14:05:06::SCWBDomain::" "ARCHIVER=arm-none-eabi-ar" "COMPILER_FLAGS=  -O2 -c" "EXTRA_COMPILER_FLAGS=-mcpu=cortex-a9 -mfpu=vfpv3 -mfloat-abi=hard -nos
TRACE::2026-08-02.14:05:06::SCWBDomain::tartfiles -g -Wall -Wextra -fno-tree-loop-distribute-patterns"

TRACE::2026-08-02.14:05:07::SCWBDomain::"Running Make include in ps7_cortexa9_0/libsrc/qspips_v3_13/src"

TRACE::2026-08-02.14:05:07::SCWBDomain::make -C ps7_cortexa9_0/libsrc/qspips_v3_13/src -s include  "SHELL=CMD" "COMPILER=arm-none-eabi-gcc" "ASSEMBLER=arm-none-eabi-as
TRACE::2026-08-02.14:05:07::SCWBDomain::" "ARCHIVER=arm-none-eabi-ar" "COMPILER_FLAGS=  -O2 -c" "EXTRA_COMPILER_FLAGS=-mcpu=cortex-a9 -mfpu=vfpv3 -mfloat-abi=hard -nos
TRACE::2026-08-02.14:05:07::SCWBDomain::tartfiles -g -Wall -Wextra -fno-tree-loop-distribute-patterns"

TRACE::2026-08-02.14:05:07::SCWBDomain::"Running Make include in ps7_cortexa9_0/libsrc/scugic_v5_4/src"

TRACE::2026-08-02.14:05:07::SCWBDomain::make -C ps7_cortexa9_0/libsrc/scugic_v5_4/src -s include  "SHELL=CMD" "COMPILER=arm-none-eabi-gcc" "ASSEMBLER=arm-none-eabi-as"
TRACE::2026-08-02.14:05:07::SCWBDomain:: "ARCHIVER=arm-none-eabi-ar" "COMPILER_FLAGS=  -O2 -c" "EXTRA_COMPILER_FLAGS=-mcpu=cortex-a9 -mfpu=vfpv3 -mfloat-abi=hard -nost
TRACE::2026-08-02.14:05:07::SCWBDomain::artfiles -g -Wall -Wextra -fno-tree-loop-distribute-patterns"

TRACE::2026-08-02.14:05:07::SCWBDomain::"Running Make include in ps7_cortexa9_0/libsrc/scutimer_v2_6/src"

TRACE::2026-08-02.14:05:07::SCWBDomain::make -C ps7_cortexa9_0/libsrc/scutimer_v2_6/src -s include  "SHELL=CMD" "COMPILER=arm-none-eabi-gcc" "ASSEMBLER=arm-none-eabi-a
TRACE::2026-08-02.14:05:07::SCWBDomain::s" "ARCHIVER=arm-none-eabi-ar" "COMPILER_FLAGS=  -O2 -c" "EXTRA_COMPILER_FLAGS=-mcpu=cortex-a9 -mfpu=vfpv3 -mfloat-abi=hard -no
TRACE::2026-08-02.14:05:07::SCWBDomain::startfiles -g -Wall -Wextra -fno-tree-loop-distribute-patterns"

TRACE::2026-08-02.14:05:07::SCWBDomain::"Running Make include in ps7_cortexa9_0/libsrc/scuwdt_v2_6/src"

TRACE::2026-08-02.14:05:07::SCWBDomain::make -C ps7_cortexa9_0/libsrc/scuwdt_v2_6/src -s include  "SHELL=CMD" "COMPILER=arm-none-eabi-gcc" "ASSEMBLER=arm-none-eabi-as"
TRACE::2026-08-02.14:05:07::SCWBDomain:: "ARCHIVER=arm-none-eabi-ar" "COMPILER_FLAGS=  -O2 -c" "EXTRA_COMPILER_FLAGS=-mcpu=cortex-a9 -mfpu=vfpv3 -mfloat-abi=hard -nost
TRACE::2026-08-02.14:05:07::SCWBDomain::artfiles -g -Wall -Wextra -fno-tree-loop-distribute-patterns"

TRACE::2026-08-02.14:05:07::SCWBDomain::"Running Make include in ps7_cortexa9_0/libsrc/sdps_v4_4/src"

TRACE::2026-08-02.14:05:07::SCWBDomain::make -C ps7_cortexa9_0/libsrc/sdps_v4_4/src -s include  "SHELL=CMD" "COMPILER=arm-none-eabi-gcc" "ASSEMBLER=arm-none-eabi-as" "
TRACE::2026-08-02.14:05:07::SCWBDomain::ARCHIVER=arm-none-eabi-ar" "COMPILER_FLAGS=  -O2 -c" "EXTRA_COMPILER_FLAGS=-mcpu=cortex-a9 -mfpu=vfpv3 -mfloat-abi=hard -nostar
TRACE::2026-08-02.14:05:07::SCWBDomain::tfiles -g -Wall -Wextra -fno-tree-loop-distribute-patterns"

TRACE::2026-08-02.14:05:07::SCWBDomain::"Running Make include in ps7_cortexa9_0/libsrc/standalone_v9_2/src"

TRACE::2026-08-02.14:05:07::SCWBDomain::make -C ps7_cortexa9_0/libsrc/standalone_v9_2/src -s include  "SHELL=CMD" "COMPILER=arm-none-eabi-gcc" "ASSEMBLER=arm-none-eabi
TRACE::2026-08-02.14:05:07::SCWBDomain::-as" "ARCHIVER=arm-none-eabi-ar" "COMPILER_FLAGS=  -O2 -c" "EXTRA_COMPILER_FLAGS=-mcpu=cortex-a9 -mfpu=vfpv3 -mfloat-abi=hard -
TRACE::2026-08-02.14:05:07::SCWBDomain::nostartfiles -g -Wall -Wextra -fno-tree-loop-distribute-patterns"

TRACE::2026-08-02.14:05:08::SCWBDomain::"Running Make include in ps7_cortexa9_0/libsrc/uartps_v3_15/src"

TRACE::2026-08-02.14:05:08::SCWBDomain::make -C ps7_cortexa9_0/libsrc/uartps_v3_15/src -s include  "SHELL=CMD" "COMPILER=arm-none-eabi-gcc" "ASSEMBLER=arm-none-eabi-as
TRACE::2026-08-02.14:05:08::SCWBDomain::" "ARCHIVER=arm-none-eabi-ar" "COMPILER_FLAGS=  -O2 -c" "EXTRA_COMPILER_FLAGS=-mcpu=cortex-a9 -mfpu=vfpv3 -mfloat-abi=hard -nos
TRACE::2026-08-02.14:05:08::SCWBDomain::tartfiles -g -Wall -Wextra -fno-tree-loop-distribute-patterns"

TRACE::2026-08-02.14:05:08::SCWBDomain::"Running Make include in ps7_cortexa9_0/libsrc/usbps_v2_9/src"

TRACE::2026-08-02.14:05:08::SCWBDomain::make -C ps7_cortexa9_0/libsrc/usbps_v2_9/src -s include  "SHELL=CMD" "COMPILER=arm-none-eabi-gcc" "ASSEMBLER=arm-none-eabi-as" 
TRACE::2026-08-02.14:05:08::SCWBDomain::"ARCHIVER=arm-none-eabi-ar" "COMPILER_FLAGS=  -O2 -c" "EXTRA_COMPILER_FLAGS=-mcpu=cortex-a9 -mfpu=vfpv3 -mfloat-abi=hard -nosta
TRACE::2026-08-02.14:05:08::SCWBDomain::rtfiles -g -Wall -Wextra -fno-tree-loop-distribute-patterns"

TRACE::2026-08-02.14:05:09::SCWBDomain::"Running Make include in ps7_cortexa9_0/libsrc/xadcps_v2_7/src"

TRACE::2026-08-02.14:05:09::SCWBDomain::make -C ps7_cortexa9_0/libsrc/xadcps_v2_7/src -s include  "SHELL=CMD" "COMPILER=arm-none-eabi-gcc" "ASSEMBLER=arm-none-eabi-as"
TRACE::2026-08-02.14:05:09::SCWBDomain:: "ARCHIVER=arm-none-eabi-ar" "COMPILER_FLAGS=  -O2 -c" "EXTRA_COMPILER_FLAGS=-mcpu=cortex-a9 -mfpu=vfpv3 -mfloat-abi=hard -nost
TRACE::2026-08-02.14:05:09::SCWBDomain::artfiles -g -Wall -Wextra -fno-tree-loop-distribute-patterns"

TRACE::2026-08-02.14:05:09::SCWBDomain::"Running Make include in ps7_cortexa9_0/libsrc/xilffs_v5_3/src"

TRACE::2026-08-02.14:05:09::SCWBDomain::make -C ps7_cortexa9_0/libsrc/xilffs_v5_3/src -s include  "SHELL=CMD" "COMPILER=arm-none-eabi-gcc" "ASSEMBLER=arm-none-eabi-as"
TRACE::2026-08-02.14:05:09::SCWBDomain:: "ARCHIVER=arm-none-eabi-ar" "COMPILER_FLAGS=  -O2 -c" "EXTRA_COMPILER_FLAGS=-mcpu=cortex-a9 -mfpu=vfpv3 -mfloat-abi=hard -nost
TRACE::2026-08-02.14:05:09::SCWBDomain::artfiles -g -Wall -Wextra -fno-tree-loop-distribute-patterns"

TRACE::2026-08-02.14:05:09::SCWBDomain::"Running Make include in ps7_cortexa9_0/libsrc/xilrsa_v1_8/src"

TRACE::2026-08-02.14:05:09::SCWBDomain::make -C ps7_cortexa9_0/libsrc/xilrsa_v1_8/src -s include  "SHELL=CMD" "COMPILER=arm-none-eabi-gcc" "ASSEMBLER=arm-none-eabi-as"
TRACE::2026-08-02.14:05:09::SCWBDomain:: "ARCHIVER=arm-none-eabi-ar" "COMPILER_FLAGS=  -O2 -c" "EXTRA_COMPILER_FLAGS=-mcpu=cortex-a9 -mfpu=vfpv3 -mfloat-abi=hard -nost
TRACE::2026-08-02.14:05:09::SCWBDomain::artfiles -g -Wall -Wextra -fno-tree-loop-distribute-patterns"

TRACE::2026-08-02.14:05:09::SCWBDomain::"Running Make libs in ps7_cortexa9_0/libsrc/xilrsa_v1_8/src"

TRACE::2026-08-02.14:05:09::SCWBDomain::make -C ps7_cortexa9_0/libsrc/xilrsa_v1_8/src -s libs  "SHELL=CMD" "COMPILER=arm-none-eabi-gcc" "ASSEMBLER=arm-none-eabi-as" "A
TRACE::2026-08-02.14:05:09::SCWBDomain::RCHIVER=arm-none-eabi-ar" "COMPILER_FLAGS=  -O2 -c" "EXTRA_COMPILER_FLAGS=-mcpu=cortex-a9 -mfpu=vfpv3 -mfloat-abi=hard -nostart
TRACE::2026-08-02.14:05:09::SCWBDomain::files -g -Wall -Wextra -fno-tree-loop-distribute-patterns"

TRACE::2026-08-02.14:05:09::SCWBDomain::'Finished building libraries sequentially.'

TRACE::2026-08-02.14:05:09::SCWBDomain::make -j 14 --no-print-directory par_libs

TRACE::2026-08-02.14:05:09::SCWBDomain::"Running Make include in ps7_cortexa9_0/libsrc/coresightps_dcc_v1_11/src"

TRACE::2026-08-02.14:05:09::SCWBDomain::make -C ps7_cortexa9_0/libsrc/coresightps_dcc_v1_11/src -s include  "SHELL=CMD" "COMPILER=arm-none-eabi-gcc" "ASSEMBLER=arm-non
TRACE::2026-08-02.14:05:09::SCWBDomain::e-eabi-as" "ARCHIVER=arm-none-eabi-ar" "COMPILER_FLAGS=  -O2 -c" "EXTRA_COMPILER_FLAGS=-mcpu=cortex-a9 -mfpu=vfpv3 -mfloat-abi=
TRACE::2026-08-02.14:05:09::SCWBDomain::hard -nostartfiles -g -Wall -Wextra -fno-tree-loop-distribute-patterns"

TRACE::2026-08-02.14:05:09::SCWBDomain::"Running Make include in ps7_cortexa9_0/libsrc/cpu_cortexa9_v2_12/src"

TRACE::2026-08-02.14:05:09::SCWBDomain::make -C ps7_cortexa9_0/libsrc/cpu_cortexa9_v2_12/src -s include  "SHELL=CMD" "COMPILER=arm-none-eabi-gcc" "ASSEMBLER=arm-none-e
TRACE::2026-08-02.14:05:09::SCWBDomain::abi-as" "ARCHIVER=arm-none-eabi-ar" "COMPILER_FLAGS=  -O2 -c" "EXTRA_COMPILER_FLAGS=-mcpu=cortex-a9 -mfpu=vfpv3 -mfloat-abi=har
TRACE::2026-08-02.14:05:09::SCWBDomain::d -nostartfiles -g -Wall -Wextra -fno-tree-loop-distribute-patterns"

TRACE::2026-08-02.14:05:09::SCWBDomain::"Running Make include in ps7_cortexa9_0/libsrc/ddrps_v1_2/src"

TRACE::2026-08-02.14:05:09::SCWBDomain::make -C ps7_cortexa9_0/libsrc/ddrps_v1_2/src -s include  "SHELL=CMD" "COMPILER=arm-none-eabi-gcc" "ASSEMBLER=arm-none-eabi-as" 
TRACE::2026-08-02.14:05:09::SCWBDomain::"ARCHIVER=arm-none-eabi-ar" "COMPILER_FLAGS=  -O2 -c" "EXTRA_COMPILER_FLAGS=-mcpu=cortex-a9 -mfpu=vfpv3 -mfloat-abi=hard -nosta
TRACE::2026-08-02.14:05:09::SCWBDomain::rtfiles -g -Wall -Wextra -fno-tree-loop-distribute-patterns"

TRACE::2026-08-02.14:05:09::SCWBDomain::"Running Make include in ps7_cortexa9_0/libsrc/devcfg_v3_8/src"

TRACE::2026-08-02.14:05:09::SCWBDomain::make -C ps7_cortexa9_0/libsrc/devcfg_v3_8/src -s include  "SHELL=CMD" "COMPILER=arm-none-eabi-gcc" "ASSEMBLER=arm-none-eabi-as"
TRACE::2026-08-02.14:05:09::SCWBDomain:: "ARCHIVER=arm-none-eabi-ar" "COMPILER_FLAGS=  -O2 -c" "EXTRA_COMPILER_FLAGS=-mcpu=cortex-a9 -mfpu=vfpv3 -mfloat-abi=hard -nost
TRACE::2026-08-02.14:05:09::SCWBDomain::artfiles -g -Wall -Wextra -fno-tree-loop-distribute-patterns"

TRACE::2026-08-02.14:05:09::SCWBDomain::"Running Make include in ps7_cortexa9_0/libsrc/dmaps_v2_11/src"

TRACE::2026-08-02.14:05:09::SCWBDomain::make -C ps7_cortexa9_0/libsrc/dmaps_v2_11/src -s include  "SHELL=CMD" "COMPILER=arm-none-eabi-gcc" "ASSEMBLER=arm-none-eabi-as"
TRACE::2026-08-02.14:05:09::SCWBDomain:: "ARCHIVER=arm-none-eabi-ar" "COMPILER_FLAGS=  -O2 -c" "EXTRA_COMPILER_FLAGS=-mcpu=cortex-a9 -mfpu=vfpv3 -mfloat-abi=hard -nost
TRACE::2026-08-02.14:05:09::SCWBDomain::artfiles -g -Wall -Wextra -fno-tree-loop-distribute-patterns"

TRACE::2026-08-02.14:05:09::SCWBDomain::"Running Make include in ps7_cortexa9_0/libsrc/emacps_v3_21/src"

TRACE::2026-08-02.14:05:09::SCWBDomain::make -C ps7_cortexa9_0/libsrc/emacps_v3_21/src -s include  "SHELL=CMD" "COMPILER=arm-none-eabi-gcc" "ASSEMBLER=arm-none-eabi-as
TRACE::2026-08-02.14:05:09::SCWBDomain::" "ARCHIVER=arm-none-eabi-ar" "COMPILER_FLAGS=  -O2 -c" "EXTRA_COMPILER_FLAGS=-mcpu=cortex-a9 -mfpu=vfpv3 -mfloat-abi=hard -nos
TRACE::2026-08-02.14:05:09::SCWBDomain::tartfiles -g -Wall -Wextra -fno-tree-loop-distribute-patterns"

TRACE::2026-08-02.14:05:09::SCWBDomain::"Running Make include in ps7_cortexa9_0/libsrc/gpiops_v3_13/src"

TRACE::2026-08-02.14:05:09::SCWBDomain::make -C ps7_cortexa9_0/libsrc/gpiops_v3_13/src -s include  "SHELL=CMD" "COMPILER=arm-none-eabi-gcc" "ASSEMBLER=arm-none-eabi-as
TRACE::2026-08-02.14:05:09::SCWBDomain::" "ARCHIVER=arm-none-eabi-ar" "COMPILER_FLAGS=  -O2 -c" "EXTRA_COMPILER_FLAGS=-mcpu=cortex-a9 -mfpu=vfpv3 -mfloat-abi=hard -nos
TRACE::2026-08-02.14:05:09::SCWBDomain::tartfiles -g -Wall -Wextra -fno-tree-loop-distribute-patterns"

TRACE::2026-08-02.14:05:09::SCWBDomain::"Running Make include in ps7_cortexa9_0/libsrc/qspips_v3_13/src"

TRACE::2026-08-02.14:05:09::SCWBDomain::make -C ps7_cortexa9_0/libsrc/qspips_v3_13/src -s include  "SHELL=CMD" "COMPILER=arm-none-eabi-gcc" "ASSEMBLER=arm-none-eabi-as
TRACE::2026-08-02.14:05:09::SCWBDomain::" "ARCHIVER=arm-none-eabi-ar" "COMPILER_FLAGS=  -O2 -c" "EXTRA_COMPILER_FLAGS=-mcpu=cortex-a9 -mfpu=vfpv3 -mfloat-abi=hard -nos
TRACE::2026-08-02.14:05:09::SCWBDomain::tartfiles -g -Wall -Wextra -fno-tree-loop-distribute-patterns"

TRACE::2026-08-02.14:05:10::SCWBDomain::"Running Make include in ps7_cortexa9_0/libsrc/scugic_v5_4/src"

TRACE::2026-08-02.14:05:10::SCWBDomain::make -C ps7_cortexa9_0/libsrc/scugic_v5_4/src -s include  "SHELL=CMD" "COMPILER=arm-none-eabi-gcc" "ASSEMBLER=arm-none-eabi-as"
TRACE::2026-08-02.14:05:10::SCWBDomain:: "ARCHIVER=arm-none-eabi-ar" "COMPILER_FLAGS=  -O2 -c" "EXTRA_COMPILER_FLAGS=-mcpu=cortex-a9 -mfpu=vfpv3 -mfloat-abi=hard -nost
TRACE::2026-08-02.14:05:10::SCWBDomain::artfiles -g -Wall -Wextra -fno-tree-loop-distribute-patterns"

TRACE::2026-08-02.14:05:10::SCWBDomain::"Running Make include in ps7_cortexa9_0/libsrc/scutimer_v2_6/src"

TRACE::2026-08-02.14:05:10::SCWBDomain::make -C ps7_cortexa9_0/libsrc/scutimer_v2_6/src -s include  "SHELL=CMD" "COMPILER=arm-none-eabi-gcc" "ASSEMBLER=arm-none-eabi-a
TRACE::2026-08-02.14:05:10::SCWBDomain::s" "ARCHIVER=arm-none-eabi-ar" "COMPILER_FLAGS=  -O2 -c" "EXTRA_COMPILER_FLAGS=-mcpu=cortex-a9 -mfpu=vfpv3 -mfloat-abi=hard -no
TRACE::2026-08-02.14:05:10::SCWBDomain::startfiles -g -Wall -Wextra -fno-tree-loop-distribute-patterns"

TRACE::2026-08-02.14:05:10::SCWBDomain::"Running Make include in ps7_cortexa9_0/libsrc/scuwdt_v2_6/src"

TRACE::2026-08-02.14:05:10::SCWBDomain::make -C ps7_cortexa9_0/libsrc/scuwdt_v2_6/src -s include  "SHELL=CMD" "COMPILER=arm-none-eabi-gcc" "ASSEMBLER=arm-none-eabi-as"
TRACE::2026-08-02.14:05:10::SCWBDomain:: "ARCHIVER=arm-none-eabi-ar" "COMPILER_FLAGS=  -O2 -c" "EXTRA_COMPILER_FLAGS=-mcpu=cortex-a9 -mfpu=vfpv3 -mfloat-abi=hard -nost
TRACE::2026-08-02.14:05:10::SCWBDomain::artfiles -g -Wall -Wextra -fno-tree-loop-distribute-patterns"

TRACE::2026-08-02.14:05:10::SCWBDomain::"Running Make include in ps7_cortexa9_0/libsrc/sdps_v4_4/src"

TRACE::2026-08-02.14:05:10::SCWBDomain::make -C ps7_cortexa9_0/libsrc/sdps_v4_4/src -s include  "SHELL=CMD" "COMPILER=arm-none-eabi-gcc" "ASSEMBLER=arm-none-eabi-as" "
TRACE::2026-08-02.14:05:10::SCWBDomain::ARCHIVER=arm-none-eabi-ar" "COMPILER_FLAGS=  -O2 -c" "EXTRA_COMPILER_FLAGS=-mcpu=cortex-a9 -mfpu=vfpv3 -mfloat-abi=hard -nostar
TRACE::2026-08-02.14:05:10::SCWBDomain::tfiles -g -Wall -Wextra -fno-tree-loop-distribute-patterns"

TRACE::2026-08-02.14:05:10::SCWBDomain::"Running Make include in ps7_cortexa9_0/libsrc/standalone_v9_2/src"

TRACE::2026-08-02.14:05:10::SCWBDomain::make -C ps7_cortexa9_0/libsrc/standalone_v9_2/src -s include  "SHELL=CMD" "COMPILER=arm-none-eabi-gcc" "ASSEMBLER=arm-none-eabi
TRACE::2026-08-02.14:05:10::SCWBDomain::-as" "ARCHIVER=arm-none-eabi-ar" "COMPILER_FLAGS=  -O2 -c" "EXTRA_COMPILER_FLAGS=-mcpu=cortex-a9 -mfpu=vfpv3 -mfloat-abi=hard -
TRACE::2026-08-02.14:05:10::SCWBDomain::nostartfiles -g -Wall -Wextra -fno-tree-loop-distribute-patterns"

TRACE::2026-08-02.14:05:10::SCWBDomain::"Running Make include in ps7_cortexa9_0/libsrc/uartps_v3_15/src"

TRACE::2026-08-02.14:05:10::SCWBDomain::make -C ps7_cortexa9_0/libsrc/uartps_v3_15/src -s include  "SHELL=CMD" "COMPILER=arm-none-eabi-gcc" "ASSEMBLER=arm-none-eabi-as
TRACE::2026-08-02.14:05:10::SCWBDomain::" "ARCHIVER=arm-none-eabi-ar" "COMPILER_FLAGS=  -O2 -c" "EXTRA_COMPILER_FLAGS=-mcpu=cortex-a9 -mfpu=vfpv3 -mfloat-abi=hard -nos
TRACE::2026-08-02.14:05:10::SCWBDomain::tartfiles -g -Wall -Wextra -fno-tree-loop-distribute-patterns"

TRACE::2026-08-02.14:05:10::SCWBDomain::"Running Make include in ps7_cortexa9_0/libsrc/usbps_v2_9/src"

TRACE::2026-08-02.14:05:10::SCWBDomain::make -C ps7_cortexa9_0/libsrc/usbps_v2_9/src -s include  "SHELL=CMD" "COMPILER=arm-none-eabi-gcc" "ASSEMBLER=arm-none-eabi-as" 
TRACE::2026-08-02.14:05:10::SCWBDomain::"ARCHIVER=arm-none-eabi-ar" "COMPILER_FLAGS=  -O2 -c" "EXTRA_COMPILER_FLAGS=-mcpu=cortex-a9 -mfpu=vfpv3 -mfloat-abi=hard -nosta
TRACE::2026-08-02.14:05:10::SCWBDomain::rtfiles -g -Wall -Wextra -fno-tree-loop-distribute-patterns"

TRACE::2026-08-02.14:05:10::SCWBDomain::"Running Make include in ps7_cortexa9_0/libsrc/xadcps_v2_7/src"

TRACE::2026-08-02.14:05:10::SCWBDomain::make -C ps7_cortexa9_0/libsrc/xadcps_v2_7/src -s include  "SHELL=CMD" "COMPILER=arm-none-eabi-gcc" "ASSEMBLER=arm-none-eabi-as"
TRACE::2026-08-02.14:05:10::SCWBDomain:: "ARCHIVER=arm-none-eabi-ar" "COMPILER_FLAGS=  -O2 -c" "EXTRA_COMPILER_FLAGS=-mcpu=cortex-a9 -mfpu=vfpv3 -mfloat-abi=hard -nost
TRACE::2026-08-02.14:05:10::SCWBDomain::artfiles -g -Wall -Wextra -fno-tree-loop-distribute-patterns"

TRACE::2026-08-02.14:05:10::SCWBDomain::"Running Make include in ps7_cortexa9_0/libsrc/xilffs_v5_3/src"

TRACE::2026-08-02.14:05:10::SCWBDomain::make -C ps7_cortexa9_0/libsrc/xilffs_v5_3/src -s include  "SHELL=CMD" "COMPILER=arm-none-eabi-gcc" "ASSEMBLER=arm-none-eabi-as"
TRACE::2026-08-02.14:05:10::SCWBDomain:: "ARCHIVER=arm-none-eabi-ar" "COMPILER_FLAGS=  -O2 -c" "EXTRA_COMPILER_FLAGS=-mcpu=cortex-a9 -mfpu=vfpv3 -mfloat-abi=hard -nost
TRACE::2026-08-02.14:05:10::SCWBDomain::artfiles -g -Wall -Wextra -fno-tree-loop-distribute-patterns"

TRACE::2026-08-02.14:05:10::SCWBDomain::"Running Make include in ps7_cortexa9_0/libsrc/xilrsa_v1_8/src"

TRACE::2026-08-02.14:05:10::SCWBDomain::make -C ps7_cortexa9_0/libsrc/xilrsa_v1_8/src -s include  "SHELL=CMD" "COMPILER=arm-none-eabi-gcc" "ASSEMBLER=arm-none-eabi-as"
TRACE::2026-08-02.14:05:10::SCWBDomain:: "ARCHIVER=arm-none-eabi-ar" "COMPILER_FLAGS=  -O2 -c" "EXTRA_COMPILER_FLAGS=-mcpu=cortex-a9 -mfpu=vfpv3 -mfloat-abi=hard -nost
TRACE::2026-08-02.14:05:10::SCWBDomain::artfiles -g -Wall -Wextra -fno-tree-loop-distribute-patterns"

TRACE::2026-08-02.14:05:10::SCWBDomain::"Running Make libs in ps7_cortexa9_0/libsrc/coresightps_dcc_v1_11/src"

TRACE::2026-08-02.14:05:10::SCWBDomain::make -C ps7_cortexa9_0/libsrc/coresightps_dcc_v1_11/src -s libs  "SHELL=CMD" "COMPILER=arm-none-eabi-gcc" "ASSEMBLER=arm-none-e
TRACE::2026-08-02.14:05:10::SCWBDomain::abi-as" "ARCHIVER=arm-none-eabi-ar" "COMPILER_FLAGS=  -O2 -c" "EXTRA_COMPILER_FLAGS=-mcpu=cortex-a9 -mfpu=vfpv3 -mfloat-abi=har
TRACE::2026-08-02.14:05:10::SCWBDomain::d -nostartfiles -g -Wall -Wextra -fno-tree-loop-distribute-patterns"

TRACE::2026-08-02.14:05:10::SCWBDomain::"Running Make libs in ps7_cortexa9_0/libsrc/cpu_cortexa9_v2_12/src"

TRACE::2026-08-02.14:05:10::SCWBDomain::make -C ps7_cortexa9_0/libsrc/cpu_cortexa9_v2_12/src -s libs  "SHELL=CMD" "COMPILER=arm-none-eabi-gcc" "ASSEMBLER=arm-none-eabi
TRACE::2026-08-02.14:05:10::SCWBDomain::-as" "ARCHIVER=arm-none-eabi-ar" "COMPILER_FLAGS=  -O2 -c" "EXTRA_COMPILER_FLAGS=-mcpu=cortex-a9 -mfpu=vfpv3 -mfloat-abi=hard -
TRACE::2026-08-02.14:05:10::SCWBDomain::nostartfiles -g -Wall -Wextra -fno-tree-loop-distribute-patterns"

TRACE::2026-08-02.14:05:10::SCWBDomain::"Running Make libs in ps7_cortexa9_0/libsrc/ddrps_v1_2/src"

TRACE::2026-08-02.14:05:10::SCWBDomain::make -C ps7_cortexa9_0/libsrc/ddrps_v1_2/src -s libs  "SHELL=CMD" "COMPILER=arm-none-eabi-gcc" "ASSEMBLER=arm-none-eabi-as" "AR
TRACE::2026-08-02.14:05:10::SCWBDomain::CHIVER=arm-none-eabi-ar" "COMPILER_FLAGS=  -O2 -c" "EXTRA_COMPILER_FLAGS=-mcpu=cortex-a9 -mfpu=vfpv3 -mfloat-abi=hard -nostartf
TRACE::2026-08-02.14:05:10::SCWBDomain::iles -g -Wall -Wextra -fno-tree-loop-distribute-patterns"

TRACE::2026-08-02.14:05:10::SCWBDomain::"Running Make libs in ps7_cortexa9_0/libsrc/devcfg_v3_8/src"

TRACE::2026-08-02.14:05:10::SCWBDomain::make -C ps7_cortexa9_0/libsrc/devcfg_v3_8/src -s libs  "SHELL=CMD" "COMPILER=arm-none-eabi-gcc" "ASSEMBLER=arm-none-eabi-as" "A
TRACE::2026-08-02.14:05:10::SCWBDomain::RCHIVER=arm-none-eabi-ar" "COMPILER_FLAGS=  -O2 -c" "EXTRA_COMPILER_FLAGS=-mcpu=cortex-a9 -mfpu=vfpv3 -mfloat-abi=hard -nostart
TRACE::2026-08-02.14:05:10::SCWBDomain::files -g -Wall -Wextra -fno-tree-loop-distribute-patterns"

TRACE::2026-08-02.14:05:10::SCWBDomain::"Running Make libs in ps7_cortexa9_0/libsrc/dmaps_v2_11/src"

TRACE::2026-08-02.14:05:10::SCWBDomain::make -C ps7_cortexa9_0/libsrc/dmaps_v2_11/src -s libs  "SHELL=CMD" "COMPILER=arm-none-eabi-gcc" "ASSEMBLER=arm-none-eabi-as" "A
TRACE::2026-08-02.14:05:10::SCWBDomain::RCHIVER=arm-none-eabi-ar" "COMPILER_FLAGS=  -O2 -c" "EXTRA_COMPILER_FLAGS=-mcpu=cortex-a9 -mfpu=vfpv3 -mfloat-abi=hard -nostart
TRACE::2026-08-02.14:05:10::SCWBDomain::files -g -Wall -Wextra -fno-tree-loop-distribute-patterns"

TRACE::2026-08-02.14:05:10::SCWBDomain::"Running Make libs in ps7_cortexa9_0/libsrc/emacps_v3_21/src"

TRACE::2026-08-02.14:05:10::SCWBDomain::make -C ps7_cortexa9_0/libsrc/emacps_v3_21/src -s libs  "SHELL=CMD" "COMPILER=arm-none-eabi-gcc" "ASSEMBLER=arm-none-eabi-as" "
TRACE::2026-08-02.14:05:10::SCWBDomain::ARCHIVER=arm-none-eabi-ar" "COMPILER_FLAGS=  -O2 -c" "EXTRA_COMPILER_FLAGS=-mcpu=cortex-a9 -mfpu=vfpv3 -mfloat-abi=hard -nostar
TRACE::2026-08-02.14:05:10::SCWBDomain::tfiles -g -Wall -Wextra -fno-tree-loop-distribute-patterns"

TRACE::2026-08-02.14:05:11::SCWBDomain::"Running Make libs in ps7_cortexa9_0/libsrc/gpiops_v3_13/src"

TRACE::2026-08-02.14:05:11::SCWBDomain::make -C ps7_cortexa9_0/libsrc/gpiops_v3_13/src -s libs  "SHELL=CMD" "COMPILER=arm-none-eabi-gcc" "ASSEMBLER=arm-none-eabi-as" "
TRACE::2026-08-02.14:05:11::SCWBDomain::ARCHIVER=arm-none-eabi-ar" "COMPILER_FLAGS=  -O2 -c" "EXTRA_COMPILER_FLAGS=-mcpu=cortex-a9 -mfpu=vfpv3 -mfloat-abi=hard -nostar
TRACE::2026-08-02.14:05:11::SCWBDomain::tfiles -g -Wall -Wextra -fno-tree-loop-distribute-patterns"

TRACE::2026-08-02.14:05:11::SCWBDomain::"Running Make libs in ps7_cortexa9_0/libsrc/qspips_v3_13/src"

TRACE::2026-08-02.14:05:11::SCWBDomain::make -C ps7_cortexa9_0/libsrc/qspips_v3_13/src -s libs  "SHELL=CMD" "COMPILER=arm-none-eabi-gcc" "ASSEMBLER=arm-none-eabi-as" "
TRACE::2026-08-02.14:05:11::SCWBDomain::ARCHIVER=arm-none-eabi-ar" "COMPILER_FLAGS=  -O2 -c" "EXTRA_COMPILER_FLAGS=-mcpu=cortex-a9 -mfpu=vfpv3 -mfloat-abi=hard -nostar
TRACE::2026-08-02.14:05:11::SCWBDomain::tfiles -g -Wall -Wextra -fno-tree-loop-distribute-patterns"

TRACE::2026-08-02.14:05:11::SCWBDomain::"Running Make libs in ps7_cortexa9_0/libsrc/scugic_v5_4/src"

TRACE::2026-08-02.14:05:11::SCWBDomain::make -C ps7_cortexa9_0/libsrc/scugic_v5_4/src -s libs  "SHELL=CMD" "COMPILER=arm-none-eabi-gcc" "ASSEMBLER=arm-none-eabi-as" "A
TRACE::2026-08-02.14:05:11::SCWBDomain::RCHIVER=arm-none-eabi-ar" "COMPILER_FLAGS=  -O2 -c" "EXTRA_COMPILER_FLAGS=-mcpu=cortex-a9 -mfpu=vfpv3 -mfloat-abi=hard -nostart
TRACE::2026-08-02.14:05:11::SCWBDomain::files -g -Wall -Wextra -fno-tree-loop-distribute-patterns"

TRACE::2026-08-02.14:05:11::SCWBDomain::"Running Make libs in ps7_cortexa9_0/libsrc/scutimer_v2_6/src"

TRACE::2026-08-02.14:05:11::SCWBDomain::make -C ps7_cortexa9_0/libsrc/scutimer_v2_6/src -s libs  "SHELL=CMD" "COMPILER=arm-none-eabi-gcc" "ASSEMBLER=arm-none-eabi-as" 
TRACE::2026-08-02.14:05:11::SCWBDomain::"ARCHIVER=arm-none-eabi-ar" "COMPILER_FLAGS=  -O2 -c" "EXTRA_COMPILER_FLAGS=-mcpu=cortex-a9 -mfpu=vfpv3 -mfloat-abi=hard -nosta
TRACE::2026-08-02.14:05:11::SCWBDomain::rtfiles -g -Wall -Wextra -fno-tree-loop-distribute-patterns"

TRACE::2026-08-02.14:05:11::SCWBDomain::"Running Make libs in ps7_cortexa9_0/libsrc/scuwdt_v2_6/src"

TRACE::2026-08-02.14:05:11::SCWBDomain::make -C ps7_cortexa9_0/libsrc/scuwdt_v2_6/src -s libs  "SHELL=CMD" "COMPILER=arm-none-eabi-gcc" "ASSEMBLER=arm-none-eabi-as" "A
TRACE::2026-08-02.14:05:11::SCWBDomain::RCHIVER=arm-none-eabi-ar" "COMPILER_FLAGS=  -O2 -c" "EXTRA_COMPILER_FLAGS=-mcpu=cortex-a9 -mfpu=vfpv3 -mfloat-abi=hard -nostart
TRACE::2026-08-02.14:05:11::SCWBDomain::files -g -Wall -Wextra -fno-tree-loop-distribute-patterns"

TRACE::2026-08-02.14:05:12::SCWBDomain::"Running Make libs in ps7_cortexa9_0/libsrc/sdps_v4_4/src"

TRACE::2026-08-02.14:05:12::SCWBDomain::make -C ps7_cortexa9_0/libsrc/sdps_v4_4/src -s libs  "SHELL=CMD" "COMPILER=arm-none-eabi-gcc" "ASSEMBLER=arm-none-eabi-as" "ARC
TRACE::2026-08-02.14:05:12::SCWBDomain::HIVER=arm-none-eabi-ar" "COMPILER_FLAGS=  -O2 -c" "EXTRA_COMPILER_FLAGS=-mcpu=cortex-a9 -mfpu=vfpv3 -mfloat-abi=hard -nostartfi
TRACE::2026-08-02.14:05:12::SCWBDomain::les -g -Wall -Wextra -fno-tree-loop-distribute-patterns"

TRACE::2026-08-02.14:05:12::SCWBDomain::"Running Make libs in ps7_cortexa9_0/libsrc/standalone_v9_2/src"

TRACE::2026-08-02.14:05:12::SCWBDomain::make -C ps7_cortexa9_0/libsrc/standalone_v9_2/src -s libs  "SHELL=CMD" "COMPILER=arm-none-eabi-gcc" "ASSEMBLER=arm-none-eabi-as
TRACE::2026-08-02.14:05:12::SCWBDomain::" "ARCHIVER=arm-none-eabi-ar" "COMPILER_FLAGS=  -O2 -c" "EXTRA_COMPILER_FLAGS=-mcpu=cortex-a9 -mfpu=vfpv3 -mfloat-abi=hard -nos
TRACE::2026-08-02.14:05:12::SCWBDomain::tartfiles -g -Wall -Wextra -fno-tree-loop-distribute-patterns"

TRACE::2026-08-02.14:05:12::SCWBDomain::"Running Make libs in ps7_cortexa9_0/libsrc/uartps_v3_15/src"

TRACE::2026-08-02.14:05:12::SCWBDomain::make -C ps7_cortexa9_0/libsrc/uartps_v3_15/src -s libs  "SHELL=CMD" "COMPILER=arm-none-eabi-gcc" "ASSEMBLER=arm-none-eabi-as" "
TRACE::2026-08-02.14:05:12::SCWBDomain::ARCHIVER=arm-none-eabi-ar" "COMPILER_FLAGS=  -O2 -c" "EXTRA_COMPILER_FLAGS=-mcpu=cortex-a9 -mfpu=vfpv3 -mfloat-abi=hard -nostar
TRACE::2026-08-02.14:05:12::SCWBDomain::tfiles -g -Wall -Wextra -fno-tree-loop-distribute-patterns"

TRACE::2026-08-02.14:05:12::SCWBDomain::"Running Make libs in ps7_cortexa9_0/libsrc/usbps_v2_9/src"

TRACE::2026-08-02.14:05:12::SCWBDomain::make -C ps7_cortexa9_0/libsrc/usbps_v2_9/src -s libs  "SHELL=CMD" "COMPILER=arm-none-eabi-gcc" "ASSEMBLER=arm-none-eabi-as" "AR
TRACE::2026-08-02.14:05:12::SCWBDomain::CHIVER=arm-none-eabi-ar" "COMPILER_FLAGS=  -O2 -c" "EXTRA_COMPILER_FLAGS=-mcpu=cortex-a9 -mfpu=vfpv3 -mfloat-abi=hard -nostartf
TRACE::2026-08-02.14:05:12::SCWBDomain::iles -g -Wall -Wextra -fno-tree-loop-distribute-patterns"

TRACE::2026-08-02.14:05:12::SCWBDomain::"Running Make libs in ps7_cortexa9_0/libsrc/xadcps_v2_7/src"

TRACE::2026-08-02.14:05:12::SCWBDomain::make -C ps7_cortexa9_0/libsrc/xadcps_v2_7/src -s libs  "SHELL=CMD" "COMPILER=arm-none-eabi-gcc" "ASSEMBLER=arm-none-eabi-as" "A
TRACE::2026-08-02.14:05:12::SCWBDomain::RCHIVER=arm-none-eabi-ar" "COMPILER_FLAGS=  -O2 -c" "EXTRA_COMPILER_FLAGS=-mcpu=cortex-a9 -mfpu=vfpv3 -mfloat-abi=hard -nostart
TRACE::2026-08-02.14:05:12::SCWBDomain::files -g -Wall -Wextra -fno-tree-loop-distribute-patterns"

TRACE::2026-08-02.14:05:13::SCWBDomain::"Running Make libs in ps7_cortexa9_0/libsrc/xilffs_v5_3/src"

TRACE::2026-08-02.14:05:13::SCWBDomain::make -C ps7_cortexa9_0/libsrc/xilffs_v5_3/src -s libs  "SHELL=CMD" "COMPILER=arm-none-eabi-gcc" "ASSEMBLER=arm-none-eabi-as" "A
TRACE::2026-08-02.14:05:13::SCWBDomain::RCHIVER=arm-none-eabi-ar" "COMPILER_FLAGS=  -O2 -c" "EXTRA_COMPILER_FLAGS=-mcpu=cortex-a9 -mfpu=vfpv3 -mfloat-abi=hard -nostart
TRACE::2026-08-02.14:05:13::SCWBDomain::files -g -Wall -Wextra -fno-tree-loop-distribute-patterns"

TRACE::2026-08-02.14:05:15::SCWBDomain::'Finished building libraries parallelly.'

TRACE::2026-08-02.14:05:15::SCWBDomain::make --no-print-directory archive

TRACE::2026-08-02.14:05:15::SCWBDomain::arm-none-eabi-ar -r  ps7_cortexa9_0/lib/libxil.a ps7_cortexa9_0/lib/_exit.o ps7_cortexa9_0/lib/_open.o ps7_cortexa9_0/lib/_sbrk
TRACE::2026-08-02.14:05:15::SCWBDomain::.o ps7_cortexa9_0/lib/abort.o ps7_cortexa9_0/lib/asm_vectors.o ps7_cortexa9_0/lib/boot.o ps7_cortexa9_0/lib/close.o ps7_cortexa
TRACE::2026-08-02.14:05:15::SCWBDomain::9_0/lib/cpputest_time.o ps7_cortexa9_0/lib/cpu_init.o ps7_cortexa9_0/lib/errno.o ps7_cortexa9_0/lib/fcntl.o ps7_cortexa9_0/lib/
TRACE::2026-08-02.14:05:15::SCWBDomain::fstat.o ps7_cortexa9_0/lib/getentropy.o ps7_cortexa9_0/lib/getpid.o ps7_cortexa9_0/lib/gettimeofday.o ps7_cortexa9_0/lib/inbyte
TRACE::2026-08-02.14:05:15::SCWBDomain::.o ps7_cortexa9_0/lib/isatty.o ps7_cortexa9_0/lib/kill.o ps7_cortexa9_0/lib/lseek.o ps7_cortexa9_0/lib/open.o ps7_cortexa9_0/li
TRACE::2026-08-02.14:05:15::SCWBDomain::b/outbyte.o ps7_cortexa9_0/lib/print.o ps7_cortexa9_0/lib/putnum.o ps7_cortexa9_0/lib/read.o ps7_cortexa9_0/lib/sbrk.o ps7_cort
TRACE::2026-08-02.14:05:15::SCWBDomain::exa9_0/lib/sleep.o ps7_cortexa9_0/lib/time.o ps7_cortexa9_0/lib/translation_table.o ps7_cortexa9_0/lib/unlink.o ps7_cortexa9_0/
TRACE::2026-08-02.14:05:15::SCWBDomain::lib/usleep.o ps7_cortexa9_0/lib/vectors.o ps7_cortexa9_0/lib/write.o ps7_cortexa9_0/lib/xadcps.o ps7_cortexa9_0/lib/xadcps_g.o 
TRACE::2026-08-02.14:05:15::SCWBDomain::ps7_cortexa9_0/lib/xadcps_intr.o ps7_cortexa9_0/lib/xadcps_selftest.o ps7_cortexa9_0/lib/xadcps_sinit.o ps7_cortexa9_0/lib/xcor
TRACE::2026-08-02.14:05:15::SCWBDomain::esightpsdcc.o ps7_cortexa9_0/lib/xdevcfg.o ps7_cortexa9_0/lib/xdevcfg_g.o ps7_cortexa9_0/lib/xdevcfg_hw.o ps7_cortexa9_0/lib/xd
TRACE::2026-08-02.14:05:15::SCWBDomain::evcfg_intr.o ps7_cortexa9_0/lib/xdevcfg_selftest.o ps7_cortexa9_0/lib/xdevcfg_sinit.o ps7_cortexa9_0/lib/xdmaps.o ps7_cortexa9_
TRACE::2026-08-02.14:05:15::SCWBDomain::0/lib/xdmaps_g.o ps7_cortexa9_0/lib/xdmaps_hw.o ps7_cortexa9_0/lib/xdmaps_selftest.o ps7_cortexa9_0/lib/xdmaps_sinit.o ps7_cort
TRACE::2026-08-02.14:05:15::SCWBDomain::exa9_0/lib/xemacps.o ps7_cortexa9_0/lib/xemacps_bdring.o ps7_cortexa9_0/lib/xemacps_control.o ps7_cortexa9_0/lib/xemacps_g.o ps
TRACE::2026-08-02.14:05:15::SCWBDomain::7_cortexa9_0/lib/xemacps_hw.o ps7_cortexa9_0/lib/xemacps_intr.o ps7_cortexa9_0/lib/xemacps_sinit.o ps7_cortexa9_0/lib/xgpiops.o
TRACE::2026-08-02.14:05:15::SCWBDomain:: ps7_cortexa9_0/lib/xgpiops_g.o ps7_cortexa9_0/lib/xgpiops_hw.o ps7_cortexa9_0/lib/xgpiops_intr.o ps7_cortexa9_0/lib/xgpiops_se
TRACE::2026-08-02.14:05:15::SCWBDomain::lftest.o ps7_cortexa9_0/lib/xgpiops_sinit.o ps7_cortexa9_0/lib/xil-crt0.o ps7_cortexa9_0/lib/xil_assert.o ps7_cortexa9_0/lib/xi
TRACE::2026-08-02.14:05:15::SCWBDomain::l_cache.o ps7_cortexa9_0/lib/xil_clocking.o ps7_cortexa9_0/lib/xil_exception.o ps7_cortexa9_0/lib/xil_mem.o ps7_cortexa9_0/lib/
TRACE::2026-08-02.14:05:15::SCWBDomain::xil_misc_psreset_api.o ps7_cortexa9_0/lib/xil_mmu.o ps7_cortexa9_0/lib/xil_printf.o ps7_cortexa9_0/lib/xil_sleepcommon.o ps7_co
TRACE::2026-08-02.14:05:15::SCWBDomain::rtexa9_0/lib/xil_sleeptimer.o ps7_cortexa9_0/lib/xil_spinlock.o ps7_cortexa9_0/lib/xil_sutil.o ps7_cortexa9_0/lib/xil_testcache
TRACE::2026-08-02.14:05:15::SCWBDomain::.o ps7_cortexa9_0/lib/xil_testio.o ps7_cortexa9_0/lib/xil_testmem.o ps7_cortexa9_0/lib/xil_util.o ps7_cortexa9_0/lib/xinterrupt
TRACE::2026-08-02.14:05:15::SCWBDomain::_wrap.o ps7_cortexa9_0/lib/xl2cc_counter.o ps7_cortexa9_0/lib/xplatform_info.o ps7_cortexa9_0/lib/xpm_counter.o ps7_cortexa9_0/
TRACE::2026-08-02.14:05:15::SCWBDomain::lib/xpm_init.o ps7_cortexa9_0/lib/xqspips.o ps7_cortexa9_0/lib/xqspips_g.o ps7_cortexa9_0/lib/xqspips_hw.o ps7_cortexa9_0/lib/x
TRACE::2026-08-02.14:05:15::SCWBDomain::qspips_options.o ps7_cortexa9_0/lib/xqspips_selftest.o ps7_cortexa9_0/lib/xqspips_sinit.o ps7_cortexa9_0/lib/xscugic.o ps7_cort
TRACE::2026-08-02.14:05:15::SCWBDomain::exa9_0/lib/xscugic_g.o ps7_cortexa9_0/lib/xscugic_hw.o ps7_cortexa9_0/lib/xscugic_intr.o ps7_cortexa9_0/lib/xscugic_selftest.o 
TRACE::2026-08-02.14:05:15::SCWBDomain::ps7_cortexa9_0/lib/xscugic_sinit.o ps7_cortexa9_0/lib/xscutimer.o ps7_cortexa9_0/lib/xscutimer_g.o ps7_cortexa9_0/lib/xscutimer
TRACE::2026-08-02.14:05:15::SCWBDomain::_selftest.o ps7_cortexa9_0/lib/xscutimer_sinit.o ps7_cortexa9_0/lib/xscuwdt.o ps7_cortexa9_0/lib/xscuwdt_g.o ps7_cortexa9_0/lib
TRACE::2026-08-02.14:05:15::SCWBDomain::/xscuwdt_selftest.o ps7_cortexa9_0/lib/xscuwdt_sinit.o ps7_cortexa9_0/lib/xsdps.o ps7_cortexa9_0/lib/xsdps_card.o ps7_cortexa9_
TRACE::2026-08-02.14:05:15::SCWBDomain::0/lib/xsdps_g.o ps7_cortexa9_0/lib/xsdps_host.o ps7_cortexa9_0/lib/xsdps_options.o ps7_cortexa9_0/lib/xsdps_sinit.o ps7_cortexa
TRACE::2026-08-02.14:05:15::SCWBDomain::9_0/lib/xtime_l.o ps7_cortexa9_0/lib/xuartps.o ps7_cortexa9_0/lib/xuartps_g.o ps7_cortexa9_0/lib/xuartps_hw.o ps7_cortexa9_0/li
TRACE::2026-08-02.14:05:15::SCWBDomain::b/xuartps_intr.o ps7_cortexa9_0/lib/xuartps_options.o ps7_cortexa9_0/lib/xuartps_selftest.o ps7_cortexa9_0/lib/xuartps_sinit.o 
TRACE::2026-08-02.14:05:15::SCWBDomain::ps7_cortexa9_0/lib/xusbps.o ps7_cortexa9_0/lib/xusbps_endpoint.o ps7_cortexa9_0/lib/xusbps_g.o ps7_cortexa9_0/lib/xusbps_hw.o p
TRACE::2026-08-02.14:05:15::SCWBDomain::s7_cortexa9_0/lib/xusbps_intr.o ps7_cortexa9_0/lib/xusbps_sinit.o

TRACE::2026-08-02.14:05:15::SCWBDomain::'Finished building libraries'

TRACE::2026-08-02.14:05:15::SCWBDomain::make: Leaving directory 'D:/Work/projects/zybo_z7_projects/DD_RF/vitis/RFsender_platform/zynq_fsbl/zynq_fsbl_bsp'

TRACE::2026-08-02.14:05:15::SCWBDomain::arm-none-eabi-gcc  -O2 -c -MMD -MP       -mcpu=cortex-a9 -mfpu=vfpv3 -mfloat-abi=hard  -c sd.c -o sd.o -Izynq_fsbl_bsp/ps7_cort
TRACE::2026-08-02.14:05:15::SCWBDomain::exa9_0/include -I.

TRACE::2026-08-02.14:05:15::SCWBDomain::arm-none-eabi-gcc  -O2 -c -MMD -MP       -mcpu=cortex-a9 -mfpu=vfpv3 -mfloat-abi=hard  -c nand.c -o nand.o -Izynq_fsbl_bsp/ps7_
TRACE::2026-08-02.14:05:15::SCWBDomain::cortexa9_0/include -I.

TRACE::2026-08-02.14:05:15::SCWBDomain::arm-none-eabi-gcc  -O2 -c -MMD -MP       -mcpu=cortex-a9 -mfpu=vfpv3 -mfloat-abi=hard  -c nor.c -o nor.o -Izynq_fsbl_bsp/ps7_co
TRACE::2026-08-02.14:05:15::SCWBDomain::rtexa9_0/include -I.

TRACE::2026-08-02.14:05:15::SCWBDomain::arm-none-eabi-gcc  -O2 -c -MMD -MP       -mcpu=cortex-a9 -mfpu=vfpv3 -mfloat-abi=hard  -c image_mover.c -o image_mover.o -Izynq
TRACE::2026-08-02.14:05:15::SCWBDomain::_fsbl_bsp/ps7_cortexa9_0/include -I.

TRACE::2026-08-02.14:05:16::SCWBDomain::arm-none-eabi-gcc  -O2 -c -MMD -MP       -mcpu=cortex-a9 -mfpu=vfpv3 -mfloat-abi=hard  -c md5.c -o md5.o -Izynq_fsbl_bsp/ps7_co
TRACE::2026-08-02.14:05:16::SCWBDomain::rtexa9_0/include -I.

TRACE::2026-08-02.14:05:16::SCWBDomain::arm-none-eabi-gcc  -O2 -c -MMD -MP       -mcpu=cortex-a9 -mfpu=vfpv3 -mfloat-abi=hard  -c fsbl_hooks.c -o fsbl_hooks.o -Izynq_f
TRACE::2026-08-02.14:05:16::SCWBDomain::sbl_bsp/ps7_cortexa9_0/include -I.

TRACE::2026-08-02.14:05:16::SCWBDomain::arm-none-eabi-gcc  -O2 -c -MMD -MP       -mcpu=cortex-a9 -mfpu=vfpv3 -mfloat-abi=hard  -c main.c -o main.o -Izynq_fsbl_bsp/ps7_
TRACE::2026-08-02.14:05:16::SCWBDomain::cortexa9_0/include -I.

TRACE::2026-08-02.14:05:16::SCWBDomain::arm-none-eabi-gcc  -O2 -c -MMD -MP       -mcpu=cortex-a9 -mfpu=vfpv3 -mfloat-abi=hard  -c rsa.c -o rsa.o -Izynq_fsbl_bsp/ps7_co
TRACE::2026-08-02.14:05:16::SCWBDomain::rtexa9_0/include -I.

TRACE::2026-08-02.14:05:16::SCWBDomain::arm-none-eabi-gcc  -O2 -c -MMD -MP       -mcpu=cortex-a9 -mfpu=vfpv3 -mfloat-abi=hard  -c qspi.c -o qspi.o -Izynq_fsbl_bsp/ps7_
TRACE::2026-08-02.14:05:16::SCWBDomain::cortexa9_0/include -I.

TRACE::2026-08-02.14:05:16::SCWBDomain::arm-none-eabi-gcc  -O2 -c -MMD -MP       -mcpu=cortex-a9 -mfpu=vfpv3 -mfloat-abi=hard  -c ps7_init.c -o ps7_init.o -Izynq_fsbl_
TRACE::2026-08-02.14:05:16::SCWBDomain::bsp/ps7_cortexa9_0/include -I.

TRACE::2026-08-02.14:05:16::SCWBDomain::arm-none-eabi-gcc  -O2 -c -MMD -MP       -mcpu=cortex-a9 -mfpu=vfpv3 -mfloat-abi=hard  -c pcap.c -o pcap.o -Izynq_fsbl_bsp/ps7_
TRACE::2026-08-02.14:05:16::SCWBDomain::cortexa9_0/include -I.

TRACE::2026-08-02.14:05:17::SCWBDomain::arm-none-eabi-gcc  -O2 -c -MMD -MP       -mcpu=cortex-a9 -mfpu=vfpv3 -mfloat-abi=hard  -c fsbl_handoff.S -o fsbl_handoff.o -Izy
TRACE::2026-08-02.14:05:17::SCWBDomain::nq_fsbl_bsp/ps7_cortexa9_0/include -I.

TRACE::2026-08-02.14:05:17::SCWBDomain::arm-none-eabi-gcc -o fsbl.elf fsbl_handoff.o fsbl_hooks.o image_mover.o main.o md5.o nand.o nor.o pcap.o ps7_init.o qspi.o rsa.
TRACE::2026-08-02.14:05:17::SCWBDomain::o sd.o -MMD -MP       -mcpu=cortex-a9 -mfpu=vfpv3 -mfloat-abi=hard   -mcpu=cortex-a9 -mfpu=vfpv3 -mfloat-abi=hard -Wl,-build-id
TRACE::2026-08-02.14:05:17::SCWBDomain::=none -specs=Xilinx.spec  -lrsa -Wl,--start-group,-lxil,-lgcc,-lc,--end-group -Wl,--start-group,-lxilffs,-lxil,-lgcc,-lc,--end-
TRACE::2026-08-02.14:05:17::SCWBDomain::group -Wl,--start-group,-lrsa,-lxil,-lgcc,-lc,--end-group                                   -Wl,--gc-sections -Lzynq_fsbl_bsp/p
TRACE::2026-08-02.14:05:17::SCWBDomain::s7_cortexa9_0/lib -L./ -Tlscript.ld

LOG::2026-08-02.14:05:17::SCWSystem::Checking the domain standalone_domain
LOG::2026-08-02.14:05:17::SCWSystem::Not a boot domain 
LOG::2026-08-02.14:05:17::SCWSystem::Started Processing the domain standalone_domain
TRACE::2026-08-02.14:05:17::SCWDomain::Generating domain artifcats
TRACE::2026-08-02.14:05:17::SCWMssOS::Generating standalone artifcats
TRACE::2026-08-02.14:05:17::SCWMssOS::Copying the qemu file from  D:/Work/projects/zybo_z7_projects/DD_RF/vitis/RFsender_platform/resources/RFsender_platform/standalone_domain/qemu_args.txt To D:/Work/projects/zybo_z7_projects/DD_RF/vitis/RFsender_platform/export/RFsender_platform/sw/RFsender_platform/qemu/
TRACE::2026-08-02.14:05:17::SCWMssOS::Copying the qemu file from  D:/Work/projects/zybo_z7_projects/DD_RF/vitis/RFsender_platform/resources/RFsender_platform/standalone_domain/qemu_args.txt To D:/Work/projects/zybo_z7_projects/DD_RF/vitis/RFsender_platform/export/RFsender_platform/sw/RFsender_platform/standalone_domain/qemu/
TRACE::2026-08-02.14:05:17::SCWMssOS:: Copying the user libraries. 
TRACE::2026-08-02.14:05:17::SCWPlatform::Trying to open the hw design at D:/Work/projects/zybo_z7_projects/DD_RF/vitis/RFsender_platform/hw/topSystem.xsa
TRACE::2026-08-02.14:05:17::SCWPlatform::DSA given D:/Work/projects/zybo_z7_projects/DD_RF/vitis/RFsender_platform/hw/topSystem.xsa
TRACE::2026-08-02.14:05:17::SCWPlatform::DSA absoulate path D:/Work/projects/zybo_z7_projects/DD_RF/vitis/RFsender_platform/hw/topSystem.xsa
TRACE::2026-08-02.14:05:17::SCWPlatform::DSA directory D:/Work/projects/zybo_z7_projects/DD_RF/vitis/RFsender_platform/hw
TRACE::2026-08-02.14:05:17::SCWPlatform:: Platform Path D:/Work/projects/zybo_z7_projects/DD_RF/vitis/RFsender_platform/hw/topSystem.xsa
TRACE::2026-08-02.14:05:17::SCWPlatform:: Unique name xilinx:zybo-z7-10::0.0
TRACE::2026-08-02.14:05:17::SCWPlatform::Trying to set the existing hwdb with name topSystem_3
TRACE::2026-08-02.14:05:17::SCWPlatform::Opened existing hwdb topSystem_3
TRACE::2026-08-02.14:05:17::SCWPlatform::Found the Hw Db part of the input DSA
TRACE::2026-08-02.14:05:17::SCWMssOS::Checking the sw design at  D:/Work/projects/zybo_z7_projects/DD_RF/vitis/RFsender_platform/ps7_cortexa9_0/standalone_domain/bsp/system.mss
TRACE::2026-08-02.14:05:17::SCWMssOS::DEBUG:  swdes dump  D:/Work/projects/zybo_z7_projects/DD_RF/vitis/RFsender_platform/zynq_fsbl/zynq_fsbl_bsp/system.mss|system_0||

TRACE::2026-08-02.14:05:17::SCWMssOS::No sw design opened at  D:/Work/projects/zybo_z7_projects/DD_RF/vitis/RFsender_platform/ps7_cortexa9_0/standalone_domain/bsp/system.mss
TRACE::2026-08-02.14:05:17::SCWMssOS::mss exists loading the mss file  D:/Work/projects/zybo_z7_projects/DD_RF/vitis/RFsender_platform/ps7_cortexa9_0/standalone_domain/bsp/system.mss
TRACE::2026-08-02.14:05:17::SCWMssOS::Opened the sw design from mss  D:/Work/projects/zybo_z7_projects/DD_RF/vitis/RFsender_platform/ps7_cortexa9_0/standalone_domain/bsp/system.mss
TRACE::2026-08-02.14:05:17::SCWMssOS::Adding the swdes entry D:/Work/projects/zybo_z7_projects/DD_RF/vitis/RFsender_platform/ps7_cortexa9_0/standalone_domain/bsp/system.mss with des name system
TRACE::2026-08-02.14:05:17::SCWMssOS::updating the scw layer about changes
TRACE::2026-08-02.14:05:17::SCWMssOS::Opened the sw design.  D:/Work/projects/zybo_z7_projects/DD_RF/vitis/RFsender_platform/ps7_cortexa9_0/standalone_domain/bsp/system.mss
TRACE::2026-08-02.14:05:17::SCWMssOS::Completed writing the mss file at D:/Work/projects/zybo_z7_projects/DD_RF/vitis/RFsender_platform/ps7_cortexa9_0/standalone_domain/bsp
TRACE::2026-08-02.14:05:17::SCWMssOS::Mss edits present, copying mssfile into export location D:/Work/projects/zybo_z7_projects/DD_RF/vitis/RFsender_platform/ps7_cortexa9_0/standalone_domain/bsp/system.mss
TRACE::2026-08-02.14:05:17::SCWMssOS::bsp generated is upto date with the mss file. Skipping bsp generation.
TRACE::2026-08-02.14:05:17::SCWMssOS::BSP is already built. skipping the bsp build ... 
TRACE::2026-08-02.14:05:17::SCWDomain::Building the domain as part of full build :  standalone_domain
TRACE::2026-08-02.14:05:17::SCWMssOS::doing bsp build ... 
TRACE::2026-08-02.14:05:17::SCWMssOS::System Command Ran  D: & cd  D:/Work/projects/zybo_z7_projects/DD_RF/vitis/RFsender_platform/ps7_cortexa9_0/standalone_domain/bsp & make 
TRACE::2026-08-02.14:05:17::SCWMssOS::make --no-print-directory seq_libs

TRACE::2026-08-02.14:05:17::SCWMssOS::'Finished building libraries sequentially.'

TRACE::2026-08-02.14:05:17::SCWMssOS::make -j 14 --no-print-directory par_libs

TRACE::2026-08-02.14:05:17::SCWMssOS::"Running Make include in ps7_cortexa9_0/libsrc/coresightps_dcc_v1_11/src"

TRACE::2026-08-02.14:05:17::SCWMssOS::make -C ps7_cortexa9_0/libsrc/coresightps_dcc_v1_11/src -s include  "SHELL=CMD" "COMPILER=arm-none-eabi-gcc" "ASSEMBLER=arm-non
TRACE::2026-08-02.14:05:17::SCWMssOS::e-eabi-as" "ARCHIVER=arm-none-eabi-ar" "COMPILER_FLAGS=  -O2 -c" "EXTRA_COMPILER_FLAGS=-mcpu=cortex-a9 -mfpu=vfpv3 -mfloat-abi=
TRACE::2026-08-02.14:05:17::SCWMssOS::hard -nostartfiles -g -Wall -Wextra -fno-tree-loop-distribute-patterns"

TRACE::2026-08-02.14:05:17::SCWMssOS::"Running Make include in ps7_cortexa9_0/libsrc/cpu_cortexa9_v2_12/src"

TRACE::2026-08-02.14:05:17::SCWMssOS::make -C ps7_cortexa9_0/libsrc/cpu_cortexa9_v2_12/src -s include  "SHELL=CMD" "COMPILER=arm-none-eabi-gcc" "ASSEMBLER=arm-none-e
TRACE::2026-08-02.14:05:17::SCWMssOS::abi-as" "ARCHIVER=arm-none-eabi-ar" "COMPILER_FLAGS=  -O2 -c" "EXTRA_COMPILER_FLAGS=-mcpu=cortex-a9 -mfpu=vfpv3 -mfloat-abi=har
TRACE::2026-08-02.14:05:17::SCWMssOS::d -nostartfiles -g -Wall -Wextra -fno-tree-loop-distribute-patterns"

TRACE::2026-08-02.14:05:17::SCWMssOS::"Running Make include in ps7_cortexa9_0/libsrc/ddrps_v1_2/src"

TRACE::2026-08-02.14:05:17::SCWMssOS::make -C ps7_cortexa9_0/libsrc/ddrps_v1_2/src -s include  "SHELL=CMD" "COMPILER=arm-none-eabi-gcc" "ASSEMBLER=arm-none-eabi-as" 
TRACE::2026-08-02.14:05:17::SCWMssOS::"ARCHIVER=arm-none-eabi-ar" "COMPILER_FLAGS=  -O2 -c" "EXTRA_COMPILER_FLAGS=-mcpu=cortex-a9 -mfpu=vfpv3 -mfloat-abi=hard -nosta
TRACE::2026-08-02.14:05:17::SCWMssOS::rtfiles -g -Wall -Wextra -fno-tree-loop-distribute-patterns"

TRACE::2026-08-02.14:05:17::SCWMssOS::"Running Make include in ps7_cortexa9_0/libsrc/devcfg_v3_8/src"

TRACE::2026-08-02.14:05:17::SCWMssOS::make -C ps7_cortexa9_0/libsrc/devcfg_v3_8/src -s include  "SHELL=CMD" "COMPILER=arm-none-eabi-gcc" "ASSEMBLER=arm-none-eabi-as"
TRACE::2026-08-02.14:05:17::SCWMssOS:: "ARCHIVER=arm-none-eabi-ar" "COMPILER_FLAGS=  -O2 -c" "EXTRA_COMPILER_FLAGS=-mcpu=cortex-a9 -mfpu=vfpv3 -mfloat-abi=hard -nost
TRACE::2026-08-02.14:05:17::SCWMssOS::artfiles -g -Wall -Wextra -fno-tree-loop-distribute-patterns"

TRACE::2026-08-02.14:05:17::SCWMssOS::"Running Make include in ps7_cortexa9_0/libsrc/dmaps_v2_11/src"

TRACE::2026-08-02.14:05:17::SCWMssOS::make -C ps7_cortexa9_0/libsrc/dmaps_v2_11/src -s include  "SHELL=CMD" "COMPILER=arm-none-eabi-gcc" "ASSEMBLER=arm-none-eabi-as"
TRACE::2026-08-02.14:05:17::SCWMssOS:: "ARCHIVER=arm-none-eabi-ar" "COMPILER_FLAGS=  -O2 -c" "EXTRA_COMPILER_FLAGS=-mcpu=cortex-a9 -mfpu=vfpv3 -mfloat-abi=hard -nost
TRACE::2026-08-02.14:05:17::SCWMssOS::artfiles -g -Wall -Wextra -fno-tree-loop-distribute-patterns"

TRACE::2026-08-02.14:05:17::SCWMssOS::"Running Make include in ps7_cortexa9_0/libsrc/emacps_v3_21/src"

TRACE::2026-08-02.14:05:17::SCWMssOS::make -C ps7_cortexa9_0/libsrc/emacps_v3_21/src -s include  "SHELL=CMD" "COMPILER=arm-none-eabi-gcc" "ASSEMBLER=arm-none-eabi-as
TRACE::2026-08-02.14:05:17::SCWMssOS::" "ARCHIVER=arm-none-eabi-ar" "COMPILER_FLAGS=  -O2 -c" "EXTRA_COMPILER_FLAGS=-mcpu=cortex-a9 -mfpu=vfpv3 -mfloat-abi=hard -nos
TRACE::2026-08-02.14:05:17::SCWMssOS::tartfiles -g -Wall -Wextra -fno-tree-loop-distribute-patterns"

TRACE::2026-08-02.14:05:17::SCWMssOS::"Running Make include in ps7_cortexa9_0/libsrc/gpiops_v3_13/src"

TRACE::2026-08-02.14:05:18::SCWMssOS::make -C ps7_cortexa9_0/libsrc/gpiops_v3_13/src -s include  "SHELL=CMD" "COMPILER=arm-none-eabi-gcc" "ASSEMBLER=arm-none-eabi-as
TRACE::2026-08-02.14:05:18::SCWMssOS::" "ARCHIVER=arm-none-eabi-ar" "COMPILER_FLAGS=  -O2 -c" "EXTRA_COMPILER_FLAGS=-mcpu=cortex-a9 -mfpu=vfpv3 -mfloat-abi=hard -nos
TRACE::2026-08-02.14:05:18::SCWMssOS::tartfiles -g -Wall -Wextra -fno-tree-loop-distribute-patterns"

TRACE::2026-08-02.14:05:18::SCWMssOS::"Running Make include in ps7_cortexa9_0/libsrc/qspips_v3_13/src"

TRACE::2026-08-02.14:05:18::SCWMssOS::make -C ps7_cortexa9_0/libsrc/qspips_v3_13/src -s include  "SHELL=CMD" "COMPILER=arm-none-eabi-gcc" "ASSEMBLER=arm-none-eabi-as
TRACE::2026-08-02.14:05:18::SCWMssOS::" "ARCHIVER=arm-none-eabi-ar" "COMPILER_FLAGS=  -O2 -c" "EXTRA_COMPILER_FLAGS=-mcpu=cortex-a9 -mfpu=vfpv3 -mfloat-abi=hard -nos
TRACE::2026-08-02.14:05:18::SCWMssOS::tartfiles -g -Wall -Wextra -fno-tree-loop-distribute-patterns"

TRACE::2026-08-02.14:05:18::SCWMssOS::"Running Make include in ps7_cortexa9_0/libsrc/scugic_v5_4/src"

TRACE::2026-08-02.14:05:18::SCWMssOS::make -C ps7_cortexa9_0/libsrc/scugic_v5_4/src -s include  "SHELL=CMD" "COMPILER=arm-none-eabi-gcc" "ASSEMBLER=arm-none-eabi-as"
TRACE::2026-08-02.14:05:18::SCWMssOS:: "ARCHIVER=arm-none-eabi-ar" "COMPILER_FLAGS=  -O2 -c" "EXTRA_COMPILER_FLAGS=-mcpu=cortex-a9 -mfpu=vfpv3 -mfloat-abi=hard -nost
TRACE::2026-08-02.14:05:18::SCWMssOS::artfiles -g -Wall -Wextra -fno-tree-loop-distribute-patterns"

TRACE::2026-08-02.14:05:18::SCWMssOS::"Running Make include in ps7_cortexa9_0/libsrc/scutimer_v2_6/src"

TRACE::2026-08-02.14:05:18::SCWMssOS::make -C ps7_cortexa9_0/libsrc/scutimer_v2_6/src -s include  "SHELL=CMD" "COMPILER=arm-none-eabi-gcc" "ASSEMBLER=arm-none-eabi-a
TRACE::2026-08-02.14:05:18::SCWMssOS::s" "ARCHIVER=arm-none-eabi-ar" "COMPILER_FLAGS=  -O2 -c" "EXTRA_COMPILER_FLAGS=-mcpu=cortex-a9 -mfpu=vfpv3 -mfloat-abi=hard -no
TRACE::2026-08-02.14:05:18::SCWMssOS::startfiles -g -Wall -Wextra -fno-tree-loop-distribute-patterns"

TRACE::2026-08-02.14:05:18::SCWMssOS::"Running Make include in ps7_cortexa9_0/libsrc/scuwdt_v2_6/src"

TRACE::2026-08-02.14:05:18::SCWMssOS::make -C ps7_cortexa9_0/libsrc/scuwdt_v2_6/src -s include  "SHELL=CMD" "COMPILER=arm-none-eabi-gcc" "ASSEMBLER=arm-none-eabi-as"
TRACE::2026-08-02.14:05:18::SCWMssOS:: "ARCHIVER=arm-none-eabi-ar" "COMPILER_FLAGS=  -O2 -c" "EXTRA_COMPILER_FLAGS=-mcpu=cortex-a9 -mfpu=vfpv3 -mfloat-abi=hard -nost
TRACE::2026-08-02.14:05:18::SCWMssOS::artfiles -g -Wall -Wextra -fno-tree-loop-distribute-patterns"

TRACE::2026-08-02.14:05:18::SCWMssOS::"Running Make include in ps7_cortexa9_0/libsrc/sdps_v4_4/src"

TRACE::2026-08-02.14:05:18::SCWMssOS::make -C ps7_cortexa9_0/libsrc/sdps_v4_4/src -s include  "SHELL=CMD" "COMPILER=arm-none-eabi-gcc" "ASSEMBLER=arm-none-eabi-as" "
TRACE::2026-08-02.14:05:18::SCWMssOS::ARCHIVER=arm-none-eabi-ar" "COMPILER_FLAGS=  -O2 -c" "EXTRA_COMPILER_FLAGS=-mcpu=cortex-a9 -mfpu=vfpv3 -mfloat-abi=hard -nostar
TRACE::2026-08-02.14:05:18::SCWMssOS::tfiles -g -Wall -Wextra -fno-tree-loop-distribute-patterns"

TRACE::2026-08-02.14:05:18::SCWMssOS::"Running Make include in ps7_cortexa9_0/libsrc/standalone_v9_2/src"

TRACE::2026-08-02.14:05:18::SCWMssOS::make -C ps7_cortexa9_0/libsrc/standalone_v9_2/src -s include  "SHELL=CMD" "COMPILER=arm-none-eabi-gcc" "ASSEMBLER=arm-none-eabi
TRACE::2026-08-02.14:05:18::SCWMssOS::-as" "ARCHIVER=arm-none-eabi-ar" "COMPILER_FLAGS=  -O2 -c" "EXTRA_COMPILER_FLAGS=-mcpu=cortex-a9 -mfpu=vfpv3 -mfloat-abi=hard -
TRACE::2026-08-02.14:05:18::SCWMssOS::nostartfiles -g -Wall -Wextra -fno-tree-loop-distribute-patterns"

TRACE::2026-08-02.14:05:18::SCWMssOS::"Running Make include in ps7_cortexa9_0/libsrc/uartps_v3_15/src"

TRACE::2026-08-02.14:05:18::SCWMssOS::make -C ps7_cortexa9_0/libsrc/uartps_v3_15/src -s include  "SHELL=CMD" "COMPILER=arm-none-eabi-gcc" "ASSEMBLER=arm-none-eabi-as
TRACE::2026-08-02.14:05:18::SCWMssOS::" "ARCHIVER=arm-none-eabi-ar" "COMPILER_FLAGS=  -O2 -c" "EXTRA_COMPILER_FLAGS=-mcpu=cortex-a9 -mfpu=vfpv3 -mfloat-abi=hard -nos
TRACE::2026-08-02.14:05:18::SCWMssOS::tartfiles -g -Wall -Wextra -fno-tree-loop-distribute-patterns"

TRACE::2026-08-02.14:05:18::SCWMssOS::"Running Make include in ps7_cortexa9_0/libsrc/usbps_v2_9/src"

TRACE::2026-08-02.14:05:18::SCWMssOS::make -C ps7_cortexa9_0/libsrc/usbps_v2_9/src -s include  "SHELL=CMD" "COMPILER=arm-none-eabi-gcc" "ASSEMBLER=arm-none-eabi-as" 
TRACE::2026-08-02.14:05:18::SCWMssOS::"ARCHIVER=arm-none-eabi-ar" "COMPILER_FLAGS=  -O2 -c" "EXTRA_COMPILER_FLAGS=-mcpu=cortex-a9 -mfpu=vfpv3 -mfloat-abi=hard -nosta
TRACE::2026-08-02.14:05:18::SCWMssOS::rtfiles -g -Wall -Wextra -fno-tree-loop-distribute-patterns"

TRACE::2026-08-02.14:05:18::SCWMssOS::"Running Make include in ps7_cortexa9_0/libsrc/xadcps_v2_7/src"

TRACE::2026-08-02.14:05:18::SCWMssOS::make -C ps7_cortexa9_0/libsrc/xadcps_v2_7/src -s include  "SHELL=CMD" "COMPILER=arm-none-eabi-gcc" "ASSEMBLER=arm-none-eabi-as"
TRACE::2026-08-02.14:05:18::SCWMssOS:: "ARCHIVER=arm-none-eabi-ar" "COMPILER_FLAGS=  -O2 -c" "EXTRA_COMPILER_FLAGS=-mcpu=cortex-a9 -mfpu=vfpv3 -mfloat-abi=hard -nost
TRACE::2026-08-02.14:05:18::SCWMssOS::artfiles -g -Wall -Wextra -fno-tree-loop-distribute-patterns"

TRACE::2026-08-02.14:05:18::SCWMssOS::"Running Make include in ps7_cortexa9_0/libsrc/xilffs_v5_3/src"

TRACE::2026-08-02.14:05:18::SCWMssOS::make -C ps7_cortexa9_0/libsrc/xilffs_v5_3/src -s include  "SHELL=CMD" "COMPILER=arm-none-eabi-gcc" "ASSEMBLER=arm-none-eabi-as"
TRACE::2026-08-02.14:05:18::SCWMssOS:: "ARCHIVER=arm-none-eabi-ar" "COMPILER_FLAGS=  -O2 -c" "EXTRA_COMPILER_FLAGS=-mcpu=cortex-a9 -mfpu=vfpv3 -mfloat-abi=hard -nost
TRACE::2026-08-02.14:05:18::SCWMssOS::artfiles -g -Wall -Wextra -fno-tree-loop-distribute-patterns"

TRACE::2026-08-02.14:05:19::SCWMssOS::"Running Make libs in ps7_cortexa9_0/libsrc/coresightps_dcc_v1_11/src"

TRACE::2026-08-02.14:05:19::SCWMssOS::make -C ps7_cortexa9_0/libsrc/coresightps_dcc_v1_11/src -s libs  "SHELL=CMD" "COMPILER=arm-none-eabi-gcc" "ASSEMBLER=arm-none-e
TRACE::2026-08-02.14:05:19::SCWMssOS::abi-as" "ARCHIVER=arm-none-eabi-ar" "COMPILER_FLAGS=  -O2 -c" "EXTRA_COMPILER_FLAGS=-mcpu=cortex-a9 -mfpu=vfpv3 -mfloat-abi=har
TRACE::2026-08-02.14:05:19::SCWMssOS::d -nostartfiles -g -Wall -Wextra -fno-tree-loop-distribute-patterns"

TRACE::2026-08-02.14:05:19::SCWMssOS::"Running Make libs in ps7_cortexa9_0/libsrc/cpu_cortexa9_v2_12/src"

TRACE::2026-08-02.14:05:19::SCWMssOS::make -C ps7_cortexa9_0/libsrc/cpu_cortexa9_v2_12/src -s libs  "SHELL=CMD" "COMPILER=arm-none-eabi-gcc" "ASSEMBLER=arm-none-eabi
TRACE::2026-08-02.14:05:19::SCWMssOS::-as" "ARCHIVER=arm-none-eabi-ar" "COMPILER_FLAGS=  -O2 -c" "EXTRA_COMPILER_FLAGS=-mcpu=cortex-a9 -mfpu=vfpv3 -mfloat-abi=hard -
TRACE::2026-08-02.14:05:19::SCWMssOS::nostartfiles -g -Wall -Wextra -fno-tree-loop-distribute-patterns"

TRACE::2026-08-02.14:05:19::SCWMssOS::"Running Make libs in ps7_cortexa9_0/libsrc/ddrps_v1_2/src"

TRACE::2026-08-02.14:05:19::SCWMssOS::make -C ps7_cortexa9_0/libsrc/ddrps_v1_2/src -s libs  "SHELL=CMD" "COMPILER=arm-none-eabi-gcc" "ASSEMBLER=arm-none-eabi-as" "AR
TRACE::2026-08-02.14:05:19::SCWMssOS::CHIVER=arm-none-eabi-ar" "COMPILER_FLAGS=  -O2 -c" "EXTRA_COMPILER_FLAGS=-mcpu=cortex-a9 -mfpu=vfpv3 -mfloat-abi=hard -nostartf
TRACE::2026-08-02.14:05:19::SCWMssOS::iles -g -Wall -Wextra -fno-tree-loop-distribute-patterns"

TRACE::2026-08-02.14:05:19::SCWMssOS::"Running Make libs in ps7_cortexa9_0/libsrc/devcfg_v3_8/src"

TRACE::2026-08-02.14:05:19::SCWMssOS::make -C ps7_cortexa9_0/libsrc/devcfg_v3_8/src -s libs  "SHELL=CMD" "COMPILER=arm-none-eabi-gcc" "ASSEMBLER=arm-none-eabi-as" "A
TRACE::2026-08-02.14:05:19::SCWMssOS::RCHIVER=arm-none-eabi-ar" "COMPILER_FLAGS=  -O2 -c" "EXTRA_COMPILER_FLAGS=-mcpu=cortex-a9 -mfpu=vfpv3 -mfloat-abi=hard -nostart
TRACE::2026-08-02.14:05:19::SCWMssOS::files -g -Wall -Wextra -fno-tree-loop-distribute-patterns"

TRACE::2026-08-02.14:05:19::SCWMssOS::"Running Make libs in ps7_cortexa9_0/libsrc/dmaps_v2_11/src"

TRACE::2026-08-02.14:05:19::SCWMssOS::make -C ps7_cortexa9_0/libsrc/dmaps_v2_11/src -s libs  "SHELL=CMD" "COMPILER=arm-none-eabi-gcc" "ASSEMBLER=arm-none-eabi-as" "A
TRACE::2026-08-02.14:05:19::SCWMssOS::RCHIVER=arm-none-eabi-ar" "COMPILER_FLAGS=  -O2 -c" "EXTRA_COMPILER_FLAGS=-mcpu=cortex-a9 -mfpu=vfpv3 -mfloat-abi=hard -nostart
TRACE::2026-08-02.14:05:19::SCWMssOS::files -g -Wall -Wextra -fno-tree-loop-distribute-patterns"

TRACE::2026-08-02.14:05:19::SCWMssOS::"Running Make libs in ps7_cortexa9_0/libsrc/emacps_v3_21/src"

TRACE::2026-08-02.14:05:19::SCWMssOS::make -C ps7_cortexa9_0/libsrc/emacps_v3_21/src -s libs  "SHELL=CMD" "COMPILER=arm-none-eabi-gcc" "ASSEMBLER=arm-none-eabi-as" "
TRACE::2026-08-02.14:05:19::SCWMssOS::ARCHIVER=arm-none-eabi-ar" "COMPILER_FLAGS=  -O2 -c" "EXTRA_COMPILER_FLAGS=-mcpu=cortex-a9 -mfpu=vfpv3 -mfloat-abi=hard -nostar
TRACE::2026-08-02.14:05:19::SCWMssOS::tfiles -g -Wall -Wextra -fno-tree-loop-distribute-patterns"

TRACE::2026-08-02.14:05:19::SCWMssOS::"Running Make libs in ps7_cortexa9_0/libsrc/gpiops_v3_13/src"

TRACE::2026-08-02.14:05:19::SCWMssOS::make -C ps7_cortexa9_0/libsrc/gpiops_v3_13/src -s libs  "SHELL=CMD" "COMPILER=arm-none-eabi-gcc" "ASSEMBLER=arm-none-eabi-as" "
TRACE::2026-08-02.14:05:19::SCWMssOS::ARCHIVER=arm-none-eabi-ar" "COMPILER_FLAGS=  -O2 -c" "EXTRA_COMPILER_FLAGS=-mcpu=cortex-a9 -mfpu=vfpv3 -mfloat-abi=hard -nostar
TRACE::2026-08-02.14:05:19::SCWMssOS::tfiles -g -Wall -Wextra -fno-tree-loop-distribute-patterns"

TRACE::2026-08-02.14:05:19::SCWMssOS::"Running Make libs in ps7_cortexa9_0/libsrc/qspips_v3_13/src"

TRACE::2026-08-02.14:05:19::SCWMssOS::make -C ps7_cortexa9_0/libsrc/qspips_v3_13/src -s libs  "SHELL=CMD" "COMPILER=arm-none-eabi-gcc" "ASSEMBLER=arm-none-eabi-as" "
TRACE::2026-08-02.14:05:19::SCWMssOS::ARCHIVER=arm-none-eabi-ar" "COMPILER_FLAGS=  -O2 -c" "EXTRA_COMPILER_FLAGS=-mcpu=cortex-a9 -mfpu=vfpv3 -mfloat-abi=hard -nostar
TRACE::2026-08-02.14:05:19::SCWMssOS::tfiles -g -Wall -Wextra -fno-tree-loop-distribute-patterns"

TRACE::2026-08-02.14:05:19::SCWMssOS::"Running Make libs in ps7_cortexa9_0/libsrc/scugic_v5_4/src"

TRACE::2026-08-02.14:05:19::SCWMssOS::make -C ps7_cortexa9_0/libsrc/scugic_v5_4/src -s libs  "SHELL=CMD" "COMPILER=arm-none-eabi-gcc" "ASSEMBLER=arm-none-eabi-as" "A
TRACE::2026-08-02.14:05:19::SCWMssOS::RCHIVER=arm-none-eabi-ar" "COMPILER_FLAGS=  -O2 -c" "EXTRA_COMPILER_FLAGS=-mcpu=cortex-a9 -mfpu=vfpv3 -mfloat-abi=hard -nostart
TRACE::2026-08-02.14:05:19::SCWMssOS::files -g -Wall -Wextra -fno-tree-loop-distribute-patterns"

TRACE::2026-08-02.14:05:20::SCWMssOS::"Running Make libs in ps7_cortexa9_0/libsrc/scutimer_v2_6/src"

TRACE::2026-08-02.14:05:20::SCWMssOS::make -C ps7_cortexa9_0/libsrc/scutimer_v2_6/src -s libs  "SHELL=CMD" "COMPILER=arm-none-eabi-gcc" "ASSEMBLER=arm-none-eabi-as" 
TRACE::2026-08-02.14:05:20::SCWMssOS::"ARCHIVER=arm-none-eabi-ar" "COMPILER_FLAGS=  -O2 -c" "EXTRA_COMPILER_FLAGS=-mcpu=cortex-a9 -mfpu=vfpv3 -mfloat-abi=hard -nosta
TRACE::2026-08-02.14:05:20::SCWMssOS::rtfiles -g -Wall -Wextra -fno-tree-loop-distribute-patterns"

TRACE::2026-08-02.14:05:20::SCWMssOS::"Running Make libs in ps7_cortexa9_0/libsrc/scuwdt_v2_6/src"

TRACE::2026-08-02.14:05:20::SCWMssOS::make -C ps7_cortexa9_0/libsrc/scuwdt_v2_6/src -s libs  "SHELL=CMD" "COMPILER=arm-none-eabi-gcc" "ASSEMBLER=arm-none-eabi-as" "A
TRACE::2026-08-02.14:05:20::SCWMssOS::RCHIVER=arm-none-eabi-ar" "COMPILER_FLAGS=  -O2 -c" "EXTRA_COMPILER_FLAGS=-mcpu=cortex-a9 -mfpu=vfpv3 -mfloat-abi=hard -nostart
TRACE::2026-08-02.14:05:20::SCWMssOS::files -g -Wall -Wextra -fno-tree-loop-distribute-patterns"

TRACE::2026-08-02.14:05:20::SCWMssOS::"Running Make libs in ps7_cortexa9_0/libsrc/sdps_v4_4/src"

TRACE::2026-08-02.14:05:20::SCWMssOS::make -C ps7_cortexa9_0/libsrc/sdps_v4_4/src -s libs  "SHELL=CMD" "COMPILER=arm-none-eabi-gcc" "ASSEMBLER=arm-none-eabi-as" "ARC
TRACE::2026-08-02.14:05:20::SCWMssOS::HIVER=arm-none-eabi-ar" "COMPILER_FLAGS=  -O2 -c" "EXTRA_COMPILER_FLAGS=-mcpu=cortex-a9 -mfpu=vfpv3 -mfloat-abi=hard -nostartfi
TRACE::2026-08-02.14:05:20::SCWMssOS::les -g -Wall -Wextra -fno-tree-loop-distribute-patterns"

TRACE::2026-08-02.14:05:20::SCWMssOS::"Running Make libs in ps7_cortexa9_0/libsrc/standalone_v9_2/src"

TRACE::2026-08-02.14:05:20::SCWMssOS::make -C ps7_cortexa9_0/libsrc/standalone_v9_2/src -s libs  "SHELL=CMD" "COMPILER=arm-none-eabi-gcc" "ASSEMBLER=arm-none-eabi-as
TRACE::2026-08-02.14:05:20::SCWMssOS::" "ARCHIVER=arm-none-eabi-ar" "COMPILER_FLAGS=  -O2 -c" "EXTRA_COMPILER_FLAGS=-mcpu=cortex-a9 -mfpu=vfpv3 -mfloat-abi=hard -nos
TRACE::2026-08-02.14:05:20::SCWMssOS::tartfiles -g -Wall -Wextra -fno-tree-loop-distribute-patterns"

TRACE::2026-08-02.14:05:20::SCWMssOS::"Running Make libs in ps7_cortexa9_0/libsrc/uartps_v3_15/src"

TRACE::2026-08-02.14:05:20::SCWMssOS::make -C ps7_cortexa9_0/libsrc/uartps_v3_15/src -s libs  "SHELL=CMD" "COMPILER=arm-none-eabi-gcc" "ASSEMBLER=arm-none-eabi-as" "
TRACE::2026-08-02.14:05:20::SCWMssOS::ARCHIVER=arm-none-eabi-ar" "COMPILER_FLAGS=  -O2 -c" "EXTRA_COMPILER_FLAGS=-mcpu=cortex-a9 -mfpu=vfpv3 -mfloat-abi=hard -nostar
TRACE::2026-08-02.14:05:20::SCWMssOS::tfiles -g -Wall -Wextra -fno-tree-loop-distribute-patterns"

TRACE::2026-08-02.14:05:20::SCWMssOS::"Running Make libs in ps7_cortexa9_0/libsrc/usbps_v2_9/src"

TRACE::2026-08-02.14:05:20::SCWMssOS::make -C ps7_cortexa9_0/libsrc/usbps_v2_9/src -s libs  "SHELL=CMD" "COMPILER=arm-none-eabi-gcc" "ASSEMBLER=arm-none-eabi-as" "AR
TRACE::2026-08-02.14:05:20::SCWMssOS::CHIVER=arm-none-eabi-ar" "COMPILER_FLAGS=  -O2 -c" "EXTRA_COMPILER_FLAGS=-mcpu=cortex-a9 -mfpu=vfpv3 -mfloat-abi=hard -nostartf
TRACE::2026-08-02.14:05:20::SCWMssOS::iles -g -Wall -Wextra -fno-tree-loop-distribute-patterns"

TRACE::2026-08-02.14:05:20::SCWMssOS::"Running Make libs in ps7_cortexa9_0/libsrc/xadcps_v2_7/src"

TRACE::2026-08-02.14:05:21::SCWMssOS::make -C ps7_cortexa9_0/libsrc/xadcps_v2_7/src -s libs  "SHELL=CMD" "COMPILER=arm-none-eabi-gcc" "ASSEMBLER=arm-none-eabi-as" "A
TRACE::2026-08-02.14:05:21::SCWMssOS::RCHIVER=arm-none-eabi-ar" "COMPILER_FLAGS=  -O2 -c" "EXTRA_COMPILER_FLAGS=-mcpu=cortex-a9 -mfpu=vfpv3 -mfloat-abi=hard -nostart
TRACE::2026-08-02.14:05:21::SCWMssOS::files -g -Wall -Wextra -fno-tree-loop-distribute-patterns"

TRACE::2026-08-02.14:05:21::SCWMssOS::"Running Make libs in ps7_cortexa9_0/libsrc/xilffs_v5_3/src"

TRACE::2026-08-02.14:05:21::SCWMssOS::make -C ps7_cortexa9_0/libsrc/xilffs_v5_3/src -s libs  "SHELL=CMD" "COMPILER=arm-none-eabi-gcc" "ASSEMBLER=arm-none-eabi-as" "A
TRACE::2026-08-02.14:05:21::SCWMssOS::RCHIVER=arm-none-eabi-ar" "COMPILER_FLAGS=  -O2 -c" "EXTRA_COMPILER_FLAGS=-mcpu=cortex-a9 -mfpu=vfpv3 -mfloat-abi=hard -nostart
TRACE::2026-08-02.14:05:21::SCWMssOS::files -g -Wall -Wextra -fno-tree-loop-distribute-patterns"

TRACE::2026-08-02.14:05:22::SCWMssOS::'Finished building libraries parallelly.'

TRACE::2026-08-02.14:05:22::SCWMssOS::make --no-print-directory archive

TRACE::2026-08-02.14:05:22::SCWMssOS::arm-none-eabi-ar -r  ps7_cortexa9_0/lib/libxil.a ps7_cortexa9_0/lib/_exit.o ps7_cortexa9_0/lib/_open.o ps7_cortexa9_0/lib/_sbrk
TRACE::2026-08-02.14:05:22::SCWMssOS::.o ps7_cortexa9_0/lib/abort.o ps7_cortexa9_0/lib/asm_vectors.o ps7_cortexa9_0/lib/boot.o ps7_cortexa9_0/lib/close.o ps7_cortexa
TRACE::2026-08-02.14:05:22::SCWMssOS::9_0/lib/cpputest_time.o ps7_cortexa9_0/lib/cpu_init.o ps7_cortexa9_0/lib/errno.o ps7_cortexa9_0/lib/fcntl.o ps7_cortexa9_0/lib/
TRACE::2026-08-02.14:05:22::SCWMssOS::fstat.o ps7_cortexa9_0/lib/getentropy.o ps7_cortexa9_0/lib/getpid.o ps7_cortexa9_0/lib/gettimeofday.o ps7_cortexa9_0/lib/inbyte
TRACE::2026-08-02.14:05:22::SCWMssOS::.o ps7_cortexa9_0/lib/isatty.o ps7_cortexa9_0/lib/kill.o ps7_cortexa9_0/lib/lseek.o ps7_cortexa9_0/lib/open.o ps7_cortexa9_0/li
TRACE::2026-08-02.14:05:22::SCWMssOS::b/outbyte.o ps7_cortexa9_0/lib/print.o ps7_cortexa9_0/lib/putnum.o ps7_cortexa9_0/lib/read.o ps7_cortexa9_0/lib/sbrk.o ps7_cort
TRACE::2026-08-02.14:05:22::SCWMssOS::exa9_0/lib/sleep.o ps7_cortexa9_0/lib/time.o ps7_cortexa9_0/lib/translation_table.o ps7_cortexa9_0/lib/unlink.o ps7_cortexa9_0/
TRACE::2026-08-02.14:05:22::SCWMssOS::lib/usleep.o ps7_cortexa9_0/lib/vectors.o ps7_cortexa9_0/lib/write.o ps7_cortexa9_0/lib/xadcps.o ps7_cortexa9_0/lib/xadcps_g.o 
TRACE::2026-08-02.14:05:22::SCWMssOS::ps7_cortexa9_0/lib/xadcps_intr.o ps7_cortexa9_0/lib/xadcps_selftest.o ps7_cortexa9_0/lib/xadcps_sinit.o ps7_cortexa9_0/lib/xcor
TRACE::2026-08-02.14:05:22::SCWMssOS::esightpsdcc.o ps7_cortexa9_0/lib/xdevcfg.o ps7_cortexa9_0/lib/xdevcfg_g.o ps7_cortexa9_0/lib/xdevcfg_hw.o ps7_cortexa9_0/lib/xd
TRACE::2026-08-02.14:05:22::SCWMssOS::evcfg_intr.o ps7_cortexa9_0/lib/xdevcfg_selftest.o ps7_cortexa9_0/lib/xdevcfg_sinit.o ps7_cortexa9_0/lib/xdmaps.o ps7_cortexa9_
TRACE::2026-08-02.14:05:22::SCWMssOS::0/lib/xdmaps_g.o ps7_cortexa9_0/lib/xdmaps_hw.o ps7_cortexa9_0/lib/xdmaps_selftest.o ps7_cortexa9_0/lib/xdmaps_sinit.o ps7_cort
TRACE::2026-08-02.14:05:22::SCWMssOS::exa9_0/lib/xemacps.o ps7_cortexa9_0/lib/xemacps_bdring.o ps7_cortexa9_0/lib/xemacps_control.o ps7_cortexa9_0/lib/xemacps_g.o ps
TRACE::2026-08-02.14:05:22::SCWMssOS::7_cortexa9_0/lib/xemacps_hw.o ps7_cortexa9_0/lib/xemacps_intr.o ps7_cortexa9_0/lib/xemacps_sinit.o ps7_cortexa9_0/lib/xgpiops.o
TRACE::2026-08-02.14:05:22::SCWMssOS:: ps7_cortexa9_0/lib/xgpiops_g.o ps7_cortexa9_0/lib/xgpiops_hw.o ps7_cortexa9_0/lib/xgpiops_intr.o ps7_cortexa9_0/lib/xgpiops_se
TRACE::2026-08-02.14:05:22::SCWMssOS::lftest.o ps7_cortexa9_0/lib/xgpiops_sinit.o ps7_cortexa9_0/lib/xil-crt0.o ps7_cortexa9_0/lib/xil_assert.o ps7_cortexa9_0/lib/xi
TRACE::2026-08-02.14:05:22::SCWMssOS::l_cache.o ps7_cortexa9_0/lib/xil_clocking.o ps7_cortexa9_0/lib/xil_exception.o ps7_cortexa9_0/lib/xil_mem.o ps7_cortexa9_0/lib/
TRACE::2026-08-02.14:05:22::SCWMssOS::xil_misc_psreset_api.o ps7_cortexa9_0/lib/xil_mmu.o ps7_cortexa9_0/lib/xil_printf.o ps7_cortexa9_0/lib/xil_sleepcommon.o ps7_co
TRACE::2026-08-02.14:05:22::SCWMssOS::rtexa9_0/lib/xil_sleeptimer.o ps7_cortexa9_0/lib/xil_spinlock.o ps7_cortexa9_0/lib/xil_sutil.o ps7_cortexa9_0/lib/xil_testcache
TRACE::2026-08-02.14:05:22::SCWMssOS::.o ps7_cortexa9_0/lib/xil_testio.o ps7_cortexa9_0/lib/xil_testmem.o ps7_cortexa9_0/lib/xil_util.o ps7_cortexa9_0/lib/xinterrupt
TRACE::2026-08-02.14:05:22::SCWMssOS::_wrap.o ps7_cortexa9_0/lib/xl2cc_counter.o ps7_cortexa9_0/lib/xplatform_info.o ps7_cortexa9_0/lib/xpm_counter.o ps7_cortexa9_0/
TRACE::2026-08-02.14:05:22::SCWMssOS::lib/xpm_init.o ps7_cortexa9_0/lib/xqspips.o ps7_cortexa9_0/lib/xqspips_g.o ps7_cortexa9_0/lib/xqspips_hw.o ps7_cortexa9_0/lib/x
TRACE::2026-08-02.14:05:22::SCWMssOS::qspips_options.o ps7_cortexa9_0/lib/xqspips_selftest.o ps7_cortexa9_0/lib/xqspips_sinit.o ps7_cortexa9_0/lib/xscugic.o ps7_cort
TRACE::2026-08-02.14:05:22::SCWMssOS::exa9_0/lib/xscugic_g.o ps7_cortexa9_0/lib/xscugic_hw.o ps7_cortexa9_0/lib/xscugic_intr.o ps7_cortexa9_0/lib/xscugic_selftest.o 
TRACE::2026-08-02.14:05:22::SCWMssOS::ps7_cortexa9_0/lib/xscugic_sinit.o ps7_cortexa9_0/lib/xscutimer.o ps7_cortexa9_0/lib/xscutimer_g.o ps7_cortexa9_0/lib/xscutimer
TRACE::2026-08-02.14:05:22::SCWMssOS::_selftest.o ps7_cortexa9_0/lib/xscutimer_sinit.o ps7_cortexa9_0/lib/xscuwdt.o ps7_cortexa9_0/lib/xscuwdt_g.o ps7_cortexa9_0/lib
TRACE::2026-08-02.14:05:22::SCWMssOS::/xscuwdt_selftest.o ps7_cortexa9_0/lib/xscuwdt_sinit.o ps7_cortexa9_0/lib/xsdps.o ps7_cortexa9_0/lib/xsdps_card.o ps7_cortexa9_
TRACE::2026-08-02.14:05:22::SCWMssOS::0/lib/xsdps_g.o ps7_cortexa9_0/lib/xsdps_host.o ps7_cortexa9_0/lib/xsdps_options.o ps7_cortexa9_0/lib/xsdps_sinit.o ps7_cortexa
TRACE::2026-08-02.14:05:22::SCWMssOS::9_0/lib/xtime_l.o ps7_cortexa9_0/lib/xuartps.o ps7_cortexa9_0/lib/xuartps_g.o ps7_cortexa9_0/lib/xuartps_hw.o ps7_cortexa9_0/li
TRACE::2026-08-02.14:05:22::SCWMssOS::b/xuartps_intr.o ps7_cortexa9_0/lib/xuartps_options.o ps7_cortexa9_0/lib/xuartps_selftest.o ps7_cortexa9_0/lib/xuartps_sinit.o 
TRACE::2026-08-02.14:05:22::SCWMssOS::ps7_cortexa9_0/lib/xusbps.o ps7_cortexa9_0/lib/xusbps_endpoint.o ps7_cortexa9_0/lib/xusbps_g.o ps7_cortexa9_0/lib/xusbps_hw.o p
TRACE::2026-08-02.14:05:22::SCWMssOS::s7_cortexa9_0/lib/xusbps_intr.o ps7_cortexa9_0/lib/xusbps_sinit.o

TRACE::2026-08-02.14:05:22::SCWMssOS::'Finished building libraries'

TRACE::2026-08-02.14:05:22::SCWMssOS::Copying to export directory.
TRACE::2026-08-02.14:05:23::SCWMssOS:: Checking if to create the Supporting Applications
TRACE::2026-08-02.14:05:23::SCWMssOS:: No Linux domain exists, trying to generate FSBL 
LOG::2026-08-02.14:05:23::SCWSystem::Completed Processing the domain standalone_domain
LOG::2026-08-02.14:05:23::SCWSystem::Completed Processing the sysconfig RFsender_platform
LOG::2026-08-02.14:05:23::SCWPlatform::Completed generating the artifacts for system configuration RFsender_platform
TRACE::2026-08-02.14:05:23::SCWPlatform::Started preparing the platform 
TRACE::2026-08-02.14:05:23::SCWSystem::Writing the bif file for system config RFsender_platform
TRACE::2026-08-02.14:05:23::SCWSystem::dir created 
TRACE::2026-08-02.14:05:23::SCWSystem::Writing the bif 
TRACE::2026-08-02.14:05:23::SCWPlatform::Started writing the spfm file 
TRACE::2026-08-02.14:05:23::SCWPlatform::Started writing the xpfm file 
TRACE::2026-08-02.14:05:23::SCWPlatform::Completed generating the platform
TRACE::2026-08-02.14:05:23::SCWMssOS::Saving the mss changes D:/Work/projects/zybo_z7_projects/DD_RF/vitis/RFsender_platform/zynq_fsbl/zynq_fsbl_bsp/system.mss
TRACE::2026-08-02.14:05:23::SCWMssOS::Found a swdesign opened with the mssfile.
TRACE::2026-08-02.14:05:23::SCWMssOS::Completed writemss as part of save.
TRACE::2026-08-02.14:05:23::SCWMssOS::Commit changes completed.
TRACE::2026-08-02.14:05:23::SCWMssOS::Saving the mss changes D:/Work/projects/zybo_z7_projects/DD_RF/vitis/RFsender_platform/ps7_cortexa9_0/standalone_domain/bsp/system.mss
TRACE::2026-08-02.14:05:23::SCWMssOS::Found a swdesign opened with the mssfile.
TRACE::2026-08-02.14:05:23::SCWMssOS::Completed writemss as part of save.
TRACE::2026-08-02.14:05:23::SCWMssOS::Commit changes completed.
TRACE::2026-08-02.14:05:23::SCWPlatform::Trying to open the hw design at D:/Work/projects/zybo_z7_projects/DD_RF/vitis/RFsender_platform/hw/topSystem.xsa
TRACE::2026-08-02.14:05:23::SCWPlatform::DSA given D:/Work/projects/zybo_z7_projects/DD_RF/vitis/RFsender_platform/hw/topSystem.xsa
TRACE::2026-08-02.14:05:23::SCWPlatform::DSA absoulate path D:/Work/projects/zybo_z7_projects/DD_RF/vitis/RFsender_platform/hw/topSystem.xsa
TRACE::2026-08-02.14:05:23::SCWPlatform::DSA directory D:/Work/projects/zybo_z7_projects/DD_RF/vitis/RFsender_platform/hw
TRACE::2026-08-02.14:05:23::SCWPlatform:: Platform Path D:/Work/projects/zybo_z7_projects/DD_RF/vitis/RFsender_platform/hw/topSystem.xsa
TRACE::2026-08-02.14:05:23::SCWPlatform:: Unique name xilinx:zybo-z7-10::0.0
TRACE::2026-08-02.14:05:23::SCWPlatform::Trying to set the existing hwdb with name topSystem_3
TRACE::2026-08-02.14:05:23::SCWPlatform::Opened existing hwdb topSystem_3
TRACE::2026-08-02.14:05:23::SCWPlatform::Found the Hw Db part of the input DSA
TRACE::2026-08-02.14:05:23::SCWMssOS::Checking the sw design at  D:/Work/projects/zybo_z7_projects/DD_RF/vitis/RFsender_platform/zynq_fsbl/zynq_fsbl_bsp/system.mss
TRACE::2026-08-02.14:05:23::SCWMssOS::DEBUG:  swdes dump  D:/Work/projects/zybo_z7_projects/DD_RF/vitis/RFsender_platform/ps7_cortexa9_0/standalone_domain/bsp/system.mss|system||
D:/Work/projects/zybo_z7_projects/DD_RF/vitis/RFsender_platform/zynq_fsbl/zynq_fsbl_bsp/system.mss|system_0||

TRACE::2026-08-02.14:05:23::SCWMssOS::Sw design exists and opened at  D:/Work/projects/zybo_z7_projects/DD_RF/vitis/RFsender_platform/zynq_fsbl/zynq_fsbl_bsp/system.mss
TRACE::2026-08-02.14:05:23::SCWPlatform::Trying to open the hw design at D:/Work/projects/zybo_z7_projects/DD_RF/vitis/RFsender_platform/hw/topSystem.xsa
TRACE::2026-08-02.14:05:23::SCWPlatform::DSA given D:/Work/projects/zybo_z7_projects/DD_RF/vitis/RFsender_platform/hw/topSystem.xsa
TRACE::2026-08-02.14:05:23::SCWPlatform::DSA absoulate path D:/Work/projects/zybo_z7_projects/DD_RF/vitis/RFsender_platform/hw/topSystem.xsa
TRACE::2026-08-02.14:05:23::SCWPlatform::DSA directory D:/Work/projects/zybo_z7_projects/DD_RF/vitis/RFsender_platform/hw
TRACE::2026-08-02.14:05:23::SCWPlatform:: Platform Path D:/Work/projects/zybo_z7_projects/DD_RF/vitis/RFsender_platform/hw/topSystem.xsa
TRACE::2026-08-02.14:05:23::SCWPlatform:: Unique name xilinx:zybo-z7-10::0.0
TRACE::2026-08-02.14:05:23::SCWPlatform::Trying to set the existing hwdb with name topSystem_3
TRACE::2026-08-02.14:05:23::SCWPlatform::Opened existing hwdb topSystem_3
TRACE::2026-08-02.14:05:23::SCWPlatform::Found the Hw Db part of the input DSA
TRACE::2026-08-02.14:05:23::SCWMssOS::Checking the sw design at  D:/Work/projects/zybo_z7_projects/DD_RF/vitis/RFsender_platform/ps7_cortexa9_0/standalone_domain/bsp/system.mss
TRACE::2026-08-02.14:05:23::SCWMssOS::DEBUG:  swdes dump  D:/Work/projects/zybo_z7_projects/DD_RF/vitis/RFsender_platform/ps7_cortexa9_0/standalone_domain/bsp/system.mss|system||
D:/Work/projects/zybo_z7_projects/DD_RF/vitis/RFsender_platform/zynq_fsbl/zynq_fsbl_bsp/system.mss|system_0||

TRACE::2026-08-02.14:05:23::SCWMssOS::Sw design exists and opened at  D:/Work/projects/zybo_z7_projects/DD_RF/vitis/RFsender_platform/ps7_cortexa9_0/standalone_domain/bsp/system.mss
TRACE::2026-08-02.14:05:23::SCWWriter::formatted JSON is {
	"platformName":	"RFsender_platform",
	"sprVersion":	"2.0",
	"mode":	"gui",
	"dsaType":	"Fixed",
	"platformDesc":	"RFsender_platform",
	"platHandOff":	"D:/Work/projects/zybo_z7_projects/DD_RF/vivado/project_1/topSystem.xsa",
	"platIntHandOff":	"<platformDir>/hw/topSystem.xsa",
	"deviceType":	"zynq",
	"platIsPrebuiltAutogen":	"false",
	"platIsNoBootBsp":	"false",
	"hasFsblMakeHasChanges":	"false",
	"hasPmufwMakeHasChanges":	"false",
	"fsblExtraCompilerFlags":	"-MMD -MP       -mcpu=cortex-a9 -mfpu=vfpv3 -mfloat-abi=hard ",
	"platPreBuiltFlag":	false,
	"platformSamplesDir":	"",
	"platActiveSys":	"RFsender_platform",
	"systems":	[{
			"systemName":	"RFsender_platform",
			"systemDesc":	"RFsender_platform",
			"sysIsBootAutoGen":	"true",
			"systemDispName":	"RFsender_platform",
			"sysActiveDom":	"standalone_domain",
			"sysDefaultDom":	"standalone_domain",
			"domains":	[{
					"domainName":	"zynq_fsbl",
					"domainDispName":	"zynq_fsbl",
					"domainDesc":	"FSBL Application BSP - Auto Generated.",
					"processors":	"ps7_cortexa9_0",
					"os":	"standalone",
					"sdxOs":	"standalone",
					"debugEnable":	"",
					"domRuntimes":	["cpp"],
					"swRepo":	"",
					"mssOsVer":	"9.2",
					"mssFile":	"",
					"md5Digest":	"30215168a6860ec346c5df07b875ca91",
					"compatibleApp":	"zynq_fsbl",
					"domType":	"bootDomain",
					"arch":	"32-bit",
					"appSettings":	{
						"appCompilerFlags":	"",
						"appLinkerFlags":	""
					},
					"addedLibs":	["xilffs:5.3", "xilrsa:1.8"],
					"libOptions":	{
						"libsContainingOptions":	[]
					},
					"prebuiltLibs":	{
						"prebuiltIncPath":	[],
						"prebuiltLibPath":	[]
					},
					"isolation":	{
					}
				}, {
					"domainName":	"standalone_domain",
					"domainDispName":	"standalone on ps7_cortexa9_0",
					"domainDesc":	"standalone_domain",
					"processors":	"ps7_cortexa9_0",
					"os":	"standalone",
					"sdxOs":	"standalone",
					"qemuArgs":	"<platformDir>/resources/RFsender_platform/standalone_domain/qemu_args.txt",
					"qemuData":	"<platformDir>/resources/RFsender_platform/standalone_domain/qemu",
					"debugEnable":	"False",
					"domRuntimes":	["cpp"],
					"swRepo":	"",
					"mssOsVer":	"9.2",
					"mssFile":	"",
					"md5Digest":	"cdf1d043c3be5ad3d6f2b109f4a0d161",
					"compatibleApp":	"",
					"domType":	"mssDomain",
					"appSettings":	{
						"appCompilerFlags":	"",
						"appLinkerFlags":	""
					},
					"addedLibs":	["xilffs:5.3"],
					"libOptions":	{
						"libsContainingOptions":	[]
					},
					"prebuiltLibs":	{
						"prebuiltIncPath":	[],
						"prebuiltLibPath":	[]
					},
					"isolation":	{
					}
				}]
		}]
}
KEYINFO::2026-08-02.14:05:23::SCWPlatform::updated the xpfm file.
TRACE::2026-08-02.14:05:23::SCWPlatform::Trying to open the hw design at D:/Work/projects/zybo_z7_projects/DD_RF/vitis/RFsender_platform/hw/topSystem.xsa
TRACE::2026-08-02.14:05:23::SCWPlatform::DSA given D:/Work/projects/zybo_z7_projects/DD_RF/vitis/RFsender_platform/hw/topSystem.xsa
TRACE::2026-08-02.14:05:23::SCWPlatform::DSA absoulate path D:/Work/projects/zybo_z7_projects/DD_RF/vitis/RFsender_platform/hw/topSystem.xsa
TRACE::2026-08-02.14:05:23::SCWPlatform::DSA directory D:/Work/projects/zybo_z7_projects/DD_RF/vitis/RFsender_platform/hw
TRACE::2026-08-02.14:05:23::SCWPlatform:: Platform Path D:/Work/projects/zybo_z7_projects/DD_RF/vitis/RFsender_platform/hw/topSystem.xsa
TRACE::2026-08-02.14:05:23::SCWPlatform:: Unique name xilinx:zybo-z7-10::0.0
TRACE::2026-08-02.14:05:23::SCWPlatform::Trying to set the existing hwdb with name topSystem_3
TRACE::2026-08-02.14:05:23::SCWPlatform::Opened existing hwdb topSystem_3
TRACE::2026-08-02.14:05:23::SCWPlatform::Found the Hw Db part of the input DSA
TRACE::2026-08-02.14:05:23::SCWMssOS::Checking the sw design at  D:/Work/projects/zybo_z7_projects/DD_RF/vitis/RFsender_platform/ps7_cortexa9_0/standalone_domain/bsp/system.mss
TRACE::2026-08-02.14:05:23::SCWMssOS::DEBUG:  swdes dump  D:/Work/projects/zybo_z7_projects/DD_RF/vitis/RFsender_platform/ps7_cortexa9_0/standalone_domain/bsp/system.mss|system||
D:/Work/projects/zybo_z7_projects/DD_RF/vitis/RFsender_platform/zynq_fsbl/zynq_fsbl_bsp/system.mss|system_0||

TRACE::2026-08-02.14:05:23::SCWMssOS::Sw design exists and opened at  D:/Work/projects/zybo_z7_projects/DD_RF/vitis/RFsender_platform/ps7_cortexa9_0/standalone_domain/bsp/system.mss
TRACE::2026-08-03.23:29:33::SCWPlatform::Trying to open the hw design at D:/Work/projects/zybo_z7_projects/DD_RF/vitis/RFsender_platform/hw/topSystem.xsa
TRACE::2026-08-03.23:29:33::SCWPlatform::DSA given D:/Work/projects/zybo_z7_projects/DD_RF/vitis/RFsender_platform/hw/topSystem.xsa
TRACE::2026-08-03.23:29:33::SCWPlatform::DSA absoulate path D:/Work/projects/zybo_z7_projects/DD_RF/vitis/RFsender_platform/hw/topSystem.xsa
TRACE::2026-08-03.23:29:33::SCWPlatform::DSA directory D:/Work/projects/zybo_z7_projects/DD_RF/vitis/RFsender_platform/hw
TRACE::2026-08-03.23:29:33::SCWPlatform:: Platform Path D:/Work/projects/zybo_z7_projects/DD_RF/vitis/RFsender_platform/hw/topSystem.xsa
TRACE::2026-08-03.23:29:33::SCWPlatform:: Unique name xilinx:zybo-z7-10::0.0
TRACE::2026-08-03.23:29:33::SCWPlatform::Do not have an existing db opened. 
TRACE::2026-08-03.23:29:37::SCWPlatform::Opened new HwDB with name topSystem
TRACE::2026-08-03.23:29:37::SCWReader::Active system found as  RFsender_platform
TRACE::2026-08-03.23:29:37::SCWReader::Handling sysconfig RFsender_platform
TRACE::2026-08-03.23:29:37::SCWDomain::checking for install qemu data   : 
TRACE::2026-08-03.23:29:37::SCWDomain:: Using the QEMU Data from install at  : D:/Applications/Xilinx/Vitis/2024.2/data/emulation/platforms/zynq/sw/a9_standalone/qemu/
TRACE::2026-08-03.23:29:37::SCWDomain:: Using the QEMU args  from install at  : D:/Applications/Xilinx/Vitis/2024.2/data/emulation/platforms/zynq/sw/a9_standalone/qemu/qemu_args.txt
TRACE::2026-08-03.23:29:37::SCWPlatform::Trying to open the hw design at D:/Work/projects/zybo_z7_projects/DD_RF/vitis/RFsender_platform/hw/topSystem.xsa
TRACE::2026-08-03.23:29:37::SCWPlatform::DSA given D:/Work/projects/zybo_z7_projects/DD_RF/vitis/RFsender_platform/hw/topSystem.xsa
TRACE::2026-08-03.23:29:37::SCWPlatform::DSA absoulate path D:/Work/projects/zybo_z7_projects/DD_RF/vitis/RFsender_platform/hw/topSystem.xsa
TRACE::2026-08-03.23:29:37::SCWPlatform::DSA directory D:/Work/projects/zybo_z7_projects/DD_RF/vitis/RFsender_platform/hw
TRACE::2026-08-03.23:29:37::SCWPlatform:: Platform Path D:/Work/projects/zybo_z7_projects/DD_RF/vitis/RFsender_platform/hw/topSystem.xsa
TRACE::2026-08-03.23:29:37::SCWPlatform:: Unique name xilinx:zybo-z7-10::0.0
TRACE::2026-08-03.23:29:37::SCWPlatform::Trying to set the existing hwdb with name topSystem
TRACE::2026-08-03.23:29:37::SCWPlatform::Opened existing hwdb topSystem
TRACE::2026-08-03.23:29:37::SCWPlatform::Found the Hw Db part of the input DSA
TRACE::2026-08-03.23:29:37::SCWPlatform::Trying to open the hw design at D:/Work/projects/zybo_z7_projects/DD_RF/vitis/RFsender_platform/hw/topSystem.xsa
TRACE::2026-08-03.23:29:37::SCWPlatform::DSA given D:/Work/projects/zybo_z7_projects/DD_RF/vitis/RFsender_platform/hw/topSystem.xsa
TRACE::2026-08-03.23:29:37::SCWPlatform::DSA absoulate path D:/Work/projects/zybo_z7_projects/DD_RF/vitis/RFsender_platform/hw/topSystem.xsa
TRACE::2026-08-03.23:29:37::SCWPlatform::DSA directory D:/Work/projects/zybo_z7_projects/DD_RF/vitis/RFsender_platform/hw
TRACE::2026-08-03.23:29:37::SCWPlatform:: Platform Path D:/Work/projects/zybo_z7_projects/DD_RF/vitis/RFsender_platform/hw/topSystem.xsa
TRACE::2026-08-03.23:29:37::SCWPlatform:: Unique name xilinx:zybo-z7-10::0.0
TRACE::2026-08-03.23:29:37::SCWPlatform::Trying to set the existing hwdb with name topSystem
TRACE::2026-08-03.23:29:37::SCWPlatform::Opened existing hwdb topSystem
TRACE::2026-08-03.23:29:37::SCWPlatform::Found the Hw Db part of the input DSA
TRACE::2026-08-03.23:29:37::SCWPlatform::Trying to open the hw design at D:/Work/projects/zybo_z7_projects/DD_RF/vitis/RFsender_platform/hw/topSystem.xsa
TRACE::2026-08-03.23:29:37::SCWPlatform::DSA given D:/Work/projects/zybo_z7_projects/DD_RF/vitis/RFsender_platform/hw/topSystem.xsa
TRACE::2026-08-03.23:29:37::SCWPlatform::DSA absoulate path D:/Work/projects/zybo_z7_projects/DD_RF/vitis/RFsender_platform/hw/topSystem.xsa
TRACE::2026-08-03.23:29:37::SCWPlatform::DSA directory D:/Work/projects/zybo_z7_projects/DD_RF/vitis/RFsender_platform/hw
TRACE::2026-08-03.23:29:37::SCWPlatform:: Platform Path D:/Work/projects/zybo_z7_projects/DD_RF/vitis/RFsender_platform/hw/topSystem.xsa
TRACE::2026-08-03.23:29:37::SCWPlatform:: Unique name xilinx:zybo-z7-10::0.0
TRACE::2026-08-03.23:29:37::SCWPlatform::Trying to set the existing hwdb with name topSystem
TRACE::2026-08-03.23:29:37::SCWPlatform::Opened existing hwdb topSystem
TRACE::2026-08-03.23:29:37::SCWPlatform::Found the Hw Db part of the input DSA
TRACE::2026-08-03.23:29:37::SCWReader::Boot application domain added for zynq_fsbl
TRACE::2026-08-03.23:29:37::SCWPlatform::Trying to open the hw design at D:/Work/projects/zybo_z7_projects/DD_RF/vitis/RFsender_platform/hw/topSystem.xsa
TRACE::2026-08-03.23:29:37::SCWPlatform::DSA given D:/Work/projects/zybo_z7_projects/DD_RF/vitis/RFsender_platform/hw/topSystem.xsa
TRACE::2026-08-03.23:29:37::SCWPlatform::DSA absoulate path D:/Work/projects/zybo_z7_projects/DD_RF/vitis/RFsender_platform/hw/topSystem.xsa
TRACE::2026-08-03.23:29:37::SCWPlatform::DSA directory D:/Work/projects/zybo_z7_projects/DD_RF/vitis/RFsender_platform/hw
TRACE::2026-08-03.23:29:37::SCWPlatform:: Platform Path D:/Work/projects/zybo_z7_projects/DD_RF/vitis/RFsender_platform/hw/topSystem.xsa
TRACE::2026-08-03.23:29:37::SCWPlatform:: Unique name xilinx:zybo-z7-10::0.0
TRACE::2026-08-03.23:29:37::SCWPlatform::Trying to set the existing hwdb with name topSystem
TRACE::2026-08-03.23:29:37::SCWPlatform::Opened existing hwdb topSystem
TRACE::2026-08-03.23:29:37::SCWPlatform::Found the Hw Db part of the input DSA
TRACE::2026-08-03.23:29:37::SCWMssOS::Checking the sw design at  D:/Work/projects/zybo_z7_projects/DD_RF/vitis/RFsender_platform/zynq_fsbl/zynq_fsbl_bsp/system.mss
TRACE::2026-08-03.23:29:37::SCWMssOS::DEBUG:  swdes dump  
TRACE::2026-08-03.23:29:37::SCWMssOS::No sw design opened at  D:/Work/projects/zybo_z7_projects/DD_RF/vitis/RFsender_platform/zynq_fsbl/zynq_fsbl_bsp/system.mss
TRACE::2026-08-03.23:29:37::SCWMssOS::mss exists loading the mss file  D:/Work/projects/zybo_z7_projects/DD_RF/vitis/RFsender_platform/zynq_fsbl/zynq_fsbl_bsp/system.mss
TRACE::2026-08-03.23:29:37::SCWMssOS::Opened the sw design from mss  D:/Work/projects/zybo_z7_projects/DD_RF/vitis/RFsender_platform/zynq_fsbl/zynq_fsbl_bsp/system.mss
TRACE::2026-08-03.23:29:37::SCWMssOS::Adding the swdes entry D:/Work/projects/zybo_z7_projects/DD_RF/vitis/RFsender_platform/zynq_fsbl/zynq_fsbl_bsp/system.mss with des name system
TRACE::2026-08-03.23:29:37::SCWMssOS::updating the scw layer about changes
TRACE::2026-08-03.23:29:37::SCWMssOS::Opened the sw design.  D:/Work/projects/zybo_z7_projects/DD_RF/vitis/RFsender_platform/zynq_fsbl/zynq_fsbl_bsp/system.mss
TRACE::2026-08-03.23:29:37::SCWPlatform::Trying to open the hw design at D:/Work/projects/zybo_z7_projects/DD_RF/vitis/RFsender_platform/hw/topSystem.xsa
TRACE::2026-08-03.23:29:37::SCWPlatform::DSA given D:/Work/projects/zybo_z7_projects/DD_RF/vitis/RFsender_platform/hw/topSystem.xsa
TRACE::2026-08-03.23:29:37::SCWPlatform::DSA absoulate path D:/Work/projects/zybo_z7_projects/DD_RF/vitis/RFsender_platform/hw/topSystem.xsa
TRACE::2026-08-03.23:29:37::SCWPlatform::DSA directory D:/Work/projects/zybo_z7_projects/DD_RF/vitis/RFsender_platform/hw
TRACE::2026-08-03.23:29:37::SCWPlatform:: Platform Path D:/Work/projects/zybo_z7_projects/DD_RF/vitis/RFsender_platform/hw/topSystem.xsa
TRACE::2026-08-03.23:29:37::SCWPlatform:: Unique name xilinx:zybo-z7-10::0.0
TRACE::2026-08-03.23:29:37::SCWPlatform::Trying to set the existing hwdb with name topSystem
TRACE::2026-08-03.23:29:37::SCWPlatform::Opened existing hwdb topSystem
TRACE::2026-08-03.23:29:37::SCWPlatform::Found the Hw Db part of the input DSA
TRACE::2026-08-03.23:29:37::SCWMssOS::Checking the sw design at  D:/Work/projects/zybo_z7_projects/DD_RF/vitis/RFsender_platform/zynq_fsbl/zynq_fsbl_bsp/system.mss
TRACE::2026-08-03.23:29:37::SCWMssOS::DEBUG:  swdes dump  D:/Work/projects/zybo_z7_projects/DD_RF/vitis/RFsender_platform/zynq_fsbl/zynq_fsbl_bsp/system.mss|system||

TRACE::2026-08-03.23:29:37::SCWMssOS::Sw design exists and opened at  D:/Work/projects/zybo_z7_projects/DD_RF/vitis/RFsender_platform/zynq_fsbl/zynq_fsbl_bsp/system.mss
TRACE::2026-08-03.23:29:37::SCWMssOS:: library already available in sw design:  xilffs:5.3
TRACE::2026-08-03.23:29:37::SCWPlatform::Trying to open the hw design at D:/Work/projects/zybo_z7_projects/DD_RF/vitis/RFsender_platform/hw/topSystem.xsa
TRACE::2026-08-03.23:29:37::SCWPlatform::DSA given D:/Work/projects/zybo_z7_projects/DD_RF/vitis/RFsender_platform/hw/topSystem.xsa
TRACE::2026-08-03.23:29:37::SCWPlatform::DSA absoulate path D:/Work/projects/zybo_z7_projects/DD_RF/vitis/RFsender_platform/hw/topSystem.xsa
TRACE::2026-08-03.23:29:37::SCWPlatform::DSA directory D:/Work/projects/zybo_z7_projects/DD_RF/vitis/RFsender_platform/hw
TRACE::2026-08-03.23:29:37::SCWPlatform:: Platform Path D:/Work/projects/zybo_z7_projects/DD_RF/vitis/RFsender_platform/hw/topSystem.xsa
TRACE::2026-08-03.23:29:37::SCWPlatform:: Unique name xilinx:zybo-z7-10::0.0
TRACE::2026-08-03.23:29:37::SCWPlatform::Trying to set the existing hwdb with name topSystem
TRACE::2026-08-03.23:29:37::SCWPlatform::Opened existing hwdb topSystem
TRACE::2026-08-03.23:29:37::SCWPlatform::Found the Hw Db part of the input DSA
TRACE::2026-08-03.23:29:37::SCWMssOS::Checking the sw design at  D:/Work/projects/zybo_z7_projects/DD_RF/vitis/RFsender_platform/zynq_fsbl/zynq_fsbl_bsp/system.mss
TRACE::2026-08-03.23:29:37::SCWMssOS::DEBUG:  swdes dump  D:/Work/projects/zybo_z7_projects/DD_RF/vitis/RFsender_platform/zynq_fsbl/zynq_fsbl_bsp/system.mss|system||

TRACE::2026-08-03.23:29:37::SCWMssOS::Sw design exists and opened at  D:/Work/projects/zybo_z7_projects/DD_RF/vitis/RFsender_platform/zynq_fsbl/zynq_fsbl_bsp/system.mss
TRACE::2026-08-03.23:29:37::SCWMssOS:: library already available in sw design:  xilrsa:1.8
TRACE::2026-08-03.23:29:37::SCWMssOS::Saving the mss changes D:/Work/projects/zybo_z7_projects/DD_RF/vitis/RFsender_platform/zynq_fsbl/zynq_fsbl_bsp/system.mss
TRACE::2026-08-03.23:29:37::SCWMssOS::Found a swdesign opened with the mssfile.
TRACE::2026-08-03.23:29:37::SCWMssOS::Completed writemss as part of save.
TRACE::2026-08-03.23:29:37::SCWMssOS::Commit changes completed.
TRACE::2026-08-03.23:29:37::SCWReader::Adding prebuilt librarypaths as   
TRACE::2026-08-03.23:29:37::SCWReader::Adding prebuilt incpaths  as   
TRACE::2026-08-03.23:29:37::SCWPlatform::Trying to open the hw design at D:/Work/projects/zybo_z7_projects/DD_RF/vitis/RFsender_platform/hw/topSystem.xsa
TRACE::2026-08-03.23:29:37::SCWPlatform::DSA given D:/Work/projects/zybo_z7_projects/DD_RF/vitis/RFsender_platform/hw/topSystem.xsa
TRACE::2026-08-03.23:29:37::SCWPlatform::DSA absoulate path D:/Work/projects/zybo_z7_projects/DD_RF/vitis/RFsender_platform/hw/topSystem.xsa
TRACE::2026-08-03.23:29:37::SCWPlatform::DSA directory D:/Work/projects/zybo_z7_projects/DD_RF/vitis/RFsender_platform/hw
TRACE::2026-08-03.23:29:37::SCWPlatform:: Platform Path D:/Work/projects/zybo_z7_projects/DD_RF/vitis/RFsender_platform/hw/topSystem.xsa
TRACE::2026-08-03.23:29:37::SCWPlatform:: Unique name xilinx:zybo-z7-10::0.0
TRACE::2026-08-03.23:29:37::SCWPlatform::Trying to set the existing hwdb with name topSystem
TRACE::2026-08-03.23:29:37::SCWPlatform::Opened existing hwdb topSystem
TRACE::2026-08-03.23:29:37::SCWPlatform::Found the Hw Db part of the input DSA
TRACE::2026-08-03.23:29:37::SCWMssOS::Checking the sw design at  D:/Work/projects/zybo_z7_projects/DD_RF/vitis/RFsender_platform/zynq_fsbl/zynq_fsbl_bsp/system.mss
TRACE::2026-08-03.23:29:37::SCWMssOS::DEBUG:  swdes dump  D:/Work/projects/zybo_z7_projects/DD_RF/vitis/RFsender_platform/zynq_fsbl/zynq_fsbl_bsp/system.mss|system||

TRACE::2026-08-03.23:29:37::SCWMssOS::Sw design exists and opened at  D:/Work/projects/zybo_z7_projects/DD_RF/vitis/RFsender_platform/zynq_fsbl/zynq_fsbl_bsp/system.mss
TRACE::2026-08-03.23:29:37::SCWReader::No isolation master present  
TRACE::2026-08-03.23:29:37::SCWDomain::checking for install qemu data   : 
TRACE::2026-08-03.23:29:37::SCWDomain:: Using the QEMU Data from install at  : D:/Applications/Xilinx/Vitis/2024.2/data/emulation/platforms/zynq/sw/a9_standalone/qemu/
TRACE::2026-08-03.23:29:37::SCWDomain:: Using the QEMU args  from install at  : D:/Applications/Xilinx/Vitis/2024.2/data/emulation/platforms/zynq/sw/a9_standalone/qemu/qemu_args.txt
TRACE::2026-08-03.23:29:37::SCWPlatform::Trying to open the hw design at D:/Work/projects/zybo_z7_projects/DD_RF/vitis/RFsender_platform/hw/topSystem.xsa
TRACE::2026-08-03.23:29:37::SCWPlatform::DSA given D:/Work/projects/zybo_z7_projects/DD_RF/vitis/RFsender_platform/hw/topSystem.xsa
TRACE::2026-08-03.23:29:37::SCWPlatform::DSA absoulate path D:/Work/projects/zybo_z7_projects/DD_RF/vitis/RFsender_platform/hw/topSystem.xsa
TRACE::2026-08-03.23:29:37::SCWPlatform::DSA directory D:/Work/projects/zybo_z7_projects/DD_RF/vitis/RFsender_platform/hw
TRACE::2026-08-03.23:29:37::SCWPlatform:: Platform Path D:/Work/projects/zybo_z7_projects/DD_RF/vitis/RFsender_platform/hw/topSystem.xsa
TRACE::2026-08-03.23:29:37::SCWPlatform:: Unique name xilinx:zybo-z7-10::0.0
TRACE::2026-08-03.23:29:37::SCWPlatform::Trying to set the existing hwdb with name topSystem
TRACE::2026-08-03.23:29:37::SCWPlatform::Opened existing hwdb topSystem
TRACE::2026-08-03.23:29:37::SCWPlatform::Found the Hw Db part of the input DSA
TRACE::2026-08-03.23:29:37::SCWPlatform::Trying to open the hw design at D:/Work/projects/zybo_z7_projects/DD_RF/vitis/RFsender_platform/hw/topSystem.xsa
TRACE::2026-08-03.23:29:37::SCWPlatform::DSA given D:/Work/projects/zybo_z7_projects/DD_RF/vitis/RFsender_platform/hw/topSystem.xsa
TRACE::2026-08-03.23:29:37::SCWPlatform::DSA absoulate path D:/Work/projects/zybo_z7_projects/DD_RF/vitis/RFsender_platform/hw/topSystem.xsa
TRACE::2026-08-03.23:29:37::SCWPlatform::DSA directory D:/Work/projects/zybo_z7_projects/DD_RF/vitis/RFsender_platform/hw
TRACE::2026-08-03.23:29:37::SCWPlatform:: Platform Path D:/Work/projects/zybo_z7_projects/DD_RF/vitis/RFsender_platform/hw/topSystem.xsa
TRACE::2026-08-03.23:29:37::SCWPlatform:: Unique name xilinx:zybo-z7-10::0.0
TRACE::2026-08-03.23:29:37::SCWPlatform::Trying to set the existing hwdb with name topSystem
TRACE::2026-08-03.23:29:37::SCWPlatform::Opened existing hwdb topSystem
TRACE::2026-08-03.23:29:37::SCWPlatform::Found the Hw Db part of the input DSA
TRACE::2026-08-03.23:29:37::SCWPlatform::Trying to open the hw design at D:/Work/projects/zybo_z7_projects/DD_RF/vitis/RFsender_platform/hw/topSystem.xsa
TRACE::2026-08-03.23:29:37::SCWPlatform::DSA given D:/Work/projects/zybo_z7_projects/DD_RF/vitis/RFsender_platform/hw/topSystem.xsa
TRACE::2026-08-03.23:29:37::SCWPlatform::DSA absoulate path D:/Work/projects/zybo_z7_projects/DD_RF/vitis/RFsender_platform/hw/topSystem.xsa
TRACE::2026-08-03.23:29:37::SCWPlatform::DSA directory D:/Work/projects/zybo_z7_projects/DD_RF/vitis/RFsender_platform/hw
TRACE::2026-08-03.23:29:37::SCWPlatform:: Platform Path D:/Work/projects/zybo_z7_projects/DD_RF/vitis/RFsender_platform/hw/topSystem.xsa
TRACE::2026-08-03.23:29:37::SCWPlatform:: Unique name xilinx:zybo-z7-10::0.0
TRACE::2026-08-03.23:29:37::SCWPlatform::Trying to set the existing hwdb with name topSystem
TRACE::2026-08-03.23:29:37::SCWPlatform::Opened existing hwdb topSystem
TRACE::2026-08-03.23:29:37::SCWPlatform::Found the Hw Db part of the input DSA
TRACE::2026-08-03.23:29:37::SCWMssOS::Checking the sw design at  D:/Work/projects/zybo_z7_projects/DD_RF/vitis/RFsender_platform/ps7_cortexa9_0/standalone_domain/bsp/system.mss
TRACE::2026-08-03.23:29:37::SCWMssOS::DEBUG:  swdes dump  D:/Work/projects/zybo_z7_projects/DD_RF/vitis/RFsender_platform/zynq_fsbl/zynq_fsbl_bsp/system.mss|system||

TRACE::2026-08-03.23:29:37::SCWMssOS::No sw design opened at  D:/Work/projects/zybo_z7_projects/DD_RF/vitis/RFsender_platform/ps7_cortexa9_0/standalone_domain/bsp/system.mss
TRACE::2026-08-03.23:29:37::SCWMssOS::mss exists loading the mss file  D:/Work/projects/zybo_z7_projects/DD_RF/vitis/RFsender_platform/ps7_cortexa9_0/standalone_domain/bsp/system.mss
TRACE::2026-08-03.23:29:37::SCWMssOS::Opened the sw design from mss  D:/Work/projects/zybo_z7_projects/DD_RF/vitis/RFsender_platform/ps7_cortexa9_0/standalone_domain/bsp/system.mss
TRACE::2026-08-03.23:29:37::SCWMssOS::Adding the swdes entry D:/Work/projects/zybo_z7_projects/DD_RF/vitis/RFsender_platform/ps7_cortexa9_0/standalone_domain/bsp/system.mss with des name system_0
TRACE::2026-08-03.23:29:37::SCWMssOS::updating the scw layer about changes
TRACE::2026-08-03.23:29:37::SCWMssOS::Opened the sw design.  D:/Work/projects/zybo_z7_projects/DD_RF/vitis/RFsender_platform/ps7_cortexa9_0/standalone_domain/bsp/system.mss
TRACE::2026-08-03.23:29:37::SCWPlatform::Trying to open the hw design at D:/Work/projects/zybo_z7_projects/DD_RF/vitis/RFsender_platform/hw/topSystem.xsa
TRACE::2026-08-03.23:29:37::SCWPlatform::DSA given D:/Work/projects/zybo_z7_projects/DD_RF/vitis/RFsender_platform/hw/topSystem.xsa
TRACE::2026-08-03.23:29:37::SCWPlatform::DSA absoulate path D:/Work/projects/zybo_z7_projects/DD_RF/vitis/RFsender_platform/hw/topSystem.xsa
TRACE::2026-08-03.23:29:37::SCWPlatform::DSA directory D:/Work/projects/zybo_z7_projects/DD_RF/vitis/RFsender_platform/hw
TRACE::2026-08-03.23:29:37::SCWPlatform:: Platform Path D:/Work/projects/zybo_z7_projects/DD_RF/vitis/RFsender_platform/hw/topSystem.xsa
TRACE::2026-08-03.23:29:37::SCWPlatform:: Unique name xilinx:zybo-z7-10::0.0
TRACE::2026-08-03.23:29:37::SCWPlatform::Trying to set the existing hwdb with name topSystem
TRACE::2026-08-03.23:29:37::SCWPlatform::Opened existing hwdb topSystem
TRACE::2026-08-03.23:29:37::SCWPlatform::Found the Hw Db part of the input DSA
TRACE::2026-08-03.23:29:37::SCWMssOS::Checking the sw design at  D:/Work/projects/zybo_z7_projects/DD_RF/vitis/RFsender_platform/ps7_cortexa9_0/standalone_domain/bsp/system.mss
TRACE::2026-08-03.23:29:37::SCWMssOS::DEBUG:  swdes dump  D:/Work/projects/zybo_z7_projects/DD_RF/vitis/RFsender_platform/ps7_cortexa9_0/standalone_domain/bsp/system.mss|system_0||
D:/Work/projects/zybo_z7_projects/DD_RF/vitis/RFsender_platform/zynq_fsbl/zynq_fsbl_bsp/system.mss|system||

TRACE::2026-08-03.23:29:37::SCWMssOS::Sw design exists and opened at  D:/Work/projects/zybo_z7_projects/DD_RF/vitis/RFsender_platform/ps7_cortexa9_0/standalone_domain/bsp/system.mss
TRACE::2026-08-03.23:29:37::SCWMssOS:: library already available in sw design:  xilffs:5.3
TRACE::2026-08-03.23:29:37::SCWMssOS::Saving the mss changes D:/Work/projects/zybo_z7_projects/DD_RF/vitis/RFsender_platform/ps7_cortexa9_0/standalone_domain/bsp/system.mss
TRACE::2026-08-03.23:29:37::SCWMssOS::Found a swdesign opened with the mssfile.
TRACE::2026-08-03.23:29:37::SCWMssOS::Completed writemss as part of save.
TRACE::2026-08-03.23:29:37::SCWMssOS::Commit changes completed.
TRACE::2026-08-03.23:29:37::SCWReader::Adding prebuilt librarypaths as   
TRACE::2026-08-03.23:29:37::SCWReader::Adding prebuilt incpaths  as   
TRACE::2026-08-03.23:29:37::SCWPlatform::Trying to open the hw design at D:/Work/projects/zybo_z7_projects/DD_RF/vitis/RFsender_platform/hw/topSystem.xsa
TRACE::2026-08-03.23:29:37::SCWPlatform::DSA given D:/Work/projects/zybo_z7_projects/DD_RF/vitis/RFsender_platform/hw/topSystem.xsa
TRACE::2026-08-03.23:29:37::SCWPlatform::DSA absoulate path D:/Work/projects/zybo_z7_projects/DD_RF/vitis/RFsender_platform/hw/topSystem.xsa
TRACE::2026-08-03.23:29:37::SCWPlatform::DSA directory D:/Work/projects/zybo_z7_projects/DD_RF/vitis/RFsender_platform/hw
TRACE::2026-08-03.23:29:37::SCWPlatform:: Platform Path D:/Work/projects/zybo_z7_projects/DD_RF/vitis/RFsender_platform/hw/topSystem.xsa
TRACE::2026-08-03.23:29:37::SCWPlatform:: Unique name xilinx:zybo-z7-10::0.0
TRACE::2026-08-03.23:29:37::SCWPlatform::Trying to set the existing hwdb with name topSystem
TRACE::2026-08-03.23:29:37::SCWPlatform::Opened existing hwdb topSystem
TRACE::2026-08-03.23:29:37::SCWPlatform::Found the Hw Db part of the input DSA
TRACE::2026-08-03.23:29:37::SCWMssOS::Checking the sw design at  D:/Work/projects/zybo_z7_projects/DD_RF/vitis/RFsender_platform/ps7_cortexa9_0/standalone_domain/bsp/system.mss
TRACE::2026-08-03.23:29:37::SCWMssOS::DEBUG:  swdes dump  D:/Work/projects/zybo_z7_projects/DD_RF/vitis/RFsender_platform/ps7_cortexa9_0/standalone_domain/bsp/system.mss|system_0||
D:/Work/projects/zybo_z7_projects/DD_RF/vitis/RFsender_platform/zynq_fsbl/zynq_fsbl_bsp/system.mss|system||

TRACE::2026-08-03.23:29:37::SCWMssOS::Sw design exists and opened at  D:/Work/projects/zybo_z7_projects/DD_RF/vitis/RFsender_platform/ps7_cortexa9_0/standalone_domain/bsp/system.mss
TRACE::2026-08-03.23:29:37::SCWReader::No isolation master present  
TRACE::2026-08-03.23:29:50::SCWPlatform::DSA given D:/Work/projects/zybo_z7_projects/DD_RF/vitis/RFsender_platform/tempdsa/topSystem.xsa
TRACE::2026-08-03.23:29:50::SCWPlatform::DSA absoulate path D:/Work/projects/zybo_z7_projects/DD_RF/vitis/RFsender_platform/tempdsa/topSystem.xsa
TRACE::2026-08-03.23:29:50::SCWPlatform:: Platform location is D:/Work/projects/zybo_z7_projects/DD_RF/vitis/RFsender_platform/tempdsa
TRACE::2026-08-03.23:29:50::SCWPlatform:: Platform Path D:/Work/projects/zybo_z7_projects/DD_RF/vitis/RFsender_platform/tempdsa/topSystem.xsa
TRACE::2026-08-03.23:29:50::SCWPlatform:: Unique name xilinx:zybo-z7-10::0.0
TRACE::2026-08-03.23:29:52::SCWPlatform::Found the Hw Db part of the input DSA
TRACE::2026-08-03.23:29:52::SCWMssOS::Doing hw sync for the mss in domain: zynq_fsbl
TRACE::2026-08-03.23:29:52::SCWPlatform::Trying to open the hw design at D:/Work/projects/zybo_z7_projects/DD_RF/vitis/RFsender_platform/hw/topSystem.xsa
TRACE::2026-08-03.23:29:52::SCWPlatform::DSA given D:/Work/projects/zybo_z7_projects/DD_RF/vitis/RFsender_platform/hw/topSystem.xsa
TRACE::2026-08-03.23:29:52::SCWPlatform::DSA absoulate path D:/Work/projects/zybo_z7_projects/DD_RF/vitis/RFsender_platform/hw/topSystem.xsa
TRACE::2026-08-03.23:29:52::SCWPlatform::DSA directory D:/Work/projects/zybo_z7_projects/DD_RF/vitis/RFsender_platform/hw
TRACE::2026-08-03.23:29:52::SCWPlatform:: Platform Path D:/Work/projects/zybo_z7_projects/DD_RF/vitis/RFsender_platform/hw/topSystem.xsa
TRACE::2026-08-03.23:29:52::SCWPlatform:: Unique name xilinx:zybo-z7-10::0.0
TRACE::2026-08-03.23:29:52::SCWPlatform::Trying to set the existing hwdb with name topSystem
TRACE::2026-08-03.23:29:52::SCWPlatform::Opened existing hwdb topSystem
TRACE::2026-08-03.23:29:52::SCWPlatform::Found the Hw Db part of the input DSA
TRACE::2026-08-03.23:29:52::SCWPlatform::Trying to open the hw design at D:/Work/projects/zybo_z7_projects/DD_RF/vitis/RFsender_platform/hw/topSystem.xsa
TRACE::2026-08-03.23:29:52::SCWPlatform::DSA given D:/Work/projects/zybo_z7_projects/DD_RF/vitis/RFsender_platform/hw/topSystem.xsa
TRACE::2026-08-03.23:29:52::SCWPlatform::DSA absoulate path D:/Work/projects/zybo_z7_projects/DD_RF/vitis/RFsender_platform/hw/topSystem.xsa
TRACE::2026-08-03.23:29:52::SCWPlatform::DSA directory D:/Work/projects/zybo_z7_projects/DD_RF/vitis/RFsender_platform/hw
TRACE::2026-08-03.23:29:52::SCWPlatform:: Platform Path D:/Work/projects/zybo_z7_projects/DD_RF/vitis/RFsender_platform/hw/topSystem.xsa
TRACE::2026-08-03.23:29:52::SCWPlatform:: Unique name xilinx:zybo-z7-10::0.0
TRACE::2026-08-03.23:29:52::SCWPlatform::Trying to set the existing hwdb with name topSystem
TRACE::2026-08-03.23:29:52::SCWPlatform::Opened existing hwdb topSystem
TRACE::2026-08-03.23:29:52::SCWPlatform::Found the Hw Db part of the input DSA
TRACE::2026-08-03.23:29:52::SCWMssOS::Checking the sw design at  D:/Work/projects/zybo_z7_projects/DD_RF/vitis/RFsender_platform/zynq_fsbl/zynq_fsbl_bsp/system.mss
TRACE::2026-08-03.23:29:52::SCWMssOS::DEBUG:  swdes dump  D:/Work/projects/zybo_z7_projects/DD_RF/vitis/RFsender_platform/ps7_cortexa9_0/standalone_domain/bsp/system.mss|system_0||
D:/Work/projects/zybo_z7_projects/DD_RF/vitis/RFsender_platform/zynq_fsbl/zynq_fsbl_bsp/system.mss|system||

TRACE::2026-08-03.23:29:52::SCWMssOS::Sw design exists and opened at  D:/Work/projects/zybo_z7_projects/DD_RF/vitis/RFsender_platform/zynq_fsbl/zynq_fsbl_bsp/system.mss
TRACE::2026-08-03.23:29:52::SCWPlatform::Trying to open the hw design at D:/Work/projects/zybo_z7_projects/DD_RF/vitis/RFsender_platform/tempdsa/topSystem.xsa
TRACE::2026-08-03.23:29:52::SCWPlatform::DSA given D:/Work/projects/zybo_z7_projects/DD_RF/vitis/RFsender_platform/tempdsa/topSystem.xsa
TRACE::2026-08-03.23:29:52::SCWPlatform::DSA absoulate path D:/Work/projects/zybo_z7_projects/DD_RF/vitis/RFsender_platform/tempdsa/topSystem.xsa
TRACE::2026-08-03.23:29:52::SCWPlatform::DSA directory D:/Work/projects/zybo_z7_projects/DD_RF/vitis/RFsender_platform/tempdsa
TRACE::2026-08-03.23:29:52::SCWPlatform:: Platform Path D:/Work/projects/zybo_z7_projects/DD_RF/vitis/RFsender_platform/tempdsa/topSystem.xsa
TRACE::2026-08-03.23:29:52::SCWPlatform:: Unique name xilinx:zybo-z7-10::0.0
TRACE::2026-08-03.23:29:52::SCWPlatform::update - Opened existing hwdb topSystem_0
TRACE::2026-08-03.23:29:52::SCWPlatform::Found the Hw Db part of the input DSA
TRACE::2026-08-03.23:29:52::SCWMssOS::Doing hw sync for the mss in domain: standalone_domain
TRACE::2026-08-03.23:29:52::SCWPlatform::Trying to open the hw design at D:/Work/projects/zybo_z7_projects/DD_RF/vitis/RFsender_platform/hw/topSystem.xsa
TRACE::2026-08-03.23:29:52::SCWPlatform::DSA given D:/Work/projects/zybo_z7_projects/DD_RF/vitis/RFsender_platform/hw/topSystem.xsa
TRACE::2026-08-03.23:29:52::SCWPlatform::DSA absoulate path D:/Work/projects/zybo_z7_projects/DD_RF/vitis/RFsender_platform/hw/topSystem.xsa
TRACE::2026-08-03.23:29:52::SCWPlatform::DSA directory D:/Work/projects/zybo_z7_projects/DD_RF/vitis/RFsender_platform/hw
TRACE::2026-08-03.23:29:52::SCWPlatform:: Platform Path D:/Work/projects/zybo_z7_projects/DD_RF/vitis/RFsender_platform/hw/topSystem.xsa
TRACE::2026-08-03.23:29:52::SCWPlatform:: Unique name xilinx:zybo-z7-10::0.0
TRACE::2026-08-03.23:29:52::SCWPlatform::Trying to set the existing hwdb with name topSystem
TRACE::2026-08-03.23:29:52::SCWPlatform::Opened existing hwdb topSystem
TRACE::2026-08-03.23:29:52::SCWPlatform::Found the Hw Db part of the input DSA
TRACE::2026-08-03.23:29:52::SCWPlatform::Trying to open the hw design at D:/Work/projects/zybo_z7_projects/DD_RF/vitis/RFsender_platform/hw/topSystem.xsa
TRACE::2026-08-03.23:29:52::SCWPlatform::DSA given D:/Work/projects/zybo_z7_projects/DD_RF/vitis/RFsender_platform/hw/topSystem.xsa
TRACE::2026-08-03.23:29:52::SCWPlatform::DSA absoulate path D:/Work/projects/zybo_z7_projects/DD_RF/vitis/RFsender_platform/hw/topSystem.xsa
TRACE::2026-08-03.23:29:52::SCWPlatform::DSA directory D:/Work/projects/zybo_z7_projects/DD_RF/vitis/RFsender_platform/hw
TRACE::2026-08-03.23:29:52::SCWPlatform:: Platform Path D:/Work/projects/zybo_z7_projects/DD_RF/vitis/RFsender_platform/hw/topSystem.xsa
TRACE::2026-08-03.23:29:52::SCWPlatform:: Unique name xilinx:zybo-z7-10::0.0
TRACE::2026-08-03.23:29:52::SCWPlatform::Trying to set the existing hwdb with name topSystem
TRACE::2026-08-03.23:29:52::SCWPlatform::Opened existing hwdb topSystem
TRACE::2026-08-03.23:29:52::SCWPlatform::Found the Hw Db part of the input DSA
TRACE::2026-08-03.23:29:52::SCWMssOS::Checking the sw design at  D:/Work/projects/zybo_z7_projects/DD_RF/vitis/RFsender_platform/ps7_cortexa9_0/standalone_domain/bsp/system.mss
TRACE::2026-08-03.23:29:52::SCWMssOS::DEBUG:  swdes dump  D:/Work/projects/zybo_z7_projects/DD_RF/vitis/RFsender_platform/ps7_cortexa9_0/standalone_domain/bsp/system.mss|system_0||
D:/Work/projects/zybo_z7_projects/DD_RF/vitis/RFsender_platform/zynq_fsbl/zynq_fsbl_bsp/system.mss|system||

TRACE::2026-08-03.23:29:52::SCWMssOS::Sw design exists and opened at  D:/Work/projects/zybo_z7_projects/DD_RF/vitis/RFsender_platform/ps7_cortexa9_0/standalone_domain/bsp/system.mss
TRACE::2026-08-03.23:29:52::SCWPlatform::Trying to open the hw design at D:/Work/projects/zybo_z7_projects/DD_RF/vitis/RFsender_platform/tempdsa/topSystem.xsa
TRACE::2026-08-03.23:29:52::SCWPlatform::DSA given D:/Work/projects/zybo_z7_projects/DD_RF/vitis/RFsender_platform/tempdsa/topSystem.xsa
TRACE::2026-08-03.23:29:52::SCWPlatform::DSA absoulate path D:/Work/projects/zybo_z7_projects/DD_RF/vitis/RFsender_platform/tempdsa/topSystem.xsa
TRACE::2026-08-03.23:29:52::SCWPlatform::DSA directory D:/Work/projects/zybo_z7_projects/DD_RF/vitis/RFsender_platform/tempdsa
TRACE::2026-08-03.23:29:52::SCWPlatform:: Platform Path D:/Work/projects/zybo_z7_projects/DD_RF/vitis/RFsender_platform/tempdsa/topSystem.xsa
TRACE::2026-08-03.23:29:52::SCWPlatform:: Unique name xilinx:zybo-z7-10::0.0
TRACE::2026-08-03.23:29:52::SCWPlatform::update - Opened existing hwdb topSystem_0
TRACE::2026-08-03.23:29:52::SCWPlatform::Found the Hw Db part of the input DSA
TRACE::2026-08-03.23:29:52::SCWMssOS::Saving the mss changes D:/Work/projects/zybo_z7_projects/DD_RF/vitis/RFsender_platform/zynq_fsbl/zynq_fsbl_bsp/system.mss
TRACE::2026-08-03.23:29:52::SCWMssOS::Found a swdesign opened with the mssfile.
TRACE::2026-08-03.23:29:52::SCWMssOS::Completed writemss as part of save.
TRACE::2026-08-03.23:29:52::SCWMssOS::Commit changes completed.
TRACE::2026-08-03.23:29:52::SCWMssOS::Completed hw sync for the mss in domain: zynq_fsbl
TRACE::2026-08-03.23:29:52::SCWMssOS::Removing the swdes entry for  D:/Work/projects/zybo_z7_projects/DD_RF/vitis/RFsender_platform/zynq_fsbl/zynq_fsbl_bsp/system.mss
TRACE::2026-08-03.23:29:52::SCWMssOS::Saving the mss changes D:/Work/projects/zybo_z7_projects/DD_RF/vitis/RFsender_platform/ps7_cortexa9_0/standalone_domain/bsp/system.mss
TRACE::2026-08-03.23:29:52::SCWMssOS::Found a swdesign opened with the mssfile.
TRACE::2026-08-03.23:29:52::SCWMssOS::Completed writemss as part of save.
TRACE::2026-08-03.23:29:52::SCWMssOS::Commit changes completed.
TRACE::2026-08-03.23:29:52::SCWMssOS::Completed hw sync for the mss in domain: standalone_domain
TRACE::2026-08-03.23:29:52::SCWMssOS::Removing the swdes entry for  D:/Work/projects/zybo_z7_projects/DD_RF/vitis/RFsender_platform/ps7_cortexa9_0/standalone_domain/bsp/system.mss
TRACE::2026-08-03.23:29:52::SCWPlatform::Trying to open the hw design at D:/Work/projects/zybo_z7_projects/DD_RF/vitis/RFsender_platform/hw/topSystem.xsa
TRACE::2026-08-03.23:29:52::SCWPlatform::DSA given D:/Work/projects/zybo_z7_projects/DD_RF/vitis/RFsender_platform/hw/topSystem.xsa
TRACE::2026-08-03.23:29:52::SCWPlatform::DSA absoulate path D:/Work/projects/zybo_z7_projects/DD_RF/vitis/RFsender_platform/hw/topSystem.xsa
TRACE::2026-08-03.23:29:52::SCWPlatform::DSA directory D:/Work/projects/zybo_z7_projects/DD_RF/vitis/RFsender_platform/hw
TRACE::2026-08-03.23:29:52::SCWPlatform:: Platform Path D:/Work/projects/zybo_z7_projects/DD_RF/vitis/RFsender_platform/hw/topSystem.xsa
TRACE::2026-08-03.23:29:52::SCWPlatform:: Unique name xilinx:zybo-z7-10::0.0
TRACE::2026-08-03.23:29:52::SCWPlatform::Do not have an existing db opened. 
LOG::2026-08-03.23:30:08::SCWPlatform::Started generating the artifacts platform RFsender_platform
TRACE::2026-08-03.23:30:08::SCWPlatform::Sanity checking of platform is completed
LOG::2026-08-03.23:30:08::SCWPlatform::Started generating the artifacts for system configuration RFsender_platform
LOG::2026-08-03.23:30:08::SCWSystem::Checking the domain zynq_fsbl
LOG::2026-08-03.23:30:08::SCWSystem::Doing application build for :  zynq_fsbl
TRACE::2026-08-03.23:30:08::SCWBDomain::Not a forced makefile updation, No changes are present. 
TRACE::2026-08-03.23:30:08::SCWDomain::Skipping the build for domain :  zynq_fsbl
LOG::2026-08-03.23:30:08::SCWSystem::Checking the domain standalone_domain
LOG::2026-08-03.23:30:08::SCWSystem::Not a boot domain 
LOG::2026-08-03.23:30:08::SCWSystem::Started Processing the domain standalone_domain
TRACE::2026-08-03.23:30:08::SCWDomain::Generating domain artifcats
TRACE::2026-08-03.23:30:08::SCWMssOS::Generating standalone artifcats
TRACE::2026-08-03.23:30:08::SCWMssOS::Copying the qemu file from  D:/Work/projects/zybo_z7_projects/DD_RF/vitis/RFsender_platform/resources/RFsender_platform/standalone_domain/qemu_args.txt To D:/Work/projects/zybo_z7_projects/DD_RF/vitis/RFsender_platform/export/RFsender_platform/sw/RFsender_platform/qemu/
TRACE::2026-08-03.23:30:08::SCWMssOS::Copying the qemu file from  D:/Work/projects/zybo_z7_projects/DD_RF/vitis/RFsender_platform/resources/RFsender_platform/standalone_domain/qemu_args.txt To D:/Work/projects/zybo_z7_projects/DD_RF/vitis/RFsender_platform/export/RFsender_platform/sw/RFsender_platform/standalone_domain/qemu/
TRACE::2026-08-03.23:30:08::SCWMssOS:: Copying the user libraries. 
TRACE::2026-08-03.23:30:08::SCWPlatform::Trying to open the hw design at D:/Work/projects/zybo_z7_projects/DD_RF/vitis/RFsender_platform/hw/topSystem.xsa
TRACE::2026-08-03.23:30:08::SCWPlatform::DSA given D:/Work/projects/zybo_z7_projects/DD_RF/vitis/RFsender_platform/hw/topSystem.xsa
TRACE::2026-08-03.23:30:08::SCWPlatform::DSA absoulate path D:/Work/projects/zybo_z7_projects/DD_RF/vitis/RFsender_platform/hw/topSystem.xsa
TRACE::2026-08-03.23:30:08::SCWPlatform::DSA directory D:/Work/projects/zybo_z7_projects/DD_RF/vitis/RFsender_platform/hw
TRACE::2026-08-03.23:30:08::SCWPlatform:: Platform Path D:/Work/projects/zybo_z7_projects/DD_RF/vitis/RFsender_platform/hw/topSystem.xsa
TRACE::2026-08-03.23:30:08::SCWPlatform:: Unique name xilinx:zybo-z7-10::0.0
TRACE::2026-08-03.23:30:08::SCWPlatform::Trying to set the existing hwdb with name topSystem
TRACE::2026-08-03.23:30:08::SCWPlatform::Could not get the HWDB from existing dbname
TRACE::2026-08-03.23:30:08::SCWPlatform::Do not have an existing db opened. Attempting to open the hwDb. 
TRACE::2026-08-03.23:30:08::SCWPlatform::Opened new HwDB with name topSystem
TRACE::2026-08-03.23:30:08::SCWPlatform::ProcVector is empty 
TRACE::2026-08-03.23:30:08::SCWMssOS::Checking the sw design at  D:/Work/projects/zybo_z7_projects/DD_RF/vitis/RFsender_platform/ps7_cortexa9_0/standalone_domain/bsp/system.mss
TRACE::2026-08-03.23:30:08::SCWMssOS::DEBUG:  swdes dump  
TRACE::2026-08-03.23:30:08::SCWMssOS::No sw design opened at  D:/Work/projects/zybo_z7_projects/DD_RF/vitis/RFsender_platform/ps7_cortexa9_0/standalone_domain/bsp/system.mss
TRACE::2026-08-03.23:30:08::SCWMssOS::mss exists loading the mss file  D:/Work/projects/zybo_z7_projects/DD_RF/vitis/RFsender_platform/ps7_cortexa9_0/standalone_domain/bsp/system.mss
ERROR::2026-08-03.23:30:08::SCWMssOS::Could not open the sw design at  D:/Work/projects/zybo_z7_projects/DD_RF/vitis/RFsender_platform/ps7_cortexa9_0/standalone_domain/bsp/system.mss . Please check the repository.
TRACE::2026-08-03.23:30:08::SCWMssOS::Completed writing the mss file at D:/Work/projects/zybo_z7_projects/DD_RF/vitis/RFsender_platform/ps7_cortexa9_0/standalone_domain/bsp
TRACE::2026-08-03.23:30:08::SCWMssOS::Mss edits present, copying mssfile into export location D:/Work/projects/zybo_z7_projects/DD_RF/vitis/RFsender_platform/ps7_cortexa9_0/standalone_domain/bsp/system.mss
TRACE::2026-08-03.23:30:09::SCWMssOS::bsp generated is stale removing and regenerating. 
ERROR::2026-08-03.23:30:09::SCWMssOS::Failed to generate the bsp sources for domain.standalone_domain

Details: ERROR: [Hsi 55-1460] Hardware Design topSystem is not found

ERROR: [Hsi 55-1593] Current Hardware Design is not set.

ERROR: [Hsi 55-1593] Current Hardware Design is not set.

ERROR: [Hsi 55-1509] No active hardware design exist. set a hardware design first.

ERROR: [Hsi 55-1460] Hardware Design topSystem is not found

ERROR: [Hsi 55-1460] Hardware Design topSystem is not found

ERROR: [Hsi 55-1593] Current Hardware Design is not set.

ERROR: [Hsi 55-1593] Current Hardware Design is not set.

ERROR: [Hsi 55-1593] Current Hardware Design is not set.

ERROR: [Hsi 55-1497] No Active Hardware Design Present

ERROR: [Hsi 55-1592] Current Software Design is not set

ERROR::2026-08-03.23:30:09::SCWSystem::Error in Processing the domain standalone_domain
TRACE::2026-08-03.23:30:13::SCWPlatform::Clearing the existing platform
TRACE::2026-08-03.23:30:13::SCWSystem::Clearing the existing sysconfig
TRACE::2026-08-03.23:30:13::SCWBDomain::clearing the fsbl build
TRACE::2026-08-03.23:30:13::SCWSystem::Clearing the domains completed.
TRACE::2026-08-03.23:30:13::SCWPlatform::Clearing the opened hw db.
TRACE::2026-08-03.23:30:13::SCWPlatform::DSA given D:/Work/projects/zybo_z7_projects/DD_RF/vitis/RFsender_platform/hw/topSystem.xsa
TRACE::2026-08-03.23:30:13::SCWPlatform::DSA absoulate path D:/Work/projects/zybo_z7_projects/DD_RF/vitis/RFsender_platform/hw/topSystem.xsa
TRACE::2026-08-03.23:30:13::SCWPlatform:: Platform location is D:/Work/projects/zybo_z7_projects/DD_RF/vitis/RFsender_platform/hw
TRACE::2026-08-03.23:30:13::SCWPlatform:: Platform Path D:/Work/projects/zybo_z7_projects/DD_RF/vitis/RFsender_platform/hw/topSystem.xsa
TRACE::2026-08-03.23:30:13::SCWPlatform:: Unique name xilinx:zybo-z7-10::0.0
TRACE::2026-08-03.23:30:13::SCWPlatform::Trying to open the hw design at D:/Work/projects/zybo_z7_projects/DD_RF/vitis/RFsender_platform/hw/topSystem.xsa
TRACE::2026-08-03.23:30:13::SCWPlatform::DSA given D:/Work/projects/zybo_z7_projects/DD_RF/vitis/RFsender_platform/hw/topSystem.xsa
TRACE::2026-08-03.23:30:13::SCWPlatform::DSA absoulate path D:/Work/projects/zybo_z7_projects/DD_RF/vitis/RFsender_platform/hw/topSystem.xsa
TRACE::2026-08-03.23:30:13::SCWPlatform::DSA directory D:/Work/projects/zybo_z7_projects/DD_RF/vitis/RFsender_platform/hw
TRACE::2026-08-03.23:30:13::SCWPlatform:: Platform Path D:/Work/projects/zybo_z7_projects/DD_RF/vitis/RFsender_platform/hw/topSystem.xsa
TRACE::2026-08-03.23:30:13::SCWPlatform:: Unique name xilinx:zybo-z7-10::0.0
TRACE::2026-08-03.23:30:13::SCWPlatform::Do not have an existing db opened. 
TRACE::2026-08-03.23:30:15::SCWPlatform::Opened new HwDB with name topSystem_1
TRACE::2026-08-03.23:30:15::SCWReader::Active system found as  RFsender_platform
TRACE::2026-08-03.23:30:15::SCWReader::Handling sysconfig RFsender_platform
TRACE::2026-08-03.23:30:15::SCWDomain::checking for install qemu data   : 
TRACE::2026-08-03.23:30:15::SCWDomain:: Using the QEMU Data from install at  : D:/Applications/Xilinx/Vitis/2024.2/data/emulation/platforms/zynq/sw/a9_standalone/qemu/
TRACE::2026-08-03.23:30:15::SCWDomain:: Using the QEMU args  from install at  : D:/Applications/Xilinx/Vitis/2024.2/data/emulation/platforms/zynq/sw/a9_standalone/qemu/qemu_args.txt
TRACE::2026-08-03.23:30:15::SCWPlatform::Trying to open the hw design at D:/Work/projects/zybo_z7_projects/DD_RF/vitis/RFsender_platform/hw/topSystem.xsa
TRACE::2026-08-03.23:30:15::SCWPlatform::DSA given D:/Work/projects/zybo_z7_projects/DD_RF/vitis/RFsender_platform/hw/topSystem.xsa
TRACE::2026-08-03.23:30:15::SCWPlatform::DSA absoulate path D:/Work/projects/zybo_z7_projects/DD_RF/vitis/RFsender_platform/hw/topSystem.xsa
TRACE::2026-08-03.23:30:15::SCWPlatform::DSA directory D:/Work/projects/zybo_z7_projects/DD_RF/vitis/RFsender_platform/hw
TRACE::2026-08-03.23:30:15::SCWPlatform:: Platform Path D:/Work/projects/zybo_z7_projects/DD_RF/vitis/RFsender_platform/hw/topSystem.xsa
TRACE::2026-08-03.23:30:15::SCWPlatform:: Unique name xilinx:zybo-z7-10::0.0
TRACE::2026-08-03.23:30:15::SCWPlatform::Trying to set the existing hwdb with name topSystem_1
TRACE::2026-08-03.23:30:15::SCWPlatform::Opened existing hwdb topSystem_1
TRACE::2026-08-03.23:30:15::SCWPlatform::Found the Hw Db part of the input DSA
TRACE::2026-08-03.23:30:15::SCWPlatform::Trying to open the hw design at D:/Work/projects/zybo_z7_projects/DD_RF/vitis/RFsender_platform/hw/topSystem.xsa
TRACE::2026-08-03.23:30:15::SCWPlatform::DSA given D:/Work/projects/zybo_z7_projects/DD_RF/vitis/RFsender_platform/hw/topSystem.xsa
TRACE::2026-08-03.23:30:15::SCWPlatform::DSA absoulate path D:/Work/projects/zybo_z7_projects/DD_RF/vitis/RFsender_platform/hw/topSystem.xsa
TRACE::2026-08-03.23:30:15::SCWPlatform::DSA directory D:/Work/projects/zybo_z7_projects/DD_RF/vitis/RFsender_platform/hw
TRACE::2026-08-03.23:30:15::SCWPlatform:: Platform Path D:/Work/projects/zybo_z7_projects/DD_RF/vitis/RFsender_platform/hw/topSystem.xsa
TRACE::2026-08-03.23:30:15::SCWPlatform:: Unique name xilinx:zybo-z7-10::0.0
TRACE::2026-08-03.23:30:15::SCWPlatform::Trying to set the existing hwdb with name topSystem_1
TRACE::2026-08-03.23:30:15::SCWPlatform::Opened existing hwdb topSystem_1
TRACE::2026-08-03.23:30:15::SCWPlatform::Found the Hw Db part of the input DSA
TRACE::2026-08-03.23:30:15::SCWPlatform::Trying to open the hw design at D:/Work/projects/zybo_z7_projects/DD_RF/vitis/RFsender_platform/hw/topSystem.xsa
TRACE::2026-08-03.23:30:15::SCWPlatform::DSA given D:/Work/projects/zybo_z7_projects/DD_RF/vitis/RFsender_platform/hw/topSystem.xsa
TRACE::2026-08-03.23:30:15::SCWPlatform::DSA absoulate path D:/Work/projects/zybo_z7_projects/DD_RF/vitis/RFsender_platform/hw/topSystem.xsa
TRACE::2026-08-03.23:30:15::SCWPlatform::DSA directory D:/Work/projects/zybo_z7_projects/DD_RF/vitis/RFsender_platform/hw
TRACE::2026-08-03.23:30:15::SCWPlatform:: Platform Path D:/Work/projects/zybo_z7_projects/DD_RF/vitis/RFsender_platform/hw/topSystem.xsa
TRACE::2026-08-03.23:30:15::SCWPlatform:: Unique name xilinx:zybo-z7-10::0.0
TRACE::2026-08-03.23:30:15::SCWPlatform::Trying to set the existing hwdb with name topSystem_1
TRACE::2026-08-03.23:30:15::SCWPlatform::Opened existing hwdb topSystem_1
TRACE::2026-08-03.23:30:15::SCWPlatform::Found the Hw Db part of the input DSA
TRACE::2026-08-03.23:30:15::SCWReader::Boot application domain added for zynq_fsbl
TRACE::2026-08-03.23:30:15::SCWPlatform::Trying to open the hw design at D:/Work/projects/zybo_z7_projects/DD_RF/vitis/RFsender_platform/hw/topSystem.xsa
TRACE::2026-08-03.23:30:15::SCWPlatform::DSA given D:/Work/projects/zybo_z7_projects/DD_RF/vitis/RFsender_platform/hw/topSystem.xsa
TRACE::2026-08-03.23:30:15::SCWPlatform::DSA absoulate path D:/Work/projects/zybo_z7_projects/DD_RF/vitis/RFsender_platform/hw/topSystem.xsa
TRACE::2026-08-03.23:30:15::SCWPlatform::DSA directory D:/Work/projects/zybo_z7_projects/DD_RF/vitis/RFsender_platform/hw
TRACE::2026-08-03.23:30:15::SCWPlatform:: Platform Path D:/Work/projects/zybo_z7_projects/DD_RF/vitis/RFsender_platform/hw/topSystem.xsa
TRACE::2026-08-03.23:30:15::SCWPlatform:: Unique name xilinx:zybo-z7-10::0.0
TRACE::2026-08-03.23:30:15::SCWPlatform::Trying to set the existing hwdb with name topSystem_1
TRACE::2026-08-03.23:30:15::SCWPlatform::Opened existing hwdb topSystem_1
TRACE::2026-08-03.23:30:15::SCWPlatform::Found the Hw Db part of the input DSA
TRACE::2026-08-03.23:30:15::SCWMssOS::Checking the sw design at  D:/Work/projects/zybo_z7_projects/DD_RF/vitis/RFsender_platform/zynq_fsbl/zynq_fsbl_bsp/system.mss
TRACE::2026-08-03.23:30:15::SCWMssOS::DEBUG:  swdes dump  
TRACE::2026-08-03.23:30:15::SCWMssOS::No sw design opened at  D:/Work/projects/zybo_z7_projects/DD_RF/vitis/RFsender_platform/zynq_fsbl/zynq_fsbl_bsp/system.mss
TRACE::2026-08-03.23:30:15::SCWMssOS::mss exists loading the mss file  D:/Work/projects/zybo_z7_projects/DD_RF/vitis/RFsender_platform/zynq_fsbl/zynq_fsbl_bsp/system.mss
TRACE::2026-08-03.23:30:15::SCWMssOS::Opened the sw design from mss  D:/Work/projects/zybo_z7_projects/DD_RF/vitis/RFsender_platform/zynq_fsbl/zynq_fsbl_bsp/system.mss
TRACE::2026-08-03.23:30:15::SCWMssOS::Adding the swdes entry D:/Work/projects/zybo_z7_projects/DD_RF/vitis/RFsender_platform/zynq_fsbl/zynq_fsbl_bsp/system.mss with des name system
TRACE::2026-08-03.23:30:15::SCWMssOS::updating the scw layer about changes
TRACE::2026-08-03.23:30:15::SCWMssOS::Opened the sw design.  D:/Work/projects/zybo_z7_projects/DD_RF/vitis/RFsender_platform/zynq_fsbl/zynq_fsbl_bsp/system.mss
TRACE::2026-08-03.23:30:15::SCWPlatform::Trying to open the hw design at D:/Work/projects/zybo_z7_projects/DD_RF/vitis/RFsender_platform/hw/topSystem.xsa
TRACE::2026-08-03.23:30:15::SCWPlatform::DSA given D:/Work/projects/zybo_z7_projects/DD_RF/vitis/RFsender_platform/hw/topSystem.xsa
TRACE::2026-08-03.23:30:15::SCWPlatform::DSA absoulate path D:/Work/projects/zybo_z7_projects/DD_RF/vitis/RFsender_platform/hw/topSystem.xsa
TRACE::2026-08-03.23:30:15::SCWPlatform::DSA directory D:/Work/projects/zybo_z7_projects/DD_RF/vitis/RFsender_platform/hw
TRACE::2026-08-03.23:30:15::SCWPlatform:: Platform Path D:/Work/projects/zybo_z7_projects/DD_RF/vitis/RFsender_platform/hw/topSystem.xsa
TRACE::2026-08-03.23:30:15::SCWPlatform:: Unique name xilinx:zybo-z7-10::0.0
TRACE::2026-08-03.23:30:15::SCWPlatform::Trying to set the existing hwdb with name topSystem_1
TRACE::2026-08-03.23:30:15::SCWPlatform::Opened existing hwdb topSystem_1
TRACE::2026-08-03.23:30:15::SCWPlatform::Found the Hw Db part of the input DSA
TRACE::2026-08-03.23:30:15::SCWMssOS::Checking the sw design at  D:/Work/projects/zybo_z7_projects/DD_RF/vitis/RFsender_platform/zynq_fsbl/zynq_fsbl_bsp/system.mss
TRACE::2026-08-03.23:30:15::SCWMssOS::DEBUG:  swdes dump  D:/Work/projects/zybo_z7_projects/DD_RF/vitis/RFsender_platform/zynq_fsbl/zynq_fsbl_bsp/system.mss|system||

TRACE::2026-08-03.23:30:15::SCWMssOS::Sw design exists and opened at  D:/Work/projects/zybo_z7_projects/DD_RF/vitis/RFsender_platform/zynq_fsbl/zynq_fsbl_bsp/system.mss
TRACE::2026-08-03.23:30:15::SCWMssOS:: library already available in sw design:  xilffs:5.3
TRACE::2026-08-03.23:30:15::SCWPlatform::Trying to open the hw design at D:/Work/projects/zybo_z7_projects/DD_RF/vitis/RFsender_platform/hw/topSystem.xsa
TRACE::2026-08-03.23:30:15::SCWPlatform::DSA given D:/Work/projects/zybo_z7_projects/DD_RF/vitis/RFsender_platform/hw/topSystem.xsa
TRACE::2026-08-03.23:30:15::SCWPlatform::DSA absoulate path D:/Work/projects/zybo_z7_projects/DD_RF/vitis/RFsender_platform/hw/topSystem.xsa
TRACE::2026-08-03.23:30:15::SCWPlatform::DSA directory D:/Work/projects/zybo_z7_projects/DD_RF/vitis/RFsender_platform/hw
TRACE::2026-08-03.23:30:15::SCWPlatform:: Platform Path D:/Work/projects/zybo_z7_projects/DD_RF/vitis/RFsender_platform/hw/topSystem.xsa
TRACE::2026-08-03.23:30:15::SCWPlatform:: Unique name xilinx:zybo-z7-10::0.0
TRACE::2026-08-03.23:30:15::SCWPlatform::Trying to set the existing hwdb with name topSystem_1
TRACE::2026-08-03.23:30:15::SCWPlatform::Opened existing hwdb topSystem_1
TRACE::2026-08-03.23:30:15::SCWPlatform::Found the Hw Db part of the input DSA
TRACE::2026-08-03.23:30:15::SCWMssOS::Checking the sw design at  D:/Work/projects/zybo_z7_projects/DD_RF/vitis/RFsender_platform/zynq_fsbl/zynq_fsbl_bsp/system.mss
TRACE::2026-08-03.23:30:15::SCWMssOS::DEBUG:  swdes dump  D:/Work/projects/zybo_z7_projects/DD_RF/vitis/RFsender_platform/zynq_fsbl/zynq_fsbl_bsp/system.mss|system||

TRACE::2026-08-03.23:30:15::SCWMssOS::Sw design exists and opened at  D:/Work/projects/zybo_z7_projects/DD_RF/vitis/RFsender_platform/zynq_fsbl/zynq_fsbl_bsp/system.mss
TRACE::2026-08-03.23:30:15::SCWMssOS:: library already available in sw design:  xilrsa:1.8
TRACE::2026-08-03.23:30:15::SCWMssOS::Saving the mss changes D:/Work/projects/zybo_z7_projects/DD_RF/vitis/RFsender_platform/zynq_fsbl/zynq_fsbl_bsp/system.mss
TRACE::2026-08-03.23:30:15::SCWMssOS::Found a swdesign opened with the mssfile.
TRACE::2026-08-03.23:30:15::SCWMssOS::Completed writemss as part of save.
TRACE::2026-08-03.23:30:15::SCWMssOS::Commit changes completed.
TRACE::2026-08-03.23:30:15::SCWReader::Adding prebuilt librarypaths as   
TRACE::2026-08-03.23:30:15::SCWReader::Adding prebuilt incpaths  as   
TRACE::2026-08-03.23:30:15::SCWPlatform::Trying to open the hw design at D:/Work/projects/zybo_z7_projects/DD_RF/vitis/RFsender_platform/hw/topSystem.xsa
TRACE::2026-08-03.23:30:15::SCWPlatform::DSA given D:/Work/projects/zybo_z7_projects/DD_RF/vitis/RFsender_platform/hw/topSystem.xsa
TRACE::2026-08-03.23:30:15::SCWPlatform::DSA absoulate path D:/Work/projects/zybo_z7_projects/DD_RF/vitis/RFsender_platform/hw/topSystem.xsa
TRACE::2026-08-03.23:30:15::SCWPlatform::DSA directory D:/Work/projects/zybo_z7_projects/DD_RF/vitis/RFsender_platform/hw
TRACE::2026-08-03.23:30:15::SCWPlatform:: Platform Path D:/Work/projects/zybo_z7_projects/DD_RF/vitis/RFsender_platform/hw/topSystem.xsa
TRACE::2026-08-03.23:30:15::SCWPlatform:: Unique name xilinx:zybo-z7-10::0.0
TRACE::2026-08-03.23:30:15::SCWPlatform::Trying to set the existing hwdb with name topSystem_1
TRACE::2026-08-03.23:30:15::SCWPlatform::Opened existing hwdb topSystem_1
TRACE::2026-08-03.23:30:15::SCWPlatform::Found the Hw Db part of the input DSA
TRACE::2026-08-03.23:30:15::SCWMssOS::Checking the sw design at  D:/Work/projects/zybo_z7_projects/DD_RF/vitis/RFsender_platform/zynq_fsbl/zynq_fsbl_bsp/system.mss
TRACE::2026-08-03.23:30:15::SCWMssOS::DEBUG:  swdes dump  D:/Work/projects/zybo_z7_projects/DD_RF/vitis/RFsender_platform/zynq_fsbl/zynq_fsbl_bsp/system.mss|system||

TRACE::2026-08-03.23:30:15::SCWMssOS::Sw design exists and opened at  D:/Work/projects/zybo_z7_projects/DD_RF/vitis/RFsender_platform/zynq_fsbl/zynq_fsbl_bsp/system.mss
TRACE::2026-08-03.23:30:15::SCWReader::No isolation master present  
TRACE::2026-08-03.23:30:15::SCWDomain::checking for install qemu data   : 
TRACE::2026-08-03.23:30:15::SCWDomain:: Using the QEMU Data from install at  : D:/Applications/Xilinx/Vitis/2024.2/data/emulation/platforms/zynq/sw/a9_standalone/qemu/
TRACE::2026-08-03.23:30:15::SCWDomain:: Using the QEMU args  from install at  : D:/Applications/Xilinx/Vitis/2024.2/data/emulation/platforms/zynq/sw/a9_standalone/qemu/qemu_args.txt
TRACE::2026-08-03.23:30:15::SCWPlatform::Trying to open the hw design at D:/Work/projects/zybo_z7_projects/DD_RF/vitis/RFsender_platform/hw/topSystem.xsa
TRACE::2026-08-03.23:30:15::SCWPlatform::DSA given D:/Work/projects/zybo_z7_projects/DD_RF/vitis/RFsender_platform/hw/topSystem.xsa
TRACE::2026-08-03.23:30:15::SCWPlatform::DSA absoulate path D:/Work/projects/zybo_z7_projects/DD_RF/vitis/RFsender_platform/hw/topSystem.xsa
TRACE::2026-08-03.23:30:15::SCWPlatform::DSA directory D:/Work/projects/zybo_z7_projects/DD_RF/vitis/RFsender_platform/hw
TRACE::2026-08-03.23:30:15::SCWPlatform:: Platform Path D:/Work/projects/zybo_z7_projects/DD_RF/vitis/RFsender_platform/hw/topSystem.xsa
TRACE::2026-08-03.23:30:15::SCWPlatform:: Unique name xilinx:zybo-z7-10::0.0
TRACE::2026-08-03.23:30:15::SCWPlatform::Trying to set the existing hwdb with name topSystem_1
TRACE::2026-08-03.23:30:15::SCWPlatform::Opened existing hwdb topSystem_1
TRACE::2026-08-03.23:30:15::SCWPlatform::Found the Hw Db part of the input DSA
TRACE::2026-08-03.23:30:15::SCWPlatform::Trying to open the hw design at D:/Work/projects/zybo_z7_projects/DD_RF/vitis/RFsender_platform/hw/topSystem.xsa
TRACE::2026-08-03.23:30:15::SCWPlatform::DSA given D:/Work/projects/zybo_z7_projects/DD_RF/vitis/RFsender_platform/hw/topSystem.xsa
TRACE::2026-08-03.23:30:15::SCWPlatform::DSA absoulate path D:/Work/projects/zybo_z7_projects/DD_RF/vitis/RFsender_platform/hw/topSystem.xsa
TRACE::2026-08-03.23:30:15::SCWPlatform::DSA directory D:/Work/projects/zybo_z7_projects/DD_RF/vitis/RFsender_platform/hw
TRACE::2026-08-03.23:30:15::SCWPlatform:: Platform Path D:/Work/projects/zybo_z7_projects/DD_RF/vitis/RFsender_platform/hw/topSystem.xsa
TRACE::2026-08-03.23:30:15::SCWPlatform:: Unique name xilinx:zybo-z7-10::0.0
TRACE::2026-08-03.23:30:15::SCWPlatform::Trying to set the existing hwdb with name topSystem_1
TRACE::2026-08-03.23:30:15::SCWPlatform::Opened existing hwdb topSystem_1
TRACE::2026-08-03.23:30:15::SCWPlatform::Found the Hw Db part of the input DSA
TRACE::2026-08-03.23:30:15::SCWPlatform::Trying to open the hw design at D:/Work/projects/zybo_z7_projects/DD_RF/vitis/RFsender_platform/hw/topSystem.xsa
TRACE::2026-08-03.23:30:15::SCWPlatform::DSA given D:/Work/projects/zybo_z7_projects/DD_RF/vitis/RFsender_platform/hw/topSystem.xsa
TRACE::2026-08-03.23:30:15::SCWPlatform::DSA absoulate path D:/Work/projects/zybo_z7_projects/DD_RF/vitis/RFsender_platform/hw/topSystem.xsa
TRACE::2026-08-03.23:30:15::SCWPlatform::DSA directory D:/Work/projects/zybo_z7_projects/DD_RF/vitis/RFsender_platform/hw
TRACE::2026-08-03.23:30:15::SCWPlatform:: Platform Path D:/Work/projects/zybo_z7_projects/DD_RF/vitis/RFsender_platform/hw/topSystem.xsa
TRACE::2026-08-03.23:30:15::SCWPlatform:: Unique name xilinx:zybo-z7-10::0.0
TRACE::2026-08-03.23:30:15::SCWPlatform::Trying to set the existing hwdb with name topSystem_1
TRACE::2026-08-03.23:30:15::SCWPlatform::Opened existing hwdb topSystem_1
TRACE::2026-08-03.23:30:15::SCWPlatform::Found the Hw Db part of the input DSA
TRACE::2026-08-03.23:30:15::SCWMssOS::Checking the sw design at  D:/Work/projects/zybo_z7_projects/DD_RF/vitis/RFsender_platform/ps7_cortexa9_0/standalone_domain/bsp/system.mss
TRACE::2026-08-03.23:30:15::SCWMssOS::DEBUG:  swdes dump  D:/Work/projects/zybo_z7_projects/DD_RF/vitis/RFsender_platform/zynq_fsbl/zynq_fsbl_bsp/system.mss|system||

TRACE::2026-08-03.23:30:15::SCWMssOS::No sw design opened at  D:/Work/projects/zybo_z7_projects/DD_RF/vitis/RFsender_platform/ps7_cortexa9_0/standalone_domain/bsp/system.mss
TRACE::2026-08-03.23:30:15::SCWMssOS::mss does not exists at D:/Work/projects/zybo_z7_projects/DD_RF/vitis/RFsender_platform/ps7_cortexa9_0/standalone_domain/bsp/system.mss
TRACE::2026-08-03.23:30:15::SCWMssOS::Creating sw design at  D:/Work/projects/zybo_z7_projects/DD_RF/vitis/RFsender_platform/ps7_cortexa9_0/standalone_domain/bsp/system.mss
TRACE::2026-08-03.23:30:15::SCWMssOS::Adding the swdes entry, created swdb D:/Work/projects/zybo_z7_projects/DD_RF/vitis/RFsender_platform/ps7_cortexa9_0/standalone_domain/bsp/system.mss with des name D:/Work/projects/zybo_z7_projects/DD_RF/vitis/RFsender_platform/ps7_cortexa9_0/standalone_domain/bsp/system.mss
TRACE::2026-08-03.23:30:15::SCWMssOS::updating the scw layer changes to swdes at   D:/Work/projects/zybo_z7_projects/DD_RF/vitis/RFsender_platform/ps7_cortexa9_0/standalone_domain/bsp/system.mss
TRACE::2026-08-03.23:30:15::SCWMssOS::Writing mss at D:/Work/projects/zybo_z7_projects/DD_RF/vitis/RFsender_platform/ps7_cortexa9_0/standalone_domain/bsp/system.mss
TRACE::2026-08-03.23:30:15::SCWMssOS::Completed writing the mss file at D:/Work/projects/zybo_z7_projects/DD_RF/vitis/RFsender_platform/ps7_cortexa9_0/standalone_domain/bsp
TRACE::2026-08-03.23:30:15::SCWMssOS::Picking up changes from newly written mss file into SCW Layer. 
TRACE::2026-08-03.23:30:15::SCWMssOS::Updated the changes from newly written mss file into SCW Layer. 
TRACE::2026-08-03.23:30:15::SCWPlatform::Trying to open the hw design at D:/Work/projects/zybo_z7_projects/DD_RF/vitis/RFsender_platform/hw/topSystem.xsa
TRACE::2026-08-03.23:30:15::SCWPlatform::DSA given D:/Work/projects/zybo_z7_projects/DD_RF/vitis/RFsender_platform/hw/topSystem.xsa
TRACE::2026-08-03.23:30:15::SCWPlatform::DSA absoulate path D:/Work/projects/zybo_z7_projects/DD_RF/vitis/RFsender_platform/hw/topSystem.xsa
TRACE::2026-08-03.23:30:15::SCWPlatform::DSA directory D:/Work/projects/zybo_z7_projects/DD_RF/vitis/RFsender_platform/hw
TRACE::2026-08-03.23:30:15::SCWPlatform:: Platform Path D:/Work/projects/zybo_z7_projects/DD_RF/vitis/RFsender_platform/hw/topSystem.xsa
TRACE::2026-08-03.23:30:15::SCWPlatform:: Unique name xilinx:zybo-z7-10::0.0
TRACE::2026-08-03.23:30:15::SCWPlatform::Trying to set the existing hwdb with name topSystem_1
TRACE::2026-08-03.23:30:15::SCWPlatform::Opened existing hwdb topSystem_1
TRACE::2026-08-03.23:30:15::SCWPlatform::Found the Hw Db part of the input DSA
TRACE::2026-08-03.23:30:15::SCWMssOS::Checking the sw design at  D:/Work/projects/zybo_z7_projects/DD_RF/vitis/RFsender_platform/ps7_cortexa9_0/standalone_domain/bsp/system.mss
TRACE::2026-08-03.23:30:15::SCWMssOS::DEBUG:  swdes dump  D:/Work/projects/zybo_z7_projects/DD_RF/vitis/RFsender_platform/ps7_cortexa9_0/standalone_domain/bsp/system.mss|D:/Work/projects/zybo_z7_projects/DD_RF/vitis/RFsender_platform/ps7_cortexa9_0/standalone_domain/bsp/system.mss||
D:/Work/projects/zybo_z7_projects/DD_RF/vitis/RFsender_platform/zynq_fsbl/zynq_fsbl_bsp/system.mss|system||

TRACE::2026-08-03.23:30:15::SCWMssOS::Sw design exists and opened at  D:/Work/projects/zybo_z7_projects/DD_RF/vitis/RFsender_platform/ps7_cortexa9_0/standalone_domain/bsp/system.mss
TRACE::2026-08-03.23:30:15::SCWMssOS::Adding Library:  xilffs:5.3
TRACE::2026-08-03.23:30:15::SCWMssOS::Added Library:  xilffs
TRACE::2026-08-03.23:30:15::SCWMssOS::Saving the mss changes D:/Work/projects/zybo_z7_projects/DD_RF/vitis/RFsender_platform/ps7_cortexa9_0/standalone_domain/bsp/system.mss
TRACE::2026-08-03.23:30:15::SCWMssOS::Found a swdesign opened with the mssfile.
TRACE::2026-08-03.23:30:15::SCWMssOS::Completed writemss as part of save.
TRACE::2026-08-03.23:30:15::SCWMssOS::Commit changes completed.
TRACE::2026-08-03.23:30:15::SCWReader::Adding prebuilt librarypaths as   
TRACE::2026-08-03.23:30:15::SCWReader::Adding prebuilt incpaths  as   
TRACE::2026-08-03.23:30:15::SCWPlatform::Trying to open the hw design at D:/Work/projects/zybo_z7_projects/DD_RF/vitis/RFsender_platform/hw/topSystem.xsa
TRACE::2026-08-03.23:30:15::SCWPlatform::DSA given D:/Work/projects/zybo_z7_projects/DD_RF/vitis/RFsender_platform/hw/topSystem.xsa
TRACE::2026-08-03.23:30:15::SCWPlatform::DSA absoulate path D:/Work/projects/zybo_z7_projects/DD_RF/vitis/RFsender_platform/hw/topSystem.xsa
TRACE::2026-08-03.23:30:15::SCWPlatform::DSA directory D:/Work/projects/zybo_z7_projects/DD_RF/vitis/RFsender_platform/hw
TRACE::2026-08-03.23:30:15::SCWPlatform:: Platform Path D:/Work/projects/zybo_z7_projects/DD_RF/vitis/RFsender_platform/hw/topSystem.xsa
TRACE::2026-08-03.23:30:15::SCWPlatform:: Unique name xilinx:zybo-z7-10::0.0
TRACE::2026-08-03.23:30:15::SCWPlatform::Trying to set the existing hwdb with name topSystem_1
TRACE::2026-08-03.23:30:15::SCWPlatform::Opened existing hwdb topSystem_1
TRACE::2026-08-03.23:30:15::SCWPlatform::Found the Hw Db part of the input DSA
TRACE::2026-08-03.23:30:15::SCWMssOS::Checking the sw design at  D:/Work/projects/zybo_z7_projects/DD_RF/vitis/RFsender_platform/ps7_cortexa9_0/standalone_domain/bsp/system.mss
TRACE::2026-08-03.23:30:15::SCWMssOS::DEBUG:  swdes dump  D:/Work/projects/zybo_z7_projects/DD_RF/vitis/RFsender_platform/ps7_cortexa9_0/standalone_domain/bsp/system.mss|D:/Work/projects/zybo_z7_projects/DD_RF/vitis/RFsender_platform/ps7_cortexa9_0/standalone_domain/bsp/system.mss||
D:/Work/projects/zybo_z7_projects/DD_RF/vitis/RFsender_platform/zynq_fsbl/zynq_fsbl_bsp/system.mss|system||

TRACE::2026-08-03.23:30:15::SCWMssOS::Sw design exists and opened at  D:/Work/projects/zybo_z7_projects/DD_RF/vitis/RFsender_platform/ps7_cortexa9_0/standalone_domain/bsp/system.mss
TRACE::2026-08-03.23:30:15::SCWReader::No isolation master present  
TRACE::2026-08-03.23:30:22::SCWPlatform::DSA given D:/Work/projects/zybo_z7_projects/DD_RF/vitis/RFsender_platform/tempdsa/topSystem.xsa
TRACE::2026-08-03.23:30:22::SCWPlatform::DSA absoulate path D:/Work/projects/zybo_z7_projects/DD_RF/vitis/RFsender_platform/tempdsa/topSystem.xsa
TRACE::2026-08-03.23:30:22::SCWPlatform:: Platform location is D:/Work/projects/zybo_z7_projects/DD_RF/vitis/RFsender_platform/tempdsa
TRACE::2026-08-03.23:30:22::SCWPlatform:: Platform Path D:/Work/projects/zybo_z7_projects/DD_RF/vitis/RFsender_platform/tempdsa/topSystem.xsa
TRACE::2026-08-03.23:30:22::SCWPlatform:: Unique name xilinx:zybo-z7-10::0.0
ERROR::2026-08-03.23:30:22::SCWPlatform::Error: Hw specification provided does not have the HwDb, please check: D:/Work/projects/zybo_z7_projects/DD_RF/vivado/project_1/topSystem.xsa
TRACE::2026-08-03.23:33:26::SCWPlatform::Clearing the existing platform
TRACE::2026-08-03.23:33:26::SCWSystem::Clearing the existing sysconfig
TRACE::2026-08-03.23:33:26::SCWBDomain::clearing the fsbl build
TRACE::2026-08-03.23:33:26::SCWMssOS::Removing the swdes entry for  D:/Work/projects/zybo_z7_projects/DD_RF/vitis/RFsender_platform/zynq_fsbl/zynq_fsbl_bsp/system.mss
TRACE::2026-08-03.23:33:26::SCWMssOS::Removing the swdes entry for  D:/Work/projects/zybo_z7_projects/DD_RF/vitis/RFsender_platform/ps7_cortexa9_0/standalone_domain/bsp/system.mss
TRACE::2026-08-03.23:33:26::SCWSystem::Clearing the domains completed.
TRACE::2026-08-03.23:33:26::SCWPlatform::Clearing the opened hw db.
TRACE::2026-08-03.23:33:26::SCWPlatform::DSA given D:/Work/projects/zybo_z7_projects/DD_RF/vitis/RFsender_platform/hw/topSystem.xsa
TRACE::2026-08-03.23:33:26::SCWPlatform::DSA absoulate path D:/Work/projects/zybo_z7_projects/DD_RF/vitis/RFsender_platform/hw/topSystem.xsa
TRACE::2026-08-03.23:33:26::SCWPlatform:: Platform location is D:/Work/projects/zybo_z7_projects/DD_RF/vitis/RFsender_platform/hw
TRACE::2026-08-03.23:33:26::SCWPlatform:: Platform Path D:/Work/projects/zybo_z7_projects/DD_RF/vitis/RFsender_platform/hw/topSystem.xsa
TRACE::2026-08-03.23:33:26::SCWPlatform:: Unique name xilinx:zybo-z7-10::0.0
TRACE::2026-08-03.23:33:26::SCWPlatform::Removing the HwDB with name D:/Work/projects/zybo_z7_projects/DD_RF/vitis/RFsender_platform/hw/topSystem.xsa
TRACE::2026-08-03.23:33:26::SCWPlatform::Trying to open the hw design at D:/Work/projects/zybo_z7_projects/DD_RF/vitis/RFsender_platform/hw/topSystem.xsa
TRACE::2026-08-03.23:33:26::SCWPlatform::DSA given D:/Work/projects/zybo_z7_projects/DD_RF/vitis/RFsender_platform/hw/topSystem.xsa
TRACE::2026-08-03.23:33:26::SCWPlatform::DSA absoulate path D:/Work/projects/zybo_z7_projects/DD_RF/vitis/RFsender_platform/hw/topSystem.xsa
TRACE::2026-08-03.23:33:26::SCWPlatform::DSA directory D:/Work/projects/zybo_z7_projects/DD_RF/vitis/RFsender_platform/hw
TRACE::2026-08-03.23:33:26::SCWPlatform:: Platform Path D:/Work/projects/zybo_z7_projects/DD_RF/vitis/RFsender_platform/hw/topSystem.xsa
TRACE::2026-08-03.23:33:26::SCWPlatform:: Unique name xilinx:zybo-z7-10::0.0
TRACE::2026-08-03.23:33:26::SCWPlatform::Do not have an existing db opened. 
TRACE::2026-08-03.23:33:28::SCWPlatform::Opened new HwDB with name topSystem_2
TRACE::2026-08-03.23:33:28::SCWReader::Active system found as  RFsender_platform
TRACE::2026-08-03.23:33:28::SCWReader::Handling sysconfig RFsender_platform
TRACE::2026-08-03.23:33:28::SCWDomain::checking for install qemu data   : 
TRACE::2026-08-03.23:33:28::SCWDomain:: Using the QEMU Data from install at  : D:/Applications/Xilinx/Vitis/2024.2/data/emulation/platforms/zynq/sw/a9_standalone/qemu/
TRACE::2026-08-03.23:33:28::SCWDomain:: Using the QEMU args  from install at  : D:/Applications/Xilinx/Vitis/2024.2/data/emulation/platforms/zynq/sw/a9_standalone/qemu/qemu_args.txt
TRACE::2026-08-03.23:33:28::SCWPlatform::Trying to open the hw design at D:/Work/projects/zybo_z7_projects/DD_RF/vitis/RFsender_platform/hw/topSystem.xsa
TRACE::2026-08-03.23:33:28::SCWPlatform::DSA given D:/Work/projects/zybo_z7_projects/DD_RF/vitis/RFsender_platform/hw/topSystem.xsa
TRACE::2026-08-03.23:33:28::SCWPlatform::DSA absoulate path D:/Work/projects/zybo_z7_projects/DD_RF/vitis/RFsender_platform/hw/topSystem.xsa
TRACE::2026-08-03.23:33:28::SCWPlatform::DSA directory D:/Work/projects/zybo_z7_projects/DD_RF/vitis/RFsender_platform/hw
TRACE::2026-08-03.23:33:28::SCWPlatform:: Platform Path D:/Work/projects/zybo_z7_projects/DD_RF/vitis/RFsender_platform/hw/topSystem.xsa
TRACE::2026-08-03.23:33:28::SCWPlatform:: Unique name xilinx:zybo-z7-10::0.0
TRACE::2026-08-03.23:33:28::SCWPlatform::Trying to set the existing hwdb with name topSystem_2
TRACE::2026-08-03.23:33:28::SCWPlatform::Opened existing hwdb topSystem_2
TRACE::2026-08-03.23:33:28::SCWPlatform::Found the Hw Db part of the input DSA
TRACE::2026-08-03.23:33:28::SCWPlatform::Trying to open the hw design at D:/Work/projects/zybo_z7_projects/DD_RF/vitis/RFsender_platform/hw/topSystem.xsa
TRACE::2026-08-03.23:33:28::SCWPlatform::DSA given D:/Work/projects/zybo_z7_projects/DD_RF/vitis/RFsender_platform/hw/topSystem.xsa
TRACE::2026-08-03.23:33:28::SCWPlatform::DSA absoulate path D:/Work/projects/zybo_z7_projects/DD_RF/vitis/RFsender_platform/hw/topSystem.xsa
TRACE::2026-08-03.23:33:28::SCWPlatform::DSA directory D:/Work/projects/zybo_z7_projects/DD_RF/vitis/RFsender_platform/hw
TRACE::2026-08-03.23:33:28::SCWPlatform:: Platform Path D:/Work/projects/zybo_z7_projects/DD_RF/vitis/RFsender_platform/hw/topSystem.xsa
TRACE::2026-08-03.23:33:28::SCWPlatform:: Unique name xilinx:zybo-z7-10::0.0
TRACE::2026-08-03.23:33:28::SCWPlatform::Trying to set the existing hwdb with name topSystem_2
TRACE::2026-08-03.23:33:28::SCWPlatform::Opened existing hwdb topSystem_2
TRACE::2026-08-03.23:33:28::SCWPlatform::Found the Hw Db part of the input DSA
TRACE::2026-08-03.23:33:28::SCWPlatform::Trying to open the hw design at D:/Work/projects/zybo_z7_projects/DD_RF/vitis/RFsender_platform/hw/topSystem.xsa
TRACE::2026-08-03.23:33:28::SCWPlatform::DSA given D:/Work/projects/zybo_z7_projects/DD_RF/vitis/RFsender_platform/hw/topSystem.xsa
TRACE::2026-08-03.23:33:28::SCWPlatform::DSA absoulate path D:/Work/projects/zybo_z7_projects/DD_RF/vitis/RFsender_platform/hw/topSystem.xsa
TRACE::2026-08-03.23:33:28::SCWPlatform::DSA directory D:/Work/projects/zybo_z7_projects/DD_RF/vitis/RFsender_platform/hw
TRACE::2026-08-03.23:33:28::SCWPlatform:: Platform Path D:/Work/projects/zybo_z7_projects/DD_RF/vitis/RFsender_platform/hw/topSystem.xsa
TRACE::2026-08-03.23:33:28::SCWPlatform:: Unique name xilinx:zybo-z7-10::0.0
TRACE::2026-08-03.23:33:28::SCWPlatform::Trying to set the existing hwdb with name topSystem_2
TRACE::2026-08-03.23:33:28::SCWPlatform::Opened existing hwdb topSystem_2
TRACE::2026-08-03.23:33:28::SCWPlatform::Found the Hw Db part of the input DSA
TRACE::2026-08-03.23:33:28::SCWReader::Boot application domain added for zynq_fsbl
TRACE::2026-08-03.23:33:28::SCWPlatform::Trying to open the hw design at D:/Work/projects/zybo_z7_projects/DD_RF/vitis/RFsender_platform/hw/topSystem.xsa
TRACE::2026-08-03.23:33:28::SCWPlatform::DSA given D:/Work/projects/zybo_z7_projects/DD_RF/vitis/RFsender_platform/hw/topSystem.xsa
TRACE::2026-08-03.23:33:28::SCWPlatform::DSA absoulate path D:/Work/projects/zybo_z7_projects/DD_RF/vitis/RFsender_platform/hw/topSystem.xsa
TRACE::2026-08-03.23:33:28::SCWPlatform::DSA directory D:/Work/projects/zybo_z7_projects/DD_RF/vitis/RFsender_platform/hw
TRACE::2026-08-03.23:33:28::SCWPlatform:: Platform Path D:/Work/projects/zybo_z7_projects/DD_RF/vitis/RFsender_platform/hw/topSystem.xsa
TRACE::2026-08-03.23:33:28::SCWPlatform:: Unique name xilinx:zybo-z7-10::0.0
TRACE::2026-08-03.23:33:28::SCWPlatform::Trying to set the existing hwdb with name topSystem_2
TRACE::2026-08-03.23:33:28::SCWPlatform::Opened existing hwdb topSystem_2
TRACE::2026-08-03.23:33:28::SCWPlatform::Found the Hw Db part of the input DSA
TRACE::2026-08-03.23:33:28::SCWMssOS::Checking the sw design at  D:/Work/projects/zybo_z7_projects/DD_RF/vitis/RFsender_platform/zynq_fsbl/zynq_fsbl_bsp/system.mss
TRACE::2026-08-03.23:33:28::SCWMssOS::DEBUG:  swdes dump  
TRACE::2026-08-03.23:33:28::SCWMssOS::No sw design opened at  D:/Work/projects/zybo_z7_projects/DD_RF/vitis/RFsender_platform/zynq_fsbl/zynq_fsbl_bsp/system.mss
TRACE::2026-08-03.23:33:28::SCWMssOS::mss exists loading the mss file  D:/Work/projects/zybo_z7_projects/DD_RF/vitis/RFsender_platform/zynq_fsbl/zynq_fsbl_bsp/system.mss
TRACE::2026-08-03.23:33:28::SCWMssOS::Opened the sw design from mss  D:/Work/projects/zybo_z7_projects/DD_RF/vitis/RFsender_platform/zynq_fsbl/zynq_fsbl_bsp/system.mss
TRACE::2026-08-03.23:33:28::SCWMssOS::Adding the swdes entry D:/Work/projects/zybo_z7_projects/DD_RF/vitis/RFsender_platform/zynq_fsbl/zynq_fsbl_bsp/system.mss with des name system
TRACE::2026-08-03.23:33:28::SCWMssOS::updating the scw layer about changes
TRACE::2026-08-03.23:33:28::SCWMssOS::Opened the sw design.  D:/Work/projects/zybo_z7_projects/DD_RF/vitis/RFsender_platform/zynq_fsbl/zynq_fsbl_bsp/system.mss
TRACE::2026-08-03.23:33:28::SCWPlatform::Trying to open the hw design at D:/Work/projects/zybo_z7_projects/DD_RF/vitis/RFsender_platform/hw/topSystem.xsa
TRACE::2026-08-03.23:33:28::SCWPlatform::DSA given D:/Work/projects/zybo_z7_projects/DD_RF/vitis/RFsender_platform/hw/topSystem.xsa
TRACE::2026-08-03.23:33:28::SCWPlatform::DSA absoulate path D:/Work/projects/zybo_z7_projects/DD_RF/vitis/RFsender_platform/hw/topSystem.xsa
TRACE::2026-08-03.23:33:28::SCWPlatform::DSA directory D:/Work/projects/zybo_z7_projects/DD_RF/vitis/RFsender_platform/hw
TRACE::2026-08-03.23:33:28::SCWPlatform:: Platform Path D:/Work/projects/zybo_z7_projects/DD_RF/vitis/RFsender_platform/hw/topSystem.xsa
TRACE::2026-08-03.23:33:28::SCWPlatform:: Unique name xilinx:zybo-z7-10::0.0
TRACE::2026-08-03.23:33:28::SCWPlatform::Trying to set the existing hwdb with name topSystem_2
TRACE::2026-08-03.23:33:28::SCWPlatform::Opened existing hwdb topSystem_2
TRACE::2026-08-03.23:33:28::SCWPlatform::Found the Hw Db part of the input DSA
TRACE::2026-08-03.23:33:28::SCWMssOS::Checking the sw design at  D:/Work/projects/zybo_z7_projects/DD_RF/vitis/RFsender_platform/zynq_fsbl/zynq_fsbl_bsp/system.mss
TRACE::2026-08-03.23:33:28::SCWMssOS::DEBUG:  swdes dump  D:/Work/projects/zybo_z7_projects/DD_RF/vitis/RFsender_platform/zynq_fsbl/zynq_fsbl_bsp/system.mss|system||

TRACE::2026-08-03.23:33:28::SCWMssOS::Sw design exists and opened at  D:/Work/projects/zybo_z7_projects/DD_RF/vitis/RFsender_platform/zynq_fsbl/zynq_fsbl_bsp/system.mss
TRACE::2026-08-03.23:33:28::SCWMssOS:: library already available in sw design:  xilffs:5.3
TRACE::2026-08-03.23:33:28::SCWPlatform::Trying to open the hw design at D:/Work/projects/zybo_z7_projects/DD_RF/vitis/RFsender_platform/hw/topSystem.xsa
TRACE::2026-08-03.23:33:28::SCWPlatform::DSA given D:/Work/projects/zybo_z7_projects/DD_RF/vitis/RFsender_platform/hw/topSystem.xsa
TRACE::2026-08-03.23:33:28::SCWPlatform::DSA absoulate path D:/Work/projects/zybo_z7_projects/DD_RF/vitis/RFsender_platform/hw/topSystem.xsa
TRACE::2026-08-03.23:33:28::SCWPlatform::DSA directory D:/Work/projects/zybo_z7_projects/DD_RF/vitis/RFsender_platform/hw
TRACE::2026-08-03.23:33:28::SCWPlatform:: Platform Path D:/Work/projects/zybo_z7_projects/DD_RF/vitis/RFsender_platform/hw/topSystem.xsa
TRACE::2026-08-03.23:33:28::SCWPlatform:: Unique name xilinx:zybo-z7-10::0.0
TRACE::2026-08-03.23:33:28::SCWPlatform::Trying to set the existing hwdb with name topSystem_2
TRACE::2026-08-03.23:33:28::SCWPlatform::Opened existing hwdb topSystem_2
TRACE::2026-08-03.23:33:28::SCWPlatform::Found the Hw Db part of the input DSA
TRACE::2026-08-03.23:33:28::SCWMssOS::Checking the sw design at  D:/Work/projects/zybo_z7_projects/DD_RF/vitis/RFsender_platform/zynq_fsbl/zynq_fsbl_bsp/system.mss
TRACE::2026-08-03.23:33:28::SCWMssOS::DEBUG:  swdes dump  D:/Work/projects/zybo_z7_projects/DD_RF/vitis/RFsender_platform/zynq_fsbl/zynq_fsbl_bsp/system.mss|system||

TRACE::2026-08-03.23:33:28::SCWMssOS::Sw design exists and opened at  D:/Work/projects/zybo_z7_projects/DD_RF/vitis/RFsender_platform/zynq_fsbl/zynq_fsbl_bsp/system.mss
TRACE::2026-08-03.23:33:28::SCWMssOS:: library already available in sw design:  xilrsa:1.8
TRACE::2026-08-03.23:33:28::SCWMssOS::Saving the mss changes D:/Work/projects/zybo_z7_projects/DD_RF/vitis/RFsender_platform/zynq_fsbl/zynq_fsbl_bsp/system.mss
TRACE::2026-08-03.23:33:28::SCWMssOS::Found a swdesign opened with the mssfile.
TRACE::2026-08-03.23:33:28::SCWMssOS::Completed writemss as part of save.
TRACE::2026-08-03.23:33:28::SCWMssOS::Commit changes completed.
TRACE::2026-08-03.23:33:28::SCWReader::Adding prebuilt librarypaths as   
TRACE::2026-08-03.23:33:28::SCWReader::Adding prebuilt incpaths  as   
TRACE::2026-08-03.23:33:28::SCWPlatform::Trying to open the hw design at D:/Work/projects/zybo_z7_projects/DD_RF/vitis/RFsender_platform/hw/topSystem.xsa
TRACE::2026-08-03.23:33:28::SCWPlatform::DSA given D:/Work/projects/zybo_z7_projects/DD_RF/vitis/RFsender_platform/hw/topSystem.xsa
TRACE::2026-08-03.23:33:28::SCWPlatform::DSA absoulate path D:/Work/projects/zybo_z7_projects/DD_RF/vitis/RFsender_platform/hw/topSystem.xsa
TRACE::2026-08-03.23:33:28::SCWPlatform::DSA directory D:/Work/projects/zybo_z7_projects/DD_RF/vitis/RFsender_platform/hw
TRACE::2026-08-03.23:33:28::SCWPlatform:: Platform Path D:/Work/projects/zybo_z7_projects/DD_RF/vitis/RFsender_platform/hw/topSystem.xsa
TRACE::2026-08-03.23:33:28::SCWPlatform:: Unique name xilinx:zybo-z7-10::0.0
TRACE::2026-08-03.23:33:28::SCWPlatform::Trying to set the existing hwdb with name topSystem_2
TRACE::2026-08-03.23:33:28::SCWPlatform::Opened existing hwdb topSystem_2
TRACE::2026-08-03.23:33:28::SCWPlatform::Found the Hw Db part of the input DSA
TRACE::2026-08-03.23:33:28::SCWMssOS::Checking the sw design at  D:/Work/projects/zybo_z7_projects/DD_RF/vitis/RFsender_platform/zynq_fsbl/zynq_fsbl_bsp/system.mss
TRACE::2026-08-03.23:33:28::SCWMssOS::DEBUG:  swdes dump  D:/Work/projects/zybo_z7_projects/DD_RF/vitis/RFsender_platform/zynq_fsbl/zynq_fsbl_bsp/system.mss|system||

TRACE::2026-08-03.23:33:28::SCWMssOS::Sw design exists and opened at  D:/Work/projects/zybo_z7_projects/DD_RF/vitis/RFsender_platform/zynq_fsbl/zynq_fsbl_bsp/system.mss
TRACE::2026-08-03.23:33:28::SCWReader::No isolation master present  
TRACE::2026-08-03.23:33:28::SCWDomain::checking for install qemu data   : 
TRACE::2026-08-03.23:33:28::SCWDomain:: Using the QEMU Data from install at  : D:/Applications/Xilinx/Vitis/2024.2/data/emulation/platforms/zynq/sw/a9_standalone/qemu/
TRACE::2026-08-03.23:33:28::SCWDomain:: Using the QEMU args  from install at  : D:/Applications/Xilinx/Vitis/2024.2/data/emulation/platforms/zynq/sw/a9_standalone/qemu/qemu_args.txt
TRACE::2026-08-03.23:33:28::SCWPlatform::Trying to open the hw design at D:/Work/projects/zybo_z7_projects/DD_RF/vitis/RFsender_platform/hw/topSystem.xsa
TRACE::2026-08-03.23:33:28::SCWPlatform::DSA given D:/Work/projects/zybo_z7_projects/DD_RF/vitis/RFsender_platform/hw/topSystem.xsa
TRACE::2026-08-03.23:33:28::SCWPlatform::DSA absoulate path D:/Work/projects/zybo_z7_projects/DD_RF/vitis/RFsender_platform/hw/topSystem.xsa
TRACE::2026-08-03.23:33:28::SCWPlatform::DSA directory D:/Work/projects/zybo_z7_projects/DD_RF/vitis/RFsender_platform/hw
TRACE::2026-08-03.23:33:28::SCWPlatform:: Platform Path D:/Work/projects/zybo_z7_projects/DD_RF/vitis/RFsender_platform/hw/topSystem.xsa
TRACE::2026-08-03.23:33:28::SCWPlatform:: Unique name xilinx:zybo-z7-10::0.0
TRACE::2026-08-03.23:33:28::SCWPlatform::Trying to set the existing hwdb with name topSystem_2
TRACE::2026-08-03.23:33:28::SCWPlatform::Opened existing hwdb topSystem_2
TRACE::2026-08-03.23:33:28::SCWPlatform::Found the Hw Db part of the input DSA
TRACE::2026-08-03.23:33:28::SCWPlatform::Trying to open the hw design at D:/Work/projects/zybo_z7_projects/DD_RF/vitis/RFsender_platform/hw/topSystem.xsa
TRACE::2026-08-03.23:33:28::SCWPlatform::DSA given D:/Work/projects/zybo_z7_projects/DD_RF/vitis/RFsender_platform/hw/topSystem.xsa
TRACE::2026-08-03.23:33:28::SCWPlatform::DSA absoulate path D:/Work/projects/zybo_z7_projects/DD_RF/vitis/RFsender_platform/hw/topSystem.xsa
TRACE::2026-08-03.23:33:28::SCWPlatform::DSA directory D:/Work/projects/zybo_z7_projects/DD_RF/vitis/RFsender_platform/hw
TRACE::2026-08-03.23:33:28::SCWPlatform:: Platform Path D:/Work/projects/zybo_z7_projects/DD_RF/vitis/RFsender_platform/hw/topSystem.xsa
TRACE::2026-08-03.23:33:28::SCWPlatform:: Unique name xilinx:zybo-z7-10::0.0
TRACE::2026-08-03.23:33:28::SCWPlatform::Trying to set the existing hwdb with name topSystem_2
TRACE::2026-08-03.23:33:28::SCWPlatform::Opened existing hwdb topSystem_2
TRACE::2026-08-03.23:33:28::SCWPlatform::Found the Hw Db part of the input DSA
TRACE::2026-08-03.23:33:28::SCWPlatform::Trying to open the hw design at D:/Work/projects/zybo_z7_projects/DD_RF/vitis/RFsender_platform/hw/topSystem.xsa
TRACE::2026-08-03.23:33:28::SCWPlatform::DSA given D:/Work/projects/zybo_z7_projects/DD_RF/vitis/RFsender_platform/hw/topSystem.xsa
TRACE::2026-08-03.23:33:28::SCWPlatform::DSA absoulate path D:/Work/projects/zybo_z7_projects/DD_RF/vitis/RFsender_platform/hw/topSystem.xsa
TRACE::2026-08-03.23:33:28::SCWPlatform::DSA directory D:/Work/projects/zybo_z7_projects/DD_RF/vitis/RFsender_platform/hw
TRACE::2026-08-03.23:33:28::SCWPlatform:: Platform Path D:/Work/projects/zybo_z7_projects/DD_RF/vitis/RFsender_platform/hw/topSystem.xsa
TRACE::2026-08-03.23:33:28::SCWPlatform:: Unique name xilinx:zybo-z7-10::0.0
TRACE::2026-08-03.23:33:28::SCWPlatform::Trying to set the existing hwdb with name topSystem_2
TRACE::2026-08-03.23:33:28::SCWPlatform::Opened existing hwdb topSystem_2
TRACE::2026-08-03.23:33:28::SCWPlatform::Found the Hw Db part of the input DSA
TRACE::2026-08-03.23:33:28::SCWMssOS::Checking the sw design at  D:/Work/projects/zybo_z7_projects/DD_RF/vitis/RFsender_platform/ps7_cortexa9_0/standalone_domain/bsp/system.mss
TRACE::2026-08-03.23:33:28::SCWMssOS::DEBUG:  swdes dump  D:/Work/projects/zybo_z7_projects/DD_RF/vitis/RFsender_platform/zynq_fsbl/zynq_fsbl_bsp/system.mss|system||

TRACE::2026-08-03.23:33:28::SCWMssOS::No sw design opened at  D:/Work/projects/zybo_z7_projects/DD_RF/vitis/RFsender_platform/ps7_cortexa9_0/standalone_domain/bsp/system.mss
TRACE::2026-08-03.23:33:28::SCWMssOS::mss exists loading the mss file  D:/Work/projects/zybo_z7_projects/DD_RF/vitis/RFsender_platform/ps7_cortexa9_0/standalone_domain/bsp/system.mss
TRACE::2026-08-03.23:33:28::SCWMssOS::Opened the sw design from mss  D:/Work/projects/zybo_z7_projects/DD_RF/vitis/RFsender_platform/ps7_cortexa9_0/standalone_domain/bsp/system.mss
TRACE::2026-08-03.23:33:28::SCWMssOS::Adding the swdes entry D:/Work/projects/zybo_z7_projects/DD_RF/vitis/RFsender_platform/ps7_cortexa9_0/standalone_domain/bsp/system.mss with des name system_0
TRACE::2026-08-03.23:33:28::SCWMssOS::updating the scw layer about changes
TRACE::2026-08-03.23:33:28::SCWMssOS::Opened the sw design.  D:/Work/projects/zybo_z7_projects/DD_RF/vitis/RFsender_platform/ps7_cortexa9_0/standalone_domain/bsp/system.mss
TRACE::2026-08-03.23:33:28::SCWPlatform::Trying to open the hw design at D:/Work/projects/zybo_z7_projects/DD_RF/vitis/RFsender_platform/hw/topSystem.xsa
TRACE::2026-08-03.23:33:28::SCWPlatform::DSA given D:/Work/projects/zybo_z7_projects/DD_RF/vitis/RFsender_platform/hw/topSystem.xsa
TRACE::2026-08-03.23:33:28::SCWPlatform::DSA absoulate path D:/Work/projects/zybo_z7_projects/DD_RF/vitis/RFsender_platform/hw/topSystem.xsa
TRACE::2026-08-03.23:33:28::SCWPlatform::DSA directory D:/Work/projects/zybo_z7_projects/DD_RF/vitis/RFsender_platform/hw
TRACE::2026-08-03.23:33:28::SCWPlatform:: Platform Path D:/Work/projects/zybo_z7_projects/DD_RF/vitis/RFsender_platform/hw/topSystem.xsa
TRACE::2026-08-03.23:33:28::SCWPlatform:: Unique name xilinx:zybo-z7-10::0.0
TRACE::2026-08-03.23:33:28::SCWPlatform::Trying to set the existing hwdb with name topSystem_2
TRACE::2026-08-03.23:33:28::SCWPlatform::Opened existing hwdb topSystem_2
TRACE::2026-08-03.23:33:28::SCWPlatform::Found the Hw Db part of the input DSA
TRACE::2026-08-03.23:33:28::SCWMssOS::Checking the sw design at  D:/Work/projects/zybo_z7_projects/DD_RF/vitis/RFsender_platform/ps7_cortexa9_0/standalone_domain/bsp/system.mss
TRACE::2026-08-03.23:33:28::SCWMssOS::DEBUG:  swdes dump  D:/Work/projects/zybo_z7_projects/DD_RF/vitis/RFsender_platform/ps7_cortexa9_0/standalone_domain/bsp/system.mss|system_0||
D:/Work/projects/zybo_z7_projects/DD_RF/vitis/RFsender_platform/zynq_fsbl/zynq_fsbl_bsp/system.mss|system||

TRACE::2026-08-03.23:33:28::SCWMssOS::Sw design exists and opened at  D:/Work/projects/zybo_z7_projects/DD_RF/vitis/RFsender_platform/ps7_cortexa9_0/standalone_domain/bsp/system.mss
TRACE::2026-08-03.23:33:28::SCWMssOS:: library already available in sw design:  xilffs:5.3
TRACE::2026-08-03.23:33:28::SCWMssOS::Saving the mss changes D:/Work/projects/zybo_z7_projects/DD_RF/vitis/RFsender_platform/ps7_cortexa9_0/standalone_domain/bsp/system.mss
TRACE::2026-08-03.23:33:28::SCWMssOS::Found a swdesign opened with the mssfile.
TRACE::2026-08-03.23:33:28::SCWMssOS::Completed writemss as part of save.
TRACE::2026-08-03.23:33:28::SCWMssOS::Commit changes completed.
TRACE::2026-08-03.23:33:28::SCWReader::Adding prebuilt librarypaths as   
TRACE::2026-08-03.23:33:28::SCWReader::Adding prebuilt incpaths  as   
TRACE::2026-08-03.23:33:28::SCWPlatform::Trying to open the hw design at D:/Work/projects/zybo_z7_projects/DD_RF/vitis/RFsender_platform/hw/topSystem.xsa
TRACE::2026-08-03.23:33:28::SCWPlatform::DSA given D:/Work/projects/zybo_z7_projects/DD_RF/vitis/RFsender_platform/hw/topSystem.xsa
TRACE::2026-08-03.23:33:28::SCWPlatform::DSA absoulate path D:/Work/projects/zybo_z7_projects/DD_RF/vitis/RFsender_platform/hw/topSystem.xsa
TRACE::2026-08-03.23:33:28::SCWPlatform::DSA directory D:/Work/projects/zybo_z7_projects/DD_RF/vitis/RFsender_platform/hw
TRACE::2026-08-03.23:33:28::SCWPlatform:: Platform Path D:/Work/projects/zybo_z7_projects/DD_RF/vitis/RFsender_platform/hw/topSystem.xsa
TRACE::2026-08-03.23:33:28::SCWPlatform:: Unique name xilinx:zybo-z7-10::0.0
TRACE::2026-08-03.23:33:28::SCWPlatform::Trying to set the existing hwdb with name topSystem_2
TRACE::2026-08-03.23:33:28::SCWPlatform::Opened existing hwdb topSystem_2
TRACE::2026-08-03.23:33:28::SCWPlatform::Found the Hw Db part of the input DSA
TRACE::2026-08-03.23:33:28::SCWMssOS::Checking the sw design at  D:/Work/projects/zybo_z7_projects/DD_RF/vitis/RFsender_platform/ps7_cortexa9_0/standalone_domain/bsp/system.mss
TRACE::2026-08-03.23:33:28::SCWMssOS::DEBUG:  swdes dump  D:/Work/projects/zybo_z7_projects/DD_RF/vitis/RFsender_platform/ps7_cortexa9_0/standalone_domain/bsp/system.mss|system_0||
D:/Work/projects/zybo_z7_projects/DD_RF/vitis/RFsender_platform/zynq_fsbl/zynq_fsbl_bsp/system.mss|system||

TRACE::2026-08-03.23:33:28::SCWMssOS::Sw design exists and opened at  D:/Work/projects/zybo_z7_projects/DD_RF/vitis/RFsender_platform/ps7_cortexa9_0/standalone_domain/bsp/system.mss
TRACE::2026-08-03.23:33:28::SCWReader::No isolation master present  
TRACE::2026-08-03.23:33:35::SCWPlatform::DSA given D:/Work/projects/zybo_z7_projects/DD_RF/vitis/RFsender_platform/tempdsa/rfsender.xsa
TRACE::2026-08-03.23:33:35::SCWPlatform::DSA absoulate path D:/Work/projects/zybo_z7_projects/DD_RF/vitis/RFsender_platform/tempdsa/rfsender.xsa
TRACE::2026-08-03.23:33:35::SCWPlatform:: Platform location is D:/Work/projects/zybo_z7_projects/DD_RF/vitis/RFsender_platform/tempdsa
TRACE::2026-08-03.23:33:35::SCWPlatform:: Platform Path D:/Work/projects/zybo_z7_projects/DD_RF/vitis/RFsender_platform/tempdsa/rfsender.xsa
TRACE::2026-08-03.23:33:35::SCWPlatform:: Unique name xilinx:zybo-z7-10::0.0
TRACE::2026-08-03.23:33:36::SCWPlatform::Found the Hw Db part of the input DSA
TRACE::2026-08-03.23:33:36::SCWMssOS::Doing hw sync for the mss in domain: zynq_fsbl
TRACE::2026-08-03.23:33:36::SCWPlatform::Trying to open the hw design at D:/Work/projects/zybo_z7_projects/DD_RF/vitis/RFsender_platform/hw/topSystem.xsa
TRACE::2026-08-03.23:33:36::SCWPlatform::DSA given D:/Work/projects/zybo_z7_projects/DD_RF/vitis/RFsender_platform/hw/topSystem.xsa
TRACE::2026-08-03.23:33:36::SCWPlatform::DSA absoulate path D:/Work/projects/zybo_z7_projects/DD_RF/vitis/RFsender_platform/hw/topSystem.xsa
TRACE::2026-08-03.23:33:36::SCWPlatform::DSA directory D:/Work/projects/zybo_z7_projects/DD_RF/vitis/RFsender_platform/hw
TRACE::2026-08-03.23:33:36::SCWPlatform:: Platform Path D:/Work/projects/zybo_z7_projects/DD_RF/vitis/RFsender_platform/hw/topSystem.xsa
TRACE::2026-08-03.23:33:36::SCWPlatform:: Unique name xilinx:zybo-z7-10::0.0
TRACE::2026-08-03.23:33:36::SCWPlatform::Trying to set the existing hwdb with name topSystem_2
TRACE::2026-08-03.23:33:36::SCWPlatform::Opened existing hwdb topSystem_2
TRACE::2026-08-03.23:33:36::SCWPlatform::Found the Hw Db part of the input DSA
TRACE::2026-08-03.23:33:36::SCWPlatform::Trying to open the hw design at D:/Work/projects/zybo_z7_projects/DD_RF/vitis/RFsender_platform/hw/topSystem.xsa
TRACE::2026-08-03.23:33:36::SCWPlatform::DSA given D:/Work/projects/zybo_z7_projects/DD_RF/vitis/RFsender_platform/hw/topSystem.xsa
TRACE::2026-08-03.23:33:36::SCWPlatform::DSA absoulate path D:/Work/projects/zybo_z7_projects/DD_RF/vitis/RFsender_platform/hw/topSystem.xsa
TRACE::2026-08-03.23:33:36::SCWPlatform::DSA directory D:/Work/projects/zybo_z7_projects/DD_RF/vitis/RFsender_platform/hw
TRACE::2026-08-03.23:33:36::SCWPlatform:: Platform Path D:/Work/projects/zybo_z7_projects/DD_RF/vitis/RFsender_platform/hw/topSystem.xsa
TRACE::2026-08-03.23:33:36::SCWPlatform:: Unique name xilinx:zybo-z7-10::0.0
TRACE::2026-08-03.23:33:36::SCWPlatform::Trying to set the existing hwdb with name topSystem_2
TRACE::2026-08-03.23:33:36::SCWPlatform::Opened existing hwdb topSystem_2
TRACE::2026-08-03.23:33:36::SCWPlatform::Found the Hw Db part of the input DSA
TRACE::2026-08-03.23:33:36::SCWMssOS::Checking the sw design at  D:/Work/projects/zybo_z7_projects/DD_RF/vitis/RFsender_platform/zynq_fsbl/zynq_fsbl_bsp/system.mss
TRACE::2026-08-03.23:33:36::SCWMssOS::DEBUG:  swdes dump  D:/Work/projects/zybo_z7_projects/DD_RF/vitis/RFsender_platform/ps7_cortexa9_0/standalone_domain/bsp/system.mss|system_0||
D:/Work/projects/zybo_z7_projects/DD_RF/vitis/RFsender_platform/zynq_fsbl/zynq_fsbl_bsp/system.mss|system||

TRACE::2026-08-03.23:33:36::SCWMssOS::Sw design exists and opened at  D:/Work/projects/zybo_z7_projects/DD_RF/vitis/RFsender_platform/zynq_fsbl/zynq_fsbl_bsp/system.mss
TRACE::2026-08-03.23:33:36::SCWPlatform::Trying to open the hw design at D:/Work/projects/zybo_z7_projects/DD_RF/vitis/RFsender_platform/tempdsa/rfsender.xsa
TRACE::2026-08-03.23:33:36::SCWPlatform::DSA given D:/Work/projects/zybo_z7_projects/DD_RF/vitis/RFsender_platform/tempdsa/rfsender.xsa
TRACE::2026-08-03.23:33:36::SCWPlatform::DSA absoulate path D:/Work/projects/zybo_z7_projects/DD_RF/vitis/RFsender_platform/tempdsa/rfsender.xsa
TRACE::2026-08-03.23:33:36::SCWPlatform::DSA directory D:/Work/projects/zybo_z7_projects/DD_RF/vitis/RFsender_platform/tempdsa
TRACE::2026-08-03.23:33:36::SCWPlatform:: Platform Path D:/Work/projects/zybo_z7_projects/DD_RF/vitis/RFsender_platform/tempdsa/rfsender.xsa
TRACE::2026-08-03.23:33:36::SCWPlatform:: Unique name xilinx:zybo-z7-10::0.0
TRACE::2026-08-03.23:33:36::SCWPlatform::update - Opened existing hwdb topSystem_3
TRACE::2026-08-03.23:33:36::SCWPlatform::Found the Hw Db part of the input DSA
TRACE::2026-08-03.23:33:36::SCWMssOS::Doing hw sync for the mss in domain: standalone_domain
TRACE::2026-08-03.23:33:36::SCWPlatform::Trying to open the hw design at D:/Work/projects/zybo_z7_projects/DD_RF/vitis/RFsender_platform/hw/topSystem.xsa
TRACE::2026-08-03.23:33:36::SCWPlatform::DSA given D:/Work/projects/zybo_z7_projects/DD_RF/vitis/RFsender_platform/hw/topSystem.xsa
TRACE::2026-08-03.23:33:36::SCWPlatform::DSA absoulate path D:/Work/projects/zybo_z7_projects/DD_RF/vitis/RFsender_platform/hw/topSystem.xsa
TRACE::2026-08-03.23:33:36::SCWPlatform::DSA directory D:/Work/projects/zybo_z7_projects/DD_RF/vitis/RFsender_platform/hw
TRACE::2026-08-03.23:33:36::SCWPlatform:: Platform Path D:/Work/projects/zybo_z7_projects/DD_RF/vitis/RFsender_platform/hw/topSystem.xsa
TRACE::2026-08-03.23:33:36::SCWPlatform:: Unique name xilinx:zybo-z7-10::0.0
TRACE::2026-08-03.23:33:36::SCWPlatform::Trying to set the existing hwdb with name topSystem_2
TRACE::2026-08-03.23:33:36::SCWPlatform::Opened existing hwdb topSystem_2
TRACE::2026-08-03.23:33:36::SCWPlatform::Found the Hw Db part of the input DSA
TRACE::2026-08-03.23:33:36::SCWPlatform::Trying to open the hw design at D:/Work/projects/zybo_z7_projects/DD_RF/vitis/RFsender_platform/hw/topSystem.xsa
TRACE::2026-08-03.23:33:36::SCWPlatform::DSA given D:/Work/projects/zybo_z7_projects/DD_RF/vitis/RFsender_platform/hw/topSystem.xsa
TRACE::2026-08-03.23:33:36::SCWPlatform::DSA absoulate path D:/Work/projects/zybo_z7_projects/DD_RF/vitis/RFsender_platform/hw/topSystem.xsa
TRACE::2026-08-03.23:33:36::SCWPlatform::DSA directory D:/Work/projects/zybo_z7_projects/DD_RF/vitis/RFsender_platform/hw
TRACE::2026-08-03.23:33:36::SCWPlatform:: Platform Path D:/Work/projects/zybo_z7_projects/DD_RF/vitis/RFsender_platform/hw/topSystem.xsa
TRACE::2026-08-03.23:33:36::SCWPlatform:: Unique name xilinx:zybo-z7-10::0.0
TRACE::2026-08-03.23:33:36::SCWPlatform::Trying to set the existing hwdb with name topSystem_2
TRACE::2026-08-03.23:33:36::SCWPlatform::Opened existing hwdb topSystem_2
TRACE::2026-08-03.23:33:36::SCWPlatform::Found the Hw Db part of the input DSA
TRACE::2026-08-03.23:33:36::SCWMssOS::Checking the sw design at  D:/Work/projects/zybo_z7_projects/DD_RF/vitis/RFsender_platform/ps7_cortexa9_0/standalone_domain/bsp/system.mss
TRACE::2026-08-03.23:33:36::SCWMssOS::DEBUG:  swdes dump  D:/Work/projects/zybo_z7_projects/DD_RF/vitis/RFsender_platform/ps7_cortexa9_0/standalone_domain/bsp/system.mss|system_0||
D:/Work/projects/zybo_z7_projects/DD_RF/vitis/RFsender_platform/zynq_fsbl/zynq_fsbl_bsp/system.mss|system||

TRACE::2026-08-03.23:33:36::SCWMssOS::Sw design exists and opened at  D:/Work/projects/zybo_z7_projects/DD_RF/vitis/RFsender_platform/ps7_cortexa9_0/standalone_domain/bsp/system.mss
TRACE::2026-08-03.23:33:36::SCWPlatform::Trying to open the hw design at D:/Work/projects/zybo_z7_projects/DD_RF/vitis/RFsender_platform/tempdsa/rfsender.xsa
TRACE::2026-08-03.23:33:36::SCWPlatform::DSA given D:/Work/projects/zybo_z7_projects/DD_RF/vitis/RFsender_platform/tempdsa/rfsender.xsa
TRACE::2026-08-03.23:33:36::SCWPlatform::DSA absoulate path D:/Work/projects/zybo_z7_projects/DD_RF/vitis/RFsender_platform/tempdsa/rfsender.xsa
TRACE::2026-08-03.23:33:36::SCWPlatform::DSA directory D:/Work/projects/zybo_z7_projects/DD_RF/vitis/RFsender_platform/tempdsa
TRACE::2026-08-03.23:33:36::SCWPlatform:: Platform Path D:/Work/projects/zybo_z7_projects/DD_RF/vitis/RFsender_platform/tempdsa/rfsender.xsa
TRACE::2026-08-03.23:33:36::SCWPlatform:: Unique name xilinx:zybo-z7-10::0.0
TRACE::2026-08-03.23:33:36::SCWPlatform::update - Opened existing hwdb topSystem_3
TRACE::2026-08-03.23:33:36::SCWPlatform::Found the Hw Db part of the input DSA
TRACE::2026-08-03.23:33:36::SCWMssOS::Saving the mss changes D:/Work/projects/zybo_z7_projects/DD_RF/vitis/RFsender_platform/zynq_fsbl/zynq_fsbl_bsp/system.mss
TRACE::2026-08-03.23:33:36::SCWMssOS::Found a swdesign opened with the mssfile.
TRACE::2026-08-03.23:33:36::SCWMssOS::Completed writemss as part of save.
TRACE::2026-08-03.23:33:36::SCWMssOS::Commit changes completed.
TRACE::2026-08-03.23:33:36::SCWMssOS::Completed hw sync for the mss in domain: zynq_fsbl
TRACE::2026-08-03.23:33:36::SCWMssOS::Removing the swdes entry for  D:/Work/projects/zybo_z7_projects/DD_RF/vitis/RFsender_platform/zynq_fsbl/zynq_fsbl_bsp/system.mss
TRACE::2026-08-03.23:33:36::SCWMssOS::Saving the mss changes D:/Work/projects/zybo_z7_projects/DD_RF/vitis/RFsender_platform/ps7_cortexa9_0/standalone_domain/bsp/system.mss
TRACE::2026-08-03.23:33:36::SCWMssOS::Found a swdesign opened with the mssfile.
TRACE::2026-08-03.23:33:36::SCWMssOS::Completed writemss as part of save.
TRACE::2026-08-03.23:33:36::SCWMssOS::Commit changes completed.
TRACE::2026-08-03.23:33:36::SCWMssOS::Completed hw sync for the mss in domain: standalone_domain
TRACE::2026-08-03.23:33:36::SCWMssOS::Removing the swdes entry for  D:/Work/projects/zybo_z7_projects/DD_RF/vitis/RFsender_platform/ps7_cortexa9_0/standalone_domain/bsp/system.mss
TRACE::2026-08-03.23:33:36::SCWPlatform::Trying to open the hw design at D:/Work/projects/zybo_z7_projects/DD_RF/vitis/RFsender_platform/hw/rfsender.xsa
TRACE::2026-08-03.23:33:36::SCWPlatform::DSA given D:/Work/projects/zybo_z7_projects/DD_RF/vitis/RFsender_platform/hw/rfsender.xsa
TRACE::2026-08-03.23:33:36::SCWPlatform::DSA absoulate path D:/Work/projects/zybo_z7_projects/DD_RF/vitis/RFsender_platform/hw/rfsender.xsa
TRACE::2026-08-03.23:33:36::SCWPlatform::DSA directory D:/Work/projects/zybo_z7_projects/DD_RF/vitis/RFsender_platform/hw
TRACE::2026-08-03.23:33:36::SCWPlatform:: Platform Path D:/Work/projects/zybo_z7_projects/DD_RF/vitis/RFsender_platform/hw/rfsender.xsa
TRACE::2026-08-03.23:33:36::SCWPlatform:: Unique name xilinx:zybo-z7-10::0.0
TRACE::2026-08-03.23:33:36::SCWPlatform::Do not have an existing db opened. 
TRACE::2026-08-03.23:33:38::SCWPlatform::Opened new HwDB with name topSystem_4
TRACE::2026-08-03.23:33:38::SCWMssOS::Saving the mss changes D:/Work/projects/zybo_z7_projects/DD_RF/vitis/RFsender_platform/zynq_fsbl/zynq_fsbl_bsp/system.mss
TRACE::2026-08-03.23:33:38::SCWMssOS::Adding the swdes entry, mss present, able to open swdb D:/Work/projects/zybo_z7_projects/DD_RF/vitis/RFsender_platform/zynq_fsbl/zynq_fsbl_bsp/system.mss with des name system
TRACE::2026-08-03.23:33:38::SCWMssOS::Writing the mss file completed D:/Work/projects/zybo_z7_projects/DD_RF/vitis/RFsender_platform/zynq_fsbl/zynq_fsbl_bsp/system.mss
TRACE::2026-08-03.23:33:38::SCWMssOS::Commit changes completed.
TRACE::2026-08-03.23:33:38::SCWMssOS::Saving the mss changes D:/Work/projects/zybo_z7_projects/DD_RF/vitis/RFsender_platform/ps7_cortexa9_0/standalone_domain/bsp/system.mss
TRACE::2026-08-03.23:33:38::SCWMssOS::Adding the swdes entry, mss present, able to open swdb D:/Work/projects/zybo_z7_projects/DD_RF/vitis/RFsender_platform/ps7_cortexa9_0/standalone_domain/bsp/system.mss with des name system_0
TRACE::2026-08-03.23:33:38::SCWMssOS::Writing the mss file completed D:/Work/projects/zybo_z7_projects/DD_RF/vitis/RFsender_platform/ps7_cortexa9_0/standalone_domain/bsp/system.mss
TRACE::2026-08-03.23:33:38::SCWMssOS::Commit changes completed.
TRACE::2026-08-03.23:33:38::SCWPlatform::Trying to open the hw design at D:/Work/projects/zybo_z7_projects/DD_RF/vitis/RFsender_platform/hw/rfsender.xsa
TRACE::2026-08-03.23:33:38::SCWPlatform::DSA given D:/Work/projects/zybo_z7_projects/DD_RF/vitis/RFsender_platform/hw/rfsender.xsa
TRACE::2026-08-03.23:33:38::SCWPlatform::DSA absoulate path D:/Work/projects/zybo_z7_projects/DD_RF/vitis/RFsender_platform/hw/rfsender.xsa
TRACE::2026-08-03.23:33:38::SCWPlatform::DSA directory D:/Work/projects/zybo_z7_projects/DD_RF/vitis/RFsender_platform/hw
TRACE::2026-08-03.23:33:38::SCWPlatform:: Platform Path D:/Work/projects/zybo_z7_projects/DD_RF/vitis/RFsender_platform/hw/rfsender.xsa
TRACE::2026-08-03.23:33:38::SCWPlatform:: Unique name xilinx:zybo-z7-10::0.0
TRACE::2026-08-03.23:33:38::SCWPlatform::Trying to set the existing hwdb with name topSystem_4
TRACE::2026-08-03.23:33:38::SCWPlatform::Opened existing hwdb topSystem_4
TRACE::2026-08-03.23:33:38::SCWPlatform::Found the Hw Db part of the input DSA
TRACE::2026-08-03.23:33:38::SCWMssOS::Checking the sw design at  D:/Work/projects/zybo_z7_projects/DD_RF/vitis/RFsender_platform/zynq_fsbl/zynq_fsbl_bsp/system.mss
TRACE::2026-08-03.23:33:38::SCWMssOS::DEBUG:  swdes dump  D:/Work/projects/zybo_z7_projects/DD_RF/vitis/RFsender_platform/ps7_cortexa9_0/standalone_domain/bsp/system.mss|system_0||
D:/Work/projects/zybo_z7_projects/DD_RF/vitis/RFsender_platform/zynq_fsbl/zynq_fsbl_bsp/system.mss|system||

TRACE::2026-08-03.23:33:38::SCWMssOS::Sw design exists and opened at  D:/Work/projects/zybo_z7_projects/DD_RF/vitis/RFsender_platform/zynq_fsbl/zynq_fsbl_bsp/system.mss
TRACE::2026-08-03.23:33:38::SCWPlatform::Trying to open the hw design at D:/Work/projects/zybo_z7_projects/DD_RF/vitis/RFsender_platform/hw/rfsender.xsa
TRACE::2026-08-03.23:33:38::SCWPlatform::DSA given D:/Work/projects/zybo_z7_projects/DD_RF/vitis/RFsender_platform/hw/rfsender.xsa
TRACE::2026-08-03.23:33:38::SCWPlatform::DSA absoulate path D:/Work/projects/zybo_z7_projects/DD_RF/vitis/RFsender_platform/hw/rfsender.xsa
TRACE::2026-08-03.23:33:38::SCWPlatform::DSA directory D:/Work/projects/zybo_z7_projects/DD_RF/vitis/RFsender_platform/hw
TRACE::2026-08-03.23:33:38::SCWPlatform:: Platform Path D:/Work/projects/zybo_z7_projects/DD_RF/vitis/RFsender_platform/hw/rfsender.xsa
TRACE::2026-08-03.23:33:38::SCWPlatform:: Unique name xilinx:zybo-z7-10::0.0
TRACE::2026-08-03.23:33:38::SCWPlatform::Trying to set the existing hwdb with name topSystem_4
TRACE::2026-08-03.23:33:38::SCWPlatform::Opened existing hwdb topSystem_4
TRACE::2026-08-03.23:33:38::SCWPlatform::Found the Hw Db part of the input DSA
TRACE::2026-08-03.23:33:38::SCWMssOS::Checking the sw design at  D:/Work/projects/zybo_z7_projects/DD_RF/vitis/RFsender_platform/ps7_cortexa9_0/standalone_domain/bsp/system.mss
TRACE::2026-08-03.23:33:38::SCWMssOS::DEBUG:  swdes dump  D:/Work/projects/zybo_z7_projects/DD_RF/vitis/RFsender_platform/ps7_cortexa9_0/standalone_domain/bsp/system.mss|system_0||
D:/Work/projects/zybo_z7_projects/DD_RF/vitis/RFsender_platform/zynq_fsbl/zynq_fsbl_bsp/system.mss|system||

TRACE::2026-08-03.23:33:38::SCWMssOS::Sw design exists and opened at  D:/Work/projects/zybo_z7_projects/DD_RF/vitis/RFsender_platform/ps7_cortexa9_0/standalone_domain/bsp/system.mss
TRACE::2026-08-03.23:33:38::SCWWriter::formatted JSON is {
	"platformName":	"RFsender_platform",
	"sprVersion":	"2.0",
	"mode":	"gui",
	"dsaType":	"Fixed",
	"platformDesc":	"RFsender_platform",
	"platHandOff":	"D:/Work/projects/zybo_z7_projects/DD_RF/vivado/project_1/rfsender.xsa",
	"platIntHandOff":	"<platformDir>/hw/rfsender.xsa",
	"deviceType":	"zynq",
	"platIsPrebuiltAutogen":	"false",
	"platIsNoBootBsp":	"false",
	"hasFsblMakeHasChanges":	"false",
	"hasPmufwMakeHasChanges":	"false",
	"fsblExtraCompilerFlags":	"-MMD -MP       -mcpu=cortex-a9 -mfpu=vfpv3 -mfloat-abi=hard ",
	"platPreBuiltFlag":	false,
	"platformSamplesDir":	"",
	"platActiveSys":	"RFsender_platform",
	"systems":	[{
			"systemName":	"RFsender_platform",
			"systemDesc":	"RFsender_platform",
			"sysIsBootAutoGen":	"true",
			"systemDispName":	"RFsender_platform",
			"sysActiveDom":	"standalone_domain",
			"sysDefaultDom":	"standalone_domain",
			"domains":	[{
					"domainName":	"zynq_fsbl",
					"domainDispName":	"zynq_fsbl",
					"domainDesc":	"FSBL Application BSP - Auto Generated.",
					"processors":	"ps7_cortexa9_0",
					"os":	"standalone",
					"sdxOs":	"standalone",
					"debugEnable":	"",
					"domRuntimes":	["cpp"],
					"swRepo":	"",
					"mssOsVer":	"9.2",
					"mssFile":	"",
					"md5Digest":	"30215168a6860ec346c5df07b875ca911",
					"compatibleApp":	"zynq_fsbl",
					"domType":	"bootDomain",
					"arch":	"32-bit",
					"appSettings":	{
						"appCompilerFlags":	"",
						"appLinkerFlags":	""
					},
					"addedLibs":	["xilffs:5.3", "xilrsa:1.8"],
					"libOptions":	{
						"libsContainingOptions":	[]
					},
					"prebuiltLibs":	{
						"prebuiltIncPath":	[],
						"prebuiltLibPath":	[]
					},
					"isolation":	{
					}
				}, {
					"domainName":	"standalone_domain",
					"domainDispName":	"standalone on ps7_cortexa9_0",
					"domainDesc":	"standalone_domain",
					"processors":	"ps7_cortexa9_0",
					"os":	"standalone",
					"sdxOs":	"standalone",
					"qemuArgs":	"<platformDir>/resources/RFsender_platform/standalone_domain/qemu_args.txt",
					"qemuData":	"<platformDir>/resources/RFsender_platform/standalone_domain/qemu",
					"debugEnable":	"False",
					"domRuntimes":	["cpp"],
					"swRepo":	"",
					"mssOsVer":	"9.2",
					"mssFile":	"",
					"md5Digest":	"cdf1d043c3be5ad3d6f2b109f4a0d1611",
					"compatibleApp":	"",
					"domType":	"mssDomain",
					"appSettings":	{
						"appCompilerFlags":	"",
						"appLinkerFlags":	""
					},
					"addedLibs":	["xilffs:5.3"],
					"libOptions":	{
						"libsContainingOptions":	[]
					},
					"prebuiltLibs":	{
						"prebuiltIncPath":	[],
						"prebuiltLibPath":	[]
					},
					"isolation":	{
					}
				}]
		}]
}
LOG::2026-08-03.23:34:17::SCWPlatform::Started generating the artifacts platform RFsender_platform
TRACE::2026-08-03.23:34:17::SCWPlatform::Sanity checking of platform is completed
LOG::2026-08-03.23:34:17::SCWPlatform::Started generating the artifacts for system configuration RFsender_platform
LOG::2026-08-03.23:34:17::SCWSystem::Checking the domain zynq_fsbl
LOG::2026-08-03.23:34:17::SCWSystem::Doing application build for :  zynq_fsbl
TRACE::2026-08-03.23:34:17::SCWBDomain::Not a forced makefile updation, No changes are present. 
TRACE::2026-08-03.23:34:17::SCWDomain::Building the domain as part of full build :  zynq_fsbl
TRACE::2026-08-03.23:34:17::SCWPlatform::Trying to open the hw design at D:/Work/projects/zybo_z7_projects/DD_RF/vitis/RFsender_platform/hw/rfsender.xsa
TRACE::2026-08-03.23:34:17::SCWPlatform::DSA given D:/Work/projects/zybo_z7_projects/DD_RF/vitis/RFsender_platform/hw/rfsender.xsa
TRACE::2026-08-03.23:34:17::SCWPlatform::DSA absoulate path D:/Work/projects/zybo_z7_projects/DD_RF/vitis/RFsender_platform/hw/rfsender.xsa
TRACE::2026-08-03.23:34:17::SCWPlatform::DSA directory D:/Work/projects/zybo_z7_projects/DD_RF/vitis/RFsender_platform/hw
TRACE::2026-08-03.23:34:17::SCWPlatform:: Platform Path D:/Work/projects/zybo_z7_projects/DD_RF/vitis/RFsender_platform/hw/rfsender.xsa
TRACE::2026-08-03.23:34:17::SCWPlatform:: Unique name xilinx:zybo-z7-10::0.0
TRACE::2026-08-03.23:34:17::SCWPlatform::Trying to set the existing hwdb with name topSystem_4
TRACE::2026-08-03.23:34:17::SCWPlatform::Opened existing hwdb topSystem_4
TRACE::2026-08-03.23:34:17::SCWPlatform::Found the Hw Db part of the input DSA
TRACE::2026-08-03.23:34:17::SCWMssOS::Checking the sw design at  D:/Work/projects/zybo_z7_projects/DD_RF/vitis/RFsender_platform/zynq_fsbl/zynq_fsbl_bsp/system.mss
TRACE::2026-08-03.23:34:17::SCWMssOS::DEBUG:  swdes dump  D:/Work/projects/zybo_z7_projects/DD_RF/vitis/RFsender_platform/ps7_cortexa9_0/standalone_domain/bsp/system.mss|system_0||
D:/Work/projects/zybo_z7_projects/DD_RF/vitis/RFsender_platform/zynq_fsbl/zynq_fsbl_bsp/system.mss|system||

TRACE::2026-08-03.23:34:17::SCWMssOS::Sw design exists and opened at  D:/Work/projects/zybo_z7_projects/DD_RF/vitis/RFsender_platform/zynq_fsbl/zynq_fsbl_bsp/system.mss
TRACE::2026-08-03.23:34:17::SCWBDomain::Completed writing the mss file at D:/Work/projects/zybo_z7_projects/DD_RF/vitis/RFsender_platform/zynq_fsbl/zynq_fsbl_bsp
TRACE::2026-08-03.23:34:18::SCWBDomain::bsp generated is stale removing and regenerating. 
TRACE::2026-08-03.23:34:21::SCWBDomain::Updating the makefile used for building the Application zynq_fsbl
TRACE::2026-08-03.23:34:21::SCWPlatform::Trying to open the hw design at D:/Work/projects/zybo_z7_projects/DD_RF/vitis/RFsender_platform/hw/rfsender.xsa
TRACE::2026-08-03.23:34:21::SCWPlatform::DSA given D:/Work/projects/zybo_z7_projects/DD_RF/vitis/RFsender_platform/hw/rfsender.xsa
TRACE::2026-08-03.23:34:21::SCWPlatform::DSA absoulate path D:/Work/projects/zybo_z7_projects/DD_RF/vitis/RFsender_platform/hw/rfsender.xsa
TRACE::2026-08-03.23:34:21::SCWPlatform::DSA directory D:/Work/projects/zybo_z7_projects/DD_RF/vitis/RFsender_platform/hw
TRACE::2026-08-03.23:34:21::SCWPlatform:: Platform Path D:/Work/projects/zybo_z7_projects/DD_RF/vitis/RFsender_platform/hw/rfsender.xsa
TRACE::2026-08-03.23:34:21::SCWPlatform:: Unique name xilinx:zybo-z7-10::0.0
TRACE::2026-08-03.23:34:21::SCWPlatform::Trying to set the existing hwdb with name topSystem_4
TRACE::2026-08-03.23:34:21::SCWPlatform::Opened existing hwdb topSystem_4
TRACE::2026-08-03.23:34:21::SCWPlatform::Found the Hw Db part of the input DSA
TRACE::2026-08-03.23:34:21::SCWMssOS::Checking the sw design at  D:/Work/projects/zybo_z7_projects/DD_RF/vitis/RFsender_platform/zynq_fsbl/zynq_fsbl_bsp/system.mss
TRACE::2026-08-03.23:34:21::SCWMssOS::DEBUG:  swdes dump  D:/Work/projects/zybo_z7_projects/DD_RF/vitis/RFsender_platform/ps7_cortexa9_0/standalone_domain/bsp/system.mss|system_0||

TRACE::2026-08-03.23:34:21::SCWMssOS::No sw design opened at  D:/Work/projects/zybo_z7_projects/DD_RF/vitis/RFsender_platform/zynq_fsbl/zynq_fsbl_bsp/system.mss
TRACE::2026-08-03.23:34:21::SCWMssOS::mss exists loading the mss file  D:/Work/projects/zybo_z7_projects/DD_RF/vitis/RFsender_platform/zynq_fsbl/zynq_fsbl_bsp/system.mss
TRACE::2026-08-03.23:34:21::SCWMssOS::Opened the sw design from mss  D:/Work/projects/zybo_z7_projects/DD_RF/vitis/RFsender_platform/zynq_fsbl/zynq_fsbl_bsp/system.mss
TRACE::2026-08-03.23:34:21::SCWMssOS::Adding the swdes entry D:/Work/projects/zybo_z7_projects/DD_RF/vitis/RFsender_platform/zynq_fsbl/zynq_fsbl_bsp/system.mss with des name system
TRACE::2026-08-03.23:34:21::SCWMssOS::updating the scw layer about changes
TRACE::2026-08-03.23:34:21::SCWMssOS::Opened the sw design.  D:/Work/projects/zybo_z7_projects/DD_RF/vitis/RFsender_platform/zynq_fsbl/zynq_fsbl_bsp/system.mss
TRACE::2026-08-03.23:34:27::SCWBDomain::removing the temporary location in _platform.
TRACE::2026-08-03.23:34:27::SCWBDomain::Makefile is Updated.
TRACE::2026-08-03.23:34:27::SCWBDomain::doing clean.
TRACE::2026-08-03.23:34:27::SCWBDomain::System Command Ran  D:&  cd  D:/Work/projects/zybo_z7_projects/DD_RF/vitis/RFsender_platform/zynq_fsbl & make clean
TRACE::2026-08-03.23:34:28::SCWBDomain::rm -rf  sd.o  nand.o  image_mover.o  md5.o  fsbl_hooks.o  main.o  nor.o  qspi.o  rsa.o  ps7_init.o  pcap.o  fsbl_handoff.o zynq
TRACE::2026-08-03.23:34:28::SCWBDomain::_fsbl_bsp/ps7_cortexa9_0/lib/libxil.a fsbl.elf *.o

TRACE::2026-08-03.23:34:28::SCWBDomain::System Command Ran  D:&  cd  D:/Work/projects/zybo_z7_projects/DD_RF/vitis/RFsender_platform/zynq_fsbl& make -C  zynq_fsbl_bsp & make 
TRACE::2026-08-03.23:34:28::SCWBDomain::make: Entering directory 'D:/Work/projects/zybo_z7_projects/DD_RF/vitis/RFsender_platform/zynq_fsbl/zynq_fsbl_bsp'

TRACE::2026-08-03.23:34:28::SCWBDomain::make --no-print-directory seq_libs

TRACE::2026-08-03.23:34:29::SCWBDomain::"Running Make include in ps7_cortexa9_0/libsrc/coresightps_dcc_v1_11/src"

TRACE::2026-08-03.23:34:29::SCWBDomain::make -C ps7_cortexa9_0/libsrc/coresightps_dcc_v1_11/src -s include  "SHELL=CMD" "COMPILER=arm-none-eabi-gcc" "ASSEMBLER=arm-non
TRACE::2026-08-03.23:34:29::SCWBDomain::e-eabi-as" "ARCHIVER=arm-none-eabi-ar" "COMPILER_FLAGS=  -O2 -c" "EXTRA_COMPILER_FLAGS=-mcpu=cortex-a9 -mfpu=vfpv3 -mfloat-abi=
TRACE::2026-08-03.23:34:29::SCWBDomain::hard -nostartfiles -g -Wall -Wextra -fno-tree-loop-distribute-patterns"

TRACE::2026-08-03.23:34:29::SCWBDomain::"Running Make include in ps7_cortexa9_0/libsrc/cpu_cortexa9_v2_12/src"

TRACE::2026-08-03.23:34:29::SCWBDomain::make -C ps7_cortexa9_0/libsrc/cpu_cortexa9_v2_12/src -s include  "SHELL=CMD" "COMPILER=arm-none-eabi-gcc" "ASSEMBLER=arm-none-e
TRACE::2026-08-03.23:34:29::SCWBDomain::abi-as" "ARCHIVER=arm-none-eabi-ar" "COMPILER_FLAGS=  -O2 -c" "EXTRA_COMPILER_FLAGS=-mcpu=cortex-a9 -mfpu=vfpv3 -mfloat-abi=har
TRACE::2026-08-03.23:34:29::SCWBDomain::d -nostartfiles -g -Wall -Wextra -fno-tree-loop-distribute-patterns"

TRACE::2026-08-03.23:34:29::SCWBDomain::"Running Make include in ps7_cortexa9_0/libsrc/ddrps_v1_2/src"

TRACE::2026-08-03.23:34:29::SCWBDomain::make -C ps7_cortexa9_0/libsrc/ddrps_v1_2/src -s include  "SHELL=CMD" "COMPILER=arm-none-eabi-gcc" "ASSEMBLER=arm-none-eabi-as" 
TRACE::2026-08-03.23:34:29::SCWBDomain::"ARCHIVER=arm-none-eabi-ar" "COMPILER_FLAGS=  -O2 -c" "EXTRA_COMPILER_FLAGS=-mcpu=cortex-a9 -mfpu=vfpv3 -mfloat-abi=hard -nosta
TRACE::2026-08-03.23:34:29::SCWBDomain::rtfiles -g -Wall -Wextra -fno-tree-loop-distribute-patterns"

TRACE::2026-08-03.23:34:29::SCWBDomain::"Running Make include in ps7_cortexa9_0/libsrc/devcfg_v3_8/src"

TRACE::2026-08-03.23:34:29::SCWBDomain::make -C ps7_cortexa9_0/libsrc/devcfg_v3_8/src -s include  "SHELL=CMD" "COMPILER=arm-none-eabi-gcc" "ASSEMBLER=arm-none-eabi-as"
TRACE::2026-08-03.23:34:29::SCWBDomain:: "ARCHIVER=arm-none-eabi-ar" "COMPILER_FLAGS=  -O2 -c" "EXTRA_COMPILER_FLAGS=-mcpu=cortex-a9 -mfpu=vfpv3 -mfloat-abi=hard -nost
TRACE::2026-08-03.23:34:29::SCWBDomain::artfiles -g -Wall -Wextra -fno-tree-loop-distribute-patterns"

TRACE::2026-08-03.23:34:29::SCWBDomain::"Running Make include in ps7_cortexa9_0/libsrc/dmaps_v2_11/src"

TRACE::2026-08-03.23:34:29::SCWBDomain::make -C ps7_cortexa9_0/libsrc/dmaps_v2_11/src -s include  "SHELL=CMD" "COMPILER=arm-none-eabi-gcc" "ASSEMBLER=arm-none-eabi-as"
TRACE::2026-08-03.23:34:29::SCWBDomain:: "ARCHIVER=arm-none-eabi-ar" "COMPILER_FLAGS=  -O2 -c" "EXTRA_COMPILER_FLAGS=-mcpu=cortex-a9 -mfpu=vfpv3 -mfloat-abi=hard -nost
TRACE::2026-08-03.23:34:29::SCWBDomain::artfiles -g -Wall -Wextra -fno-tree-loop-distribute-patterns"

TRACE::2026-08-03.23:34:29::SCWBDomain::"Running Make include in ps7_cortexa9_0/libsrc/emacps_v3_21/src"

TRACE::2026-08-03.23:34:29::SCWBDomain::make -C ps7_cortexa9_0/libsrc/emacps_v3_21/src -s include  "SHELL=CMD" "COMPILER=arm-none-eabi-gcc" "ASSEMBLER=arm-none-eabi-as
TRACE::2026-08-03.23:34:29::SCWBDomain::" "ARCHIVER=arm-none-eabi-ar" "COMPILER_FLAGS=  -O2 -c" "EXTRA_COMPILER_FLAGS=-mcpu=cortex-a9 -mfpu=vfpv3 -mfloat-abi=hard -nos
TRACE::2026-08-03.23:34:29::SCWBDomain::tartfiles -g -Wall -Wextra -fno-tree-loop-distribute-patterns"

TRACE::2026-08-03.23:34:30::SCWBDomain::"Running Make include in ps7_cortexa9_0/libsrc/gpiops_v3_13/src"

TRACE::2026-08-03.23:34:30::SCWBDomain::make -C ps7_cortexa9_0/libsrc/gpiops_v3_13/src -s include  "SHELL=CMD" "COMPILER=arm-none-eabi-gcc" "ASSEMBLER=arm-none-eabi-as
TRACE::2026-08-03.23:34:30::SCWBDomain::" "ARCHIVER=arm-none-eabi-ar" "COMPILER_FLAGS=  -O2 -c" "EXTRA_COMPILER_FLAGS=-mcpu=cortex-a9 -mfpu=vfpv3 -mfloat-abi=hard -nos
TRACE::2026-08-03.23:34:30::SCWBDomain::tartfiles -g -Wall -Wextra -fno-tree-loop-distribute-patterns"

TRACE::2026-08-03.23:34:30::SCWBDomain::"Running Make include in ps7_cortexa9_0/libsrc/qspips_v3_13/src"

TRACE::2026-08-03.23:34:30::SCWBDomain::make -C ps7_cortexa9_0/libsrc/qspips_v3_13/src -s include  "SHELL=CMD" "COMPILER=arm-none-eabi-gcc" "ASSEMBLER=arm-none-eabi-as
TRACE::2026-08-03.23:34:30::SCWBDomain::" "ARCHIVER=arm-none-eabi-ar" "COMPILER_FLAGS=  -O2 -c" "EXTRA_COMPILER_FLAGS=-mcpu=cortex-a9 -mfpu=vfpv3 -mfloat-abi=hard -nos
TRACE::2026-08-03.23:34:30::SCWBDomain::tartfiles -g -Wall -Wextra -fno-tree-loop-distribute-patterns"

TRACE::2026-08-03.23:34:30::SCWBDomain::"Running Make include in ps7_cortexa9_0/libsrc/scugic_v5_4/src"

TRACE::2026-08-03.23:34:30::SCWBDomain::make -C ps7_cortexa9_0/libsrc/scugic_v5_4/src -s include  "SHELL=CMD" "COMPILER=arm-none-eabi-gcc" "ASSEMBLER=arm-none-eabi-as"
TRACE::2026-08-03.23:34:30::SCWBDomain:: "ARCHIVER=arm-none-eabi-ar" "COMPILER_FLAGS=  -O2 -c" "EXTRA_COMPILER_FLAGS=-mcpu=cortex-a9 -mfpu=vfpv3 -mfloat-abi=hard -nost
TRACE::2026-08-03.23:34:30::SCWBDomain::artfiles -g -Wall -Wextra -fno-tree-loop-distribute-patterns"

TRACE::2026-08-03.23:34:30::SCWBDomain::"Running Make include in ps7_cortexa9_0/libsrc/scutimer_v2_6/src"

TRACE::2026-08-03.23:34:30::SCWBDomain::make -C ps7_cortexa9_0/libsrc/scutimer_v2_6/src -s include  "SHELL=CMD" "COMPILER=arm-none-eabi-gcc" "ASSEMBLER=arm-none-eabi-a
TRACE::2026-08-03.23:34:30::SCWBDomain::s" "ARCHIVER=arm-none-eabi-ar" "COMPILER_FLAGS=  -O2 -c" "EXTRA_COMPILER_FLAGS=-mcpu=cortex-a9 -mfpu=vfpv3 -mfloat-abi=hard -no
TRACE::2026-08-03.23:34:30::SCWBDomain::startfiles -g -Wall -Wextra -fno-tree-loop-distribute-patterns"

TRACE::2026-08-03.23:34:30::SCWBDomain::"Running Make include in ps7_cortexa9_0/libsrc/scuwdt_v2_6/src"

TRACE::2026-08-03.23:34:30::SCWBDomain::make -C ps7_cortexa9_0/libsrc/scuwdt_v2_6/src -s include  "SHELL=CMD" "COMPILER=arm-none-eabi-gcc" "ASSEMBLER=arm-none-eabi-as"
TRACE::2026-08-03.23:34:30::SCWBDomain:: "ARCHIVER=arm-none-eabi-ar" "COMPILER_FLAGS=  -O2 -c" "EXTRA_COMPILER_FLAGS=-mcpu=cortex-a9 -mfpu=vfpv3 -mfloat-abi=hard -nost
TRACE::2026-08-03.23:34:30::SCWBDomain::artfiles -g -Wall -Wextra -fno-tree-loop-distribute-patterns"

TRACE::2026-08-03.23:34:31::SCWBDomain::"Running Make include in ps7_cortexa9_0/libsrc/sdps_v4_4/src"

TRACE::2026-08-03.23:34:31::SCWBDomain::make -C ps7_cortexa9_0/libsrc/sdps_v4_4/src -s include  "SHELL=CMD" "COMPILER=arm-none-eabi-gcc" "ASSEMBLER=arm-none-eabi-as" "
TRACE::2026-08-03.23:34:31::SCWBDomain::ARCHIVER=arm-none-eabi-ar" "COMPILER_FLAGS=  -O2 -c" "EXTRA_COMPILER_FLAGS=-mcpu=cortex-a9 -mfpu=vfpv3 -mfloat-abi=hard -nostar
TRACE::2026-08-03.23:34:31::SCWBDomain::tfiles -g -Wall -Wextra -fno-tree-loop-distribute-patterns"

TRACE::2026-08-03.23:34:31::SCWBDomain::"Running Make include in ps7_cortexa9_0/libsrc/standalone_v9_2/src"

TRACE::2026-08-03.23:34:31::SCWBDomain::make -C ps7_cortexa9_0/libsrc/standalone_v9_2/src -s include  "SHELL=CMD" "COMPILER=arm-none-eabi-gcc" "ASSEMBLER=arm-none-eabi
TRACE::2026-08-03.23:34:31::SCWBDomain::-as" "ARCHIVER=arm-none-eabi-ar" "COMPILER_FLAGS=  -O2 -c" "EXTRA_COMPILER_FLAGS=-mcpu=cortex-a9 -mfpu=vfpv3 -mfloat-abi=hard -
TRACE::2026-08-03.23:34:31::SCWBDomain::nostartfiles -g -Wall -Wextra -fno-tree-loop-distribute-patterns"

TRACE::2026-08-03.23:34:33::SCWBDomain::"Running Make include in ps7_cortexa9_0/libsrc/uartps_v3_15/src"

TRACE::2026-08-03.23:34:33::SCWBDomain::make -C ps7_cortexa9_0/libsrc/uartps_v3_15/src -s include  "SHELL=CMD" "COMPILER=arm-none-eabi-gcc" "ASSEMBLER=arm-none-eabi-as
TRACE::2026-08-03.23:34:33::SCWBDomain::" "ARCHIVER=arm-none-eabi-ar" "COMPILER_FLAGS=  -O2 -c" "EXTRA_COMPILER_FLAGS=-mcpu=cortex-a9 -mfpu=vfpv3 -mfloat-abi=hard -nos
TRACE::2026-08-03.23:34:33::SCWBDomain::tartfiles -g -Wall -Wextra -fno-tree-loop-distribute-patterns"

TRACE::2026-08-03.23:34:33::SCWBDomain::"Running Make include in ps7_cortexa9_0/libsrc/usbps_v2_9/src"

TRACE::2026-08-03.23:34:33::SCWBDomain::make -C ps7_cortexa9_0/libsrc/usbps_v2_9/src -s include  "SHELL=CMD" "COMPILER=arm-none-eabi-gcc" "ASSEMBLER=arm-none-eabi-as" 
TRACE::2026-08-03.23:34:33::SCWBDomain::"ARCHIVER=arm-none-eabi-ar" "COMPILER_FLAGS=  -O2 -c" "EXTRA_COMPILER_FLAGS=-mcpu=cortex-a9 -mfpu=vfpv3 -mfloat-abi=hard -nosta
TRACE::2026-08-03.23:34:33::SCWBDomain::rtfiles -g -Wall -Wextra -fno-tree-loop-distribute-patterns"

TRACE::2026-08-03.23:34:33::SCWBDomain::"Running Make include in ps7_cortexa9_0/libsrc/xadcps_v2_7/src"

TRACE::2026-08-03.23:34:33::SCWBDomain::make -C ps7_cortexa9_0/libsrc/xadcps_v2_7/src -s include  "SHELL=CMD" "COMPILER=arm-none-eabi-gcc" "ASSEMBLER=arm-none-eabi-as"
TRACE::2026-08-03.23:34:33::SCWBDomain:: "ARCHIVER=arm-none-eabi-ar" "COMPILER_FLAGS=  -O2 -c" "EXTRA_COMPILER_FLAGS=-mcpu=cortex-a9 -mfpu=vfpv3 -mfloat-abi=hard -nost
TRACE::2026-08-03.23:34:33::SCWBDomain::artfiles -g -Wall -Wextra -fno-tree-loop-distribute-patterns"

TRACE::2026-08-03.23:34:33::SCWBDomain::"Running Make include in ps7_cortexa9_0/libsrc/xilffs_v5_3/src"

TRACE::2026-08-03.23:34:33::SCWBDomain::make -C ps7_cortexa9_0/libsrc/xilffs_v5_3/src -s include  "SHELL=CMD" "COMPILER=arm-none-eabi-gcc" "ASSEMBLER=arm-none-eabi-as"
TRACE::2026-08-03.23:34:33::SCWBDomain:: "ARCHIVER=arm-none-eabi-ar" "COMPILER_FLAGS=  -O2 -c" "EXTRA_COMPILER_FLAGS=-mcpu=cortex-a9 -mfpu=vfpv3 -mfloat-abi=hard -nost
TRACE::2026-08-03.23:34:33::SCWBDomain::artfiles -g -Wall -Wextra -fno-tree-loop-distribute-patterns"

TRACE::2026-08-03.23:34:33::SCWBDomain::"Running Make include in ps7_cortexa9_0/libsrc/xilrsa_v1_8/src"

TRACE::2026-08-03.23:34:33::SCWBDomain::make -C ps7_cortexa9_0/libsrc/xilrsa_v1_8/src -s include  "SHELL=CMD" "COMPILER=arm-none-eabi-gcc" "ASSEMBLER=arm-none-eabi-as"
TRACE::2026-08-03.23:34:33::SCWBDomain:: "ARCHIVER=arm-none-eabi-ar" "COMPILER_FLAGS=  -O2 -c" "EXTRA_COMPILER_FLAGS=-mcpu=cortex-a9 -mfpu=vfpv3 -mfloat-abi=hard -nost
TRACE::2026-08-03.23:34:33::SCWBDomain::artfiles -g -Wall -Wextra -fno-tree-loop-distribute-patterns"

TRACE::2026-08-03.23:34:34::SCWBDomain::"Running Make libs in ps7_cortexa9_0/libsrc/xilrsa_v1_8/src"

TRACE::2026-08-03.23:34:34::SCWBDomain::make -C ps7_cortexa9_0/libsrc/xilrsa_v1_8/src -s libs  "SHELL=CMD" "COMPILER=arm-none-eabi-gcc" "ASSEMBLER=arm-none-eabi-as" "A
TRACE::2026-08-03.23:34:34::SCWBDomain::RCHIVER=arm-none-eabi-ar" "COMPILER_FLAGS=  -O2 -c" "EXTRA_COMPILER_FLAGS=-mcpu=cortex-a9 -mfpu=vfpv3 -mfloat-abi=hard -nostart
TRACE::2026-08-03.23:34:34::SCWBDomain::files -g -Wall -Wextra -fno-tree-loop-distribute-patterns"

TRACE::2026-08-03.23:34:34::SCWBDomain::'Finished building libraries sequentially.'

TRACE::2026-08-03.23:34:34::SCWBDomain::make -j 14 --no-print-directory par_libs

TRACE::2026-08-03.23:34:34::SCWBDomain::"Running Make include in ps7_cortexa9_0/libsrc/coresightps_dcc_v1_11/src"

TRACE::2026-08-03.23:34:34::SCWBDomain::make -C ps7_cortexa9_0/libsrc/coresightps_dcc_v1_11/src -s include  "SHELL=CMD" "COMPILER=arm-none-eabi-gcc" "ASSEMBLER=arm-non
TRACE::2026-08-03.23:34:34::SCWBDomain::e-eabi-as" "ARCHIVER=arm-none-eabi-ar" "COMPILER_FLAGS=  -O2 -c" "EXTRA_COMPILER_FLAGS=-mcpu=cortex-a9 -mfpu=vfpv3 -mfloat-abi=
TRACE::2026-08-03.23:34:34::SCWBDomain::hard -nostartfiles -g -Wall -Wextra -fno-tree-loop-distribute-patterns"

TRACE::2026-08-03.23:34:34::SCWBDomain::"Running Make include in ps7_cortexa9_0/libsrc/cpu_cortexa9_v2_12/src"

TRACE::2026-08-03.23:34:34::SCWBDomain::make -C ps7_cortexa9_0/libsrc/cpu_cortexa9_v2_12/src -s include  "SHELL=CMD" "COMPILER=arm-none-eabi-gcc" "ASSEMBLER=arm-none-e
TRACE::2026-08-03.23:34:34::SCWBDomain::abi-as" "ARCHIVER=arm-none-eabi-ar" "COMPILER_FLAGS=  -O2 -c" "EXTRA_COMPILER_FLAGS=-mcpu=cortex-a9 -mfpu=vfpv3 -mfloat-abi=har
TRACE::2026-08-03.23:34:34::SCWBDomain::d -nostartfiles -g -Wall -Wextra -fno-tree-loop-distribute-patterns"

TRACE::2026-08-03.23:34:34::SCWBDomain::"Running Make include in ps7_cortexa9_0/libsrc/ddrps_v1_2/src"

TRACE::2026-08-03.23:34:34::SCWBDomain::make -C ps7_cortexa9_0/libsrc/ddrps_v1_2/src -s include  "SHELL=CMD" "COMPILER=arm-none-eabi-gcc" "ASSEMBLER=arm-none-eabi-as" 
TRACE::2026-08-03.23:34:34::SCWBDomain::"ARCHIVER=arm-none-eabi-ar" "COMPILER_FLAGS=  -O2 -c" "EXTRA_COMPILER_FLAGS=-mcpu=cortex-a9 -mfpu=vfpv3 -mfloat-abi=hard -nosta
TRACE::2026-08-03.23:34:34::SCWBDomain::rtfiles -g -Wall -Wextra -fno-tree-loop-distribute-patterns"

TRACE::2026-08-03.23:34:34::SCWBDomain::"Running Make include in ps7_cortexa9_0/libsrc/devcfg_v3_8/src"

TRACE::2026-08-03.23:34:34::SCWBDomain::make -C ps7_cortexa9_0/libsrc/devcfg_v3_8/src -s include  "SHELL=CMD" "COMPILER=arm-none-eabi-gcc" "ASSEMBLER=arm-none-eabi-as"
TRACE::2026-08-03.23:34:34::SCWBDomain:: "ARCHIVER=arm-none-eabi-ar" "COMPILER_FLAGS=  -O2 -c" "EXTRA_COMPILER_FLAGS=-mcpu=cortex-a9 -mfpu=vfpv3 -mfloat-abi=hard -nost
TRACE::2026-08-03.23:34:34::SCWBDomain::artfiles -g -Wall -Wextra -fno-tree-loop-distribute-patterns"

TRACE::2026-08-03.23:34:34::SCWBDomain::"Running Make include in ps7_cortexa9_0/libsrc/dmaps_v2_11/src"

TRACE::2026-08-03.23:34:34::SCWBDomain::make -C ps7_cortexa9_0/libsrc/dmaps_v2_11/src -s include  "SHELL=CMD" "COMPILER=arm-none-eabi-gcc" "ASSEMBLER=arm-none-eabi-as"
TRACE::2026-08-03.23:34:34::SCWBDomain:: "ARCHIVER=arm-none-eabi-ar" "COMPILER_FLAGS=  -O2 -c" "EXTRA_COMPILER_FLAGS=-mcpu=cortex-a9 -mfpu=vfpv3 -mfloat-abi=hard -nost
TRACE::2026-08-03.23:34:34::SCWBDomain::artfiles -g -Wall -Wextra -fno-tree-loop-distribute-patterns"

TRACE::2026-08-03.23:34:34::SCWBDomain::"Running Make include in ps7_cortexa9_0/libsrc/emacps_v3_21/src"

TRACE::2026-08-03.23:34:34::SCWBDomain::make -C ps7_cortexa9_0/libsrc/emacps_v3_21/src -s include  "SHELL=CMD" "COMPILER=arm-none-eabi-gcc" "ASSEMBLER=arm-none-eabi-as
TRACE::2026-08-03.23:34:34::SCWBDomain::" "ARCHIVER=arm-none-eabi-ar" "COMPILER_FLAGS=  -O2 -c" "EXTRA_COMPILER_FLAGS=-mcpu=cortex-a9 -mfpu=vfpv3 -mfloat-abi=hard -nos
TRACE::2026-08-03.23:34:34::SCWBDomain::tartfiles -g -Wall -Wextra -fno-tree-loop-distribute-patterns"

TRACE::2026-08-03.23:34:34::SCWBDomain::"Running Make include in ps7_cortexa9_0/libsrc/gpiops_v3_13/src"

TRACE::2026-08-03.23:34:34::SCWBDomain::make -C ps7_cortexa9_0/libsrc/gpiops_v3_13/src -s include  "SHELL=CMD" "COMPILER=arm-none-eabi-gcc" "ASSEMBLER=arm-none-eabi-as
TRACE::2026-08-03.23:34:34::SCWBDomain::" "ARCHIVER=arm-none-eabi-ar" "COMPILER_FLAGS=  -O2 -c" "EXTRA_COMPILER_FLAGS=-mcpu=cortex-a9 -mfpu=vfpv3 -mfloat-abi=hard -nos
TRACE::2026-08-03.23:34:34::SCWBDomain::tartfiles -g -Wall -Wextra -fno-tree-loop-distribute-patterns"

TRACE::2026-08-03.23:34:34::SCWBDomain::"Running Make include in ps7_cortexa9_0/libsrc/qspips_v3_13/src"

TRACE::2026-08-03.23:34:34::SCWBDomain::make -C ps7_cortexa9_0/libsrc/qspips_v3_13/src -s include  "SHELL=CMD" "COMPILER=arm-none-eabi-gcc" "ASSEMBLER=arm-none-eabi-as
TRACE::2026-08-03.23:34:34::SCWBDomain::" "ARCHIVER=arm-none-eabi-ar" "COMPILER_FLAGS=  -O2 -c" "EXTRA_COMPILER_FLAGS=-mcpu=cortex-a9 -mfpu=vfpv3 -mfloat-abi=hard -nos
TRACE::2026-08-03.23:34:34::SCWBDomain::tartfiles -g -Wall -Wextra -fno-tree-loop-distribute-patterns"

TRACE::2026-08-03.23:34:34::SCWBDomain::"Running Make include in ps7_cortexa9_0/libsrc/scugic_v5_4/src"

TRACE::2026-08-03.23:34:34::SCWBDomain::make -C ps7_cortexa9_0/libsrc/scugic_v5_4/src -s include  "SHELL=CMD" "COMPILER=arm-none-eabi-gcc" "ASSEMBLER=arm-none-eabi-as"
TRACE::2026-08-03.23:34:34::SCWBDomain:: "ARCHIVER=arm-none-eabi-ar" "COMPILER_FLAGS=  -O2 -c" "EXTRA_COMPILER_FLAGS=-mcpu=cortex-a9 -mfpu=vfpv3 -mfloat-abi=hard -nost
TRACE::2026-08-03.23:34:34::SCWBDomain::artfiles -g -Wall -Wextra -fno-tree-loop-distribute-patterns"

TRACE::2026-08-03.23:34:34::SCWBDomain::"Running Make include in ps7_cortexa9_0/libsrc/scutimer_v2_6/src"

TRACE::2026-08-03.23:34:34::SCWBDomain::make -C ps7_cortexa9_0/libsrc/scutimer_v2_6/src -s include  "SHELL=CMD" "COMPILER=arm-none-eabi-gcc" "ASSEMBLER=arm-none-eabi-a
TRACE::2026-08-03.23:34:34::SCWBDomain::s" "ARCHIVER=arm-none-eabi-ar" "COMPILER_FLAGS=  -O2 -c" "EXTRA_COMPILER_FLAGS=-mcpu=cortex-a9 -mfpu=vfpv3 -mfloat-abi=hard -no
TRACE::2026-08-03.23:34:34::SCWBDomain::startfiles -g -Wall -Wextra -fno-tree-loop-distribute-patterns"

TRACE::2026-08-03.23:34:34::SCWBDomain::"Running Make include in ps7_cortexa9_0/libsrc/scuwdt_v2_6/src"

TRACE::2026-08-03.23:34:34::SCWBDomain::make -C ps7_cortexa9_0/libsrc/scuwdt_v2_6/src -s include  "SHELL=CMD" "COMPILER=arm-none-eabi-gcc" "ASSEMBLER=arm-none-eabi-as"
TRACE::2026-08-03.23:34:34::SCWBDomain:: "ARCHIVER=arm-none-eabi-ar" "COMPILER_FLAGS=  -O2 -c" "EXTRA_COMPILER_FLAGS=-mcpu=cortex-a9 -mfpu=vfpv3 -mfloat-abi=hard -nost
TRACE::2026-08-03.23:34:34::SCWBDomain::artfiles -g -Wall -Wextra -fno-tree-loop-distribute-patterns"

TRACE::2026-08-03.23:34:34::SCWBDomain::"Running Make include in ps7_cortexa9_0/libsrc/sdps_v4_4/src"

TRACE::2026-08-03.23:34:34::SCWBDomain::make -C ps7_cortexa9_0/libsrc/sdps_v4_4/src -s include  "SHELL=CMD" "COMPILER=arm-none-eabi-gcc" "ASSEMBLER=arm-none-eabi-as" "
TRACE::2026-08-03.23:34:34::SCWBDomain::ARCHIVER=arm-none-eabi-ar" "COMPILER_FLAGS=  -O2 -c" "EXTRA_COMPILER_FLAGS=-mcpu=cortex-a9 -mfpu=vfpv3 -mfloat-abi=hard -nostar
TRACE::2026-08-03.23:34:34::SCWBDomain::tfiles -g -Wall -Wextra -fno-tree-loop-distribute-patterns"

TRACE::2026-08-03.23:34:34::SCWBDomain::"Running Make include in ps7_cortexa9_0/libsrc/standalone_v9_2/src"

TRACE::2026-08-03.23:34:34::SCWBDomain::make -C ps7_cortexa9_0/libsrc/standalone_v9_2/src -s include  "SHELL=CMD" "COMPILER=arm-none-eabi-gcc" "ASSEMBLER=arm-none-eabi
TRACE::2026-08-03.23:34:34::SCWBDomain::-as" "ARCHIVER=arm-none-eabi-ar" "COMPILER_FLAGS=  -O2 -c" "EXTRA_COMPILER_FLAGS=-mcpu=cortex-a9 -mfpu=vfpv3 -mfloat-abi=hard -
TRACE::2026-08-03.23:34:34::SCWBDomain::nostartfiles -g -Wall -Wextra -fno-tree-loop-distribute-patterns"

TRACE::2026-08-03.23:34:34::SCWBDomain::"Running Make include in ps7_cortexa9_0/libsrc/uartps_v3_15/src"

TRACE::2026-08-03.23:34:35::SCWBDomain::make -C ps7_cortexa9_0/libsrc/uartps_v3_15/src -s include  "SHELL=CMD" "COMPILER=arm-none-eabi-gcc" "ASSEMBLER=arm-none-eabi-as
TRACE::2026-08-03.23:34:35::SCWBDomain::" "ARCHIVER=arm-none-eabi-ar" "COMPILER_FLAGS=  -O2 -c" "EXTRA_COMPILER_FLAGS=-mcpu=cortex-a9 -mfpu=vfpv3 -mfloat-abi=hard -nos
TRACE::2026-08-03.23:34:35::SCWBDomain::tartfiles -g -Wall -Wextra -fno-tree-loop-distribute-patterns"

TRACE::2026-08-03.23:34:35::SCWBDomain::"Running Make include in ps7_cortexa9_0/libsrc/usbps_v2_9/src"

TRACE::2026-08-03.23:34:35::SCWBDomain::make -C ps7_cortexa9_0/libsrc/usbps_v2_9/src -s include  "SHELL=CMD" "COMPILER=arm-none-eabi-gcc" "ASSEMBLER=arm-none-eabi-as" 
TRACE::2026-08-03.23:34:35::SCWBDomain::"ARCHIVER=arm-none-eabi-ar" "COMPILER_FLAGS=  -O2 -c" "EXTRA_COMPILER_FLAGS=-mcpu=cortex-a9 -mfpu=vfpv3 -mfloat-abi=hard -nosta
TRACE::2026-08-03.23:34:35::SCWBDomain::rtfiles -g -Wall -Wextra -fno-tree-loop-distribute-patterns"

TRACE::2026-08-03.23:34:35::SCWBDomain::"Running Make include in ps7_cortexa9_0/libsrc/xadcps_v2_7/src"

TRACE::2026-08-03.23:34:35::SCWBDomain::make -C ps7_cortexa9_0/libsrc/xadcps_v2_7/src -s include  "SHELL=CMD" "COMPILER=arm-none-eabi-gcc" "ASSEMBLER=arm-none-eabi-as"
TRACE::2026-08-03.23:34:35::SCWBDomain:: "ARCHIVER=arm-none-eabi-ar" "COMPILER_FLAGS=  -O2 -c" "EXTRA_COMPILER_FLAGS=-mcpu=cortex-a9 -mfpu=vfpv3 -mfloat-abi=hard -nost
TRACE::2026-08-03.23:34:35::SCWBDomain::artfiles -g -Wall -Wextra -fno-tree-loop-distribute-patterns"

TRACE::2026-08-03.23:34:35::SCWBDomain::"Running Make include in ps7_cortexa9_0/libsrc/xilffs_v5_3/src"

TRACE::2026-08-03.23:34:35::SCWBDomain::make -C ps7_cortexa9_0/libsrc/xilffs_v5_3/src -s include  "SHELL=CMD" "COMPILER=arm-none-eabi-gcc" "ASSEMBLER=arm-none-eabi-as"
TRACE::2026-08-03.23:34:35::SCWBDomain:: "ARCHIVER=arm-none-eabi-ar" "COMPILER_FLAGS=  -O2 -c" "EXTRA_COMPILER_FLAGS=-mcpu=cortex-a9 -mfpu=vfpv3 -mfloat-abi=hard -nost
TRACE::2026-08-03.23:34:35::SCWBDomain::artfiles -g -Wall -Wextra -fno-tree-loop-distribute-patterns"

TRACE::2026-08-03.23:34:35::SCWBDomain::"Running Make include in ps7_cortexa9_0/libsrc/xilrsa_v1_8/src"

TRACE::2026-08-03.23:34:35::SCWBDomain::make -C ps7_cortexa9_0/libsrc/xilrsa_v1_8/src -s include  "SHELL=CMD" "COMPILER=arm-none-eabi-gcc" "ASSEMBLER=arm-none-eabi-as"
TRACE::2026-08-03.23:34:35::SCWBDomain:: "ARCHIVER=arm-none-eabi-ar" "COMPILER_FLAGS=  -O2 -c" "EXTRA_COMPILER_FLAGS=-mcpu=cortex-a9 -mfpu=vfpv3 -mfloat-abi=hard -nost
TRACE::2026-08-03.23:34:35::SCWBDomain::artfiles -g -Wall -Wextra -fno-tree-loop-distribute-patterns"

TRACE::2026-08-03.23:34:35::SCWBDomain::"Running Make libs in ps7_cortexa9_0/libsrc/coresightps_dcc_v1_11/src"

TRACE::2026-08-03.23:34:35::SCWBDomain::make -C ps7_cortexa9_0/libsrc/coresightps_dcc_v1_11/src -s libs  "SHELL=CMD" "COMPILER=arm-none-eabi-gcc" "ASSEMBLER=arm-none-e
TRACE::2026-08-03.23:34:35::SCWBDomain::abi-as" "ARCHIVER=arm-none-eabi-ar" "COMPILER_FLAGS=  -O2 -c" "EXTRA_COMPILER_FLAGS=-mcpu=cortex-a9 -mfpu=vfpv3 -mfloat-abi=har
TRACE::2026-08-03.23:34:35::SCWBDomain::d -nostartfiles -g -Wall -Wextra -fno-tree-loop-distribute-patterns"

TRACE::2026-08-03.23:34:35::SCWBDomain::"Running Make libs in ps7_cortexa9_0/libsrc/cpu_cortexa9_v2_12/src"

TRACE::2026-08-03.23:34:35::SCWBDomain::make -C ps7_cortexa9_0/libsrc/cpu_cortexa9_v2_12/src -s libs  "SHELL=CMD" "COMPILER=arm-none-eabi-gcc" "ASSEMBLER=arm-none-eabi
TRACE::2026-08-03.23:34:35::SCWBDomain::-as" "ARCHIVER=arm-none-eabi-ar" "COMPILER_FLAGS=  -O2 -c" "EXTRA_COMPILER_FLAGS=-mcpu=cortex-a9 -mfpu=vfpv3 -mfloat-abi=hard -
TRACE::2026-08-03.23:34:35::SCWBDomain::nostartfiles -g -Wall -Wextra -fno-tree-loop-distribute-patterns"

TRACE::2026-08-03.23:34:35::SCWBDomain::"Running Make libs in ps7_cortexa9_0/libsrc/ddrps_v1_2/src"

TRACE::2026-08-03.23:34:35::SCWBDomain::make -C ps7_cortexa9_0/libsrc/ddrps_v1_2/src -s libs  "SHELL=CMD" "COMPILER=arm-none-eabi-gcc" "ASSEMBLER=arm-none-eabi-as" "AR
TRACE::2026-08-03.23:34:35::SCWBDomain::CHIVER=arm-none-eabi-ar" "COMPILER_FLAGS=  -O2 -c" "EXTRA_COMPILER_FLAGS=-mcpu=cortex-a9 -mfpu=vfpv3 -mfloat-abi=hard -nostartf
TRACE::2026-08-03.23:34:35::SCWBDomain::iles -g -Wall -Wextra -fno-tree-loop-distribute-patterns"

TRACE::2026-08-03.23:34:35::SCWBDomain::"Running Make libs in ps7_cortexa9_0/libsrc/devcfg_v3_8/src"

TRACE::2026-08-03.23:34:35::SCWBDomain::make -C ps7_cortexa9_0/libsrc/devcfg_v3_8/src -s libs  "SHELL=CMD" "COMPILER=arm-none-eabi-gcc" "ASSEMBLER=arm-none-eabi-as" "A
TRACE::2026-08-03.23:34:35::SCWBDomain::RCHIVER=arm-none-eabi-ar" "COMPILER_FLAGS=  -O2 -c" "EXTRA_COMPILER_FLAGS=-mcpu=cortex-a9 -mfpu=vfpv3 -mfloat-abi=hard -nostart
TRACE::2026-08-03.23:34:35::SCWBDomain::files -g -Wall -Wextra -fno-tree-loop-distribute-patterns"

TRACE::2026-08-03.23:34:35::SCWBDomain::"Running Make libs in ps7_cortexa9_0/libsrc/dmaps_v2_11/src"

TRACE::2026-08-03.23:34:35::SCWBDomain::make -C ps7_cortexa9_0/libsrc/dmaps_v2_11/src -s libs  "SHELL=CMD" "COMPILER=arm-none-eabi-gcc" "ASSEMBLER=arm-none-eabi-as" "A
TRACE::2026-08-03.23:34:35::SCWBDomain::RCHIVER=arm-none-eabi-ar" "COMPILER_FLAGS=  -O2 -c" "EXTRA_COMPILER_FLAGS=-mcpu=cortex-a9 -mfpu=vfpv3 -mfloat-abi=hard -nostart
TRACE::2026-08-03.23:34:35::SCWBDomain::files -g -Wall -Wextra -fno-tree-loop-distribute-patterns"

TRACE::2026-08-03.23:34:35::SCWBDomain::"Running Make libs in ps7_cortexa9_0/libsrc/emacps_v3_21/src"

TRACE::2026-08-03.23:34:35::SCWBDomain::make -C ps7_cortexa9_0/libsrc/emacps_v3_21/src -s libs  "SHELL=CMD" "COMPILER=arm-none-eabi-gcc" "ASSEMBLER=arm-none-eabi-as" "
TRACE::2026-08-03.23:34:35::SCWBDomain::ARCHIVER=arm-none-eabi-ar" "COMPILER_FLAGS=  -O2 -c" "EXTRA_COMPILER_FLAGS=-mcpu=cortex-a9 -mfpu=vfpv3 -mfloat-abi=hard -nostar
TRACE::2026-08-03.23:34:35::SCWBDomain::tfiles -g -Wall -Wextra -fno-tree-loop-distribute-patterns"

TRACE::2026-08-03.23:34:35::SCWBDomain::"Running Make libs in ps7_cortexa9_0/libsrc/gpiops_v3_13/src"

TRACE::2026-08-03.23:34:35::SCWBDomain::make -C ps7_cortexa9_0/libsrc/gpiops_v3_13/src -s libs  "SHELL=CMD" "COMPILER=arm-none-eabi-gcc" "ASSEMBLER=arm-none-eabi-as" "
TRACE::2026-08-03.23:34:35::SCWBDomain::ARCHIVER=arm-none-eabi-ar" "COMPILER_FLAGS=  -O2 -c" "EXTRA_COMPILER_FLAGS=-mcpu=cortex-a9 -mfpu=vfpv3 -mfloat-abi=hard -nostar
TRACE::2026-08-03.23:34:35::SCWBDomain::tfiles -g -Wall -Wextra -fno-tree-loop-distribute-patterns"

TRACE::2026-08-03.23:34:35::SCWBDomain::"Running Make libs in ps7_cortexa9_0/libsrc/qspips_v3_13/src"

TRACE::2026-08-03.23:34:35::SCWBDomain::make -C ps7_cortexa9_0/libsrc/qspips_v3_13/src -s libs  "SHELL=CMD" "COMPILER=arm-none-eabi-gcc" "ASSEMBLER=arm-none-eabi-as" "
TRACE::2026-08-03.23:34:35::SCWBDomain::ARCHIVER=arm-none-eabi-ar" "COMPILER_FLAGS=  -O2 -c" "EXTRA_COMPILER_FLAGS=-mcpu=cortex-a9 -mfpu=vfpv3 -mfloat-abi=hard -nostar
TRACE::2026-08-03.23:34:35::SCWBDomain::tfiles -g -Wall -Wextra -fno-tree-loop-distribute-patterns"

TRACE::2026-08-03.23:34:36::SCWBDomain::"Running Make libs in ps7_cortexa9_0/libsrc/scugic_v5_4/src"

TRACE::2026-08-03.23:34:36::SCWBDomain::make -C ps7_cortexa9_0/libsrc/scugic_v5_4/src -s libs  "SHELL=CMD" "COMPILER=arm-none-eabi-gcc" "ASSEMBLER=arm-none-eabi-as" "A
TRACE::2026-08-03.23:34:36::SCWBDomain::RCHIVER=arm-none-eabi-ar" "COMPILER_FLAGS=  -O2 -c" "EXTRA_COMPILER_FLAGS=-mcpu=cortex-a9 -mfpu=vfpv3 -mfloat-abi=hard -nostart
TRACE::2026-08-03.23:34:36::SCWBDomain::files -g -Wall -Wextra -fno-tree-loop-distribute-patterns"

TRACE::2026-08-03.23:34:36::SCWBDomain::"Running Make libs in ps7_cortexa9_0/libsrc/scutimer_v2_6/src"

TRACE::2026-08-03.23:34:36::SCWBDomain::make -C ps7_cortexa9_0/libsrc/scutimer_v2_6/src -s libs  "SHELL=CMD" "COMPILER=arm-none-eabi-gcc" "ASSEMBLER=arm-none-eabi-as" 
TRACE::2026-08-03.23:34:36::SCWBDomain::"ARCHIVER=arm-none-eabi-ar" "COMPILER_FLAGS=  -O2 -c" "EXTRA_COMPILER_FLAGS=-mcpu=cortex-a9 -mfpu=vfpv3 -mfloat-abi=hard -nosta
TRACE::2026-08-03.23:34:36::SCWBDomain::rtfiles -g -Wall -Wextra -fno-tree-loop-distribute-patterns"

TRACE::2026-08-03.23:34:36::SCWBDomain::"Running Make libs in ps7_cortexa9_0/libsrc/scuwdt_v2_6/src"

TRACE::2026-08-03.23:34:36::SCWBDomain::make -C ps7_cortexa9_0/libsrc/scuwdt_v2_6/src -s libs  "SHELL=CMD" "COMPILER=arm-none-eabi-gcc" "ASSEMBLER=arm-none-eabi-as" "A
TRACE::2026-08-03.23:34:36::SCWBDomain::RCHIVER=arm-none-eabi-ar" "COMPILER_FLAGS=  -O2 -c" "EXTRA_COMPILER_FLAGS=-mcpu=cortex-a9 -mfpu=vfpv3 -mfloat-abi=hard -nostart
TRACE::2026-08-03.23:34:36::SCWBDomain::files -g -Wall -Wextra -fno-tree-loop-distribute-patterns"

TRACE::2026-08-03.23:34:36::SCWBDomain::"Running Make libs in ps7_cortexa9_0/libsrc/sdps_v4_4/src"

TRACE::2026-08-03.23:34:36::SCWBDomain::make -C ps7_cortexa9_0/libsrc/sdps_v4_4/src -s libs  "SHELL=CMD" "COMPILER=arm-none-eabi-gcc" "ASSEMBLER=arm-none-eabi-as" "ARC
TRACE::2026-08-03.23:34:36::SCWBDomain::HIVER=arm-none-eabi-ar" "COMPILER_FLAGS=  -O2 -c" "EXTRA_COMPILER_FLAGS=-mcpu=cortex-a9 -mfpu=vfpv3 -mfloat-abi=hard -nostartfi
TRACE::2026-08-03.23:34:36::SCWBDomain::les -g -Wall -Wextra -fno-tree-loop-distribute-patterns"

TRACE::2026-08-03.23:34:36::SCWBDomain::"Running Make libs in ps7_cortexa9_0/libsrc/standalone_v9_2/src"

TRACE::2026-08-03.23:34:37::SCWBDomain::make -C ps7_cortexa9_0/libsrc/standalone_v9_2/src -s libs  "SHELL=CMD" "COMPILER=arm-none-eabi-gcc" "ASSEMBLER=arm-none-eabi-as
TRACE::2026-08-03.23:34:37::SCWBDomain::" "ARCHIVER=arm-none-eabi-ar" "COMPILER_FLAGS=  -O2 -c" "EXTRA_COMPILER_FLAGS=-mcpu=cortex-a9 -mfpu=vfpv3 -mfloat-abi=hard -nos
TRACE::2026-08-03.23:34:37::SCWBDomain::tartfiles -g -Wall -Wextra -fno-tree-loop-distribute-patterns"

TRACE::2026-08-03.23:34:37::SCWBDomain::"Running Make libs in ps7_cortexa9_0/libsrc/uartps_v3_15/src"

TRACE::2026-08-03.23:34:37::SCWBDomain::make -C ps7_cortexa9_0/libsrc/uartps_v3_15/src -s libs  "SHELL=CMD" "COMPILER=arm-none-eabi-gcc" "ASSEMBLER=arm-none-eabi-as" "
TRACE::2026-08-03.23:34:37::SCWBDomain::ARCHIVER=arm-none-eabi-ar" "COMPILER_FLAGS=  -O2 -c" "EXTRA_COMPILER_FLAGS=-mcpu=cortex-a9 -mfpu=vfpv3 -mfloat-abi=hard -nostar
TRACE::2026-08-03.23:34:37::SCWBDomain::tfiles -g -Wall -Wextra -fno-tree-loop-distribute-patterns"

TRACE::2026-08-03.23:34:37::SCWBDomain::"Running Make libs in ps7_cortexa9_0/libsrc/usbps_v2_9/src"

TRACE::2026-08-03.23:34:37::SCWBDomain::make -C ps7_cortexa9_0/libsrc/usbps_v2_9/src -s libs  "SHELL=CMD" "COMPILER=arm-none-eabi-gcc" "ASSEMBLER=arm-none-eabi-as" "AR
TRACE::2026-08-03.23:34:37::SCWBDomain::CHIVER=arm-none-eabi-ar" "COMPILER_FLAGS=  -O2 -c" "EXTRA_COMPILER_FLAGS=-mcpu=cortex-a9 -mfpu=vfpv3 -mfloat-abi=hard -nostartf
TRACE::2026-08-03.23:34:37::SCWBDomain::iles -g -Wall -Wextra -fno-tree-loop-distribute-patterns"

TRACE::2026-08-03.23:34:37::SCWBDomain::"Running Make libs in ps7_cortexa9_0/libsrc/xadcps_v2_7/src"

TRACE::2026-08-03.23:34:37::SCWBDomain::make -C ps7_cortexa9_0/libsrc/xadcps_v2_7/src -s libs  "SHELL=CMD" "COMPILER=arm-none-eabi-gcc" "ASSEMBLER=arm-none-eabi-as" "A
TRACE::2026-08-03.23:34:37::SCWBDomain::RCHIVER=arm-none-eabi-ar" "COMPILER_FLAGS=  -O2 -c" "EXTRA_COMPILER_FLAGS=-mcpu=cortex-a9 -mfpu=vfpv3 -mfloat-abi=hard -nostart
TRACE::2026-08-03.23:34:37::SCWBDomain::files -g -Wall -Wextra -fno-tree-loop-distribute-patterns"

TRACE::2026-08-03.23:34:37::SCWBDomain::"Running Make libs in ps7_cortexa9_0/libsrc/xilffs_v5_3/src"

TRACE::2026-08-03.23:34:37::SCWBDomain::make -C ps7_cortexa9_0/libsrc/xilffs_v5_3/src -s libs  "SHELL=CMD" "COMPILER=arm-none-eabi-gcc" "ASSEMBLER=arm-none-eabi-as" "A
TRACE::2026-08-03.23:34:37::SCWBDomain::RCHIVER=arm-none-eabi-ar" "COMPILER_FLAGS=  -O2 -c" "EXTRA_COMPILER_FLAGS=-mcpu=cortex-a9 -mfpu=vfpv3 -mfloat-abi=hard -nostart
TRACE::2026-08-03.23:34:37::SCWBDomain::files -g -Wall -Wextra -fno-tree-loop-distribute-patterns"

TRACE::2026-08-03.23:34:39::SCWBDomain::'Finished building libraries parallelly.'

TRACE::2026-08-03.23:34:39::SCWBDomain::make --no-print-directory archive

TRACE::2026-08-03.23:34:39::SCWBDomain::arm-none-eabi-ar -r  ps7_cortexa9_0/lib/libxil.a ps7_cortexa9_0/lib/_exit.o ps7_cortexa9_0/lib/_open.o ps7_cortexa9_0/lib/_sbrk
TRACE::2026-08-03.23:34:39::SCWBDomain::.o ps7_cortexa9_0/lib/abort.o ps7_cortexa9_0/lib/asm_vectors.o ps7_cortexa9_0/lib/boot.o ps7_cortexa9_0/lib/close.o ps7_cortexa
TRACE::2026-08-03.23:34:39::SCWBDomain::9_0/lib/cpputest_time.o ps7_cortexa9_0/lib/cpu_init.o ps7_cortexa9_0/lib/errno.o ps7_cortexa9_0/lib/fcntl.o ps7_cortexa9_0/lib/
TRACE::2026-08-03.23:34:39::SCWBDomain::fstat.o ps7_cortexa9_0/lib/getentropy.o ps7_cortexa9_0/lib/getpid.o ps7_cortexa9_0/lib/gettimeofday.o ps7_cortexa9_0/lib/inbyte
TRACE::2026-08-03.23:34:39::SCWBDomain::.o ps7_cortexa9_0/lib/isatty.o ps7_cortexa9_0/lib/kill.o ps7_cortexa9_0/lib/lseek.o ps7_cortexa9_0/lib/open.o ps7_cortexa9_0/li
TRACE::2026-08-03.23:34:39::SCWBDomain::b/outbyte.o ps7_cortexa9_0/lib/print.o ps7_cortexa9_0/lib/putnum.o ps7_cortexa9_0/lib/read.o ps7_cortexa9_0/lib/sbrk.o ps7_cort
TRACE::2026-08-03.23:34:39::SCWBDomain::exa9_0/lib/sleep.o ps7_cortexa9_0/lib/time.o ps7_cortexa9_0/lib/translation_table.o ps7_cortexa9_0/lib/unlink.o ps7_cortexa9_0/
TRACE::2026-08-03.23:34:39::SCWBDomain::lib/usleep.o ps7_cortexa9_0/lib/vectors.o ps7_cortexa9_0/lib/write.o ps7_cortexa9_0/lib/xadcps.o ps7_cortexa9_0/lib/xadcps_g.o 
TRACE::2026-08-03.23:34:39::SCWBDomain::ps7_cortexa9_0/lib/xadcps_intr.o ps7_cortexa9_0/lib/xadcps_selftest.o ps7_cortexa9_0/lib/xadcps_sinit.o ps7_cortexa9_0/lib/xcor
TRACE::2026-08-03.23:34:39::SCWBDomain::esightpsdcc.o ps7_cortexa9_0/lib/xdevcfg.o ps7_cortexa9_0/lib/xdevcfg_g.o ps7_cortexa9_0/lib/xdevcfg_hw.o ps7_cortexa9_0/lib/xd
TRACE::2026-08-03.23:34:39::SCWBDomain::evcfg_intr.o ps7_cortexa9_0/lib/xdevcfg_selftest.o ps7_cortexa9_0/lib/xdevcfg_sinit.o ps7_cortexa9_0/lib/xdmaps.o ps7_cortexa9_
TRACE::2026-08-03.23:34:39::SCWBDomain::0/lib/xdmaps_g.o ps7_cortexa9_0/lib/xdmaps_hw.o ps7_cortexa9_0/lib/xdmaps_selftest.o ps7_cortexa9_0/lib/xdmaps_sinit.o ps7_cort
TRACE::2026-08-03.23:34:39::SCWBDomain::exa9_0/lib/xemacps.o ps7_cortexa9_0/lib/xemacps_bdring.o ps7_cortexa9_0/lib/xemacps_control.o ps7_cortexa9_0/lib/xemacps_g.o ps
TRACE::2026-08-03.23:34:39::SCWBDomain::7_cortexa9_0/lib/xemacps_hw.o ps7_cortexa9_0/lib/xemacps_intr.o ps7_cortexa9_0/lib/xemacps_sinit.o ps7_cortexa9_0/lib/xgpiops.o
TRACE::2026-08-03.23:34:39::SCWBDomain:: ps7_cortexa9_0/lib/xgpiops_g.o ps7_cortexa9_0/lib/xgpiops_hw.o ps7_cortexa9_0/lib/xgpiops_intr.o ps7_cortexa9_0/lib/xgpiops_se
TRACE::2026-08-03.23:34:39::SCWBDomain::lftest.o ps7_cortexa9_0/lib/xgpiops_sinit.o ps7_cortexa9_0/lib/xil-crt0.o ps7_cortexa9_0/lib/xil_assert.o ps7_cortexa9_0/lib/xi
TRACE::2026-08-03.23:34:39::SCWBDomain::l_cache.o ps7_cortexa9_0/lib/xil_clocking.o ps7_cortexa9_0/lib/xil_exception.o ps7_cortexa9_0/lib/xil_mem.o ps7_cortexa9_0/lib/
TRACE::2026-08-03.23:34:39::SCWBDomain::xil_misc_psreset_api.o ps7_cortexa9_0/lib/xil_mmu.o ps7_cortexa9_0/lib/xil_printf.o ps7_cortexa9_0/lib/xil_sleepcommon.o ps7_co
TRACE::2026-08-03.23:34:39::SCWBDomain::rtexa9_0/lib/xil_sleeptimer.o ps7_cortexa9_0/lib/xil_spinlock.o ps7_cortexa9_0/lib/xil_sutil.o ps7_cortexa9_0/lib/xil_testcache
TRACE::2026-08-03.23:34:39::SCWBDomain::.o ps7_cortexa9_0/lib/xil_testio.o ps7_cortexa9_0/lib/xil_testmem.o ps7_cortexa9_0/lib/xil_util.o ps7_cortexa9_0/lib/xinterrupt
TRACE::2026-08-03.23:34:39::SCWBDomain::_wrap.o ps7_cortexa9_0/lib/xl2cc_counter.o ps7_cortexa9_0/lib/xplatform_info.o ps7_cortexa9_0/lib/xpm_counter.o ps7_cortexa9_0/
TRACE::2026-08-03.23:34:39::SCWBDomain::lib/xpm_init.o ps7_cortexa9_0/lib/xqspips.o ps7_cortexa9_0/lib/xqspips_g.o ps7_cortexa9_0/lib/xqspips_hw.o ps7_cortexa9_0/lib/x
TRACE::2026-08-03.23:34:39::SCWBDomain::qspips_options.o ps7_cortexa9_0/lib/xqspips_selftest.o ps7_cortexa9_0/lib/xqspips_sinit.o ps7_cortexa9_0/lib/xscugic.o ps7_cort
TRACE::2026-08-03.23:34:39::SCWBDomain::exa9_0/lib/xscugic_g.o ps7_cortexa9_0/lib/xscugic_hw.o ps7_cortexa9_0/lib/xscugic_intr.o ps7_cortexa9_0/lib/xscugic_selftest.o 
TRACE::2026-08-03.23:34:39::SCWBDomain::ps7_cortexa9_0/lib/xscugic_sinit.o ps7_cortexa9_0/lib/xscutimer.o ps7_cortexa9_0/lib/xscutimer_g.o ps7_cortexa9_0/lib/xscutimer
TRACE::2026-08-03.23:34:39::SCWBDomain::_selftest.o ps7_cortexa9_0/lib/xscutimer_sinit.o ps7_cortexa9_0/lib/xscuwdt.o ps7_cortexa9_0/lib/xscuwdt_g.o ps7_cortexa9_0/lib
TRACE::2026-08-03.23:34:39::SCWBDomain::/xscuwdt_selftest.o ps7_cortexa9_0/lib/xscuwdt_sinit.o ps7_cortexa9_0/lib/xsdps.o ps7_cortexa9_0/lib/xsdps_card.o ps7_cortexa9_
TRACE::2026-08-03.23:34:39::SCWBDomain::0/lib/xsdps_g.o ps7_cortexa9_0/lib/xsdps_host.o ps7_cortexa9_0/lib/xsdps_options.o ps7_cortexa9_0/lib/xsdps_sinit.o ps7_cortexa
TRACE::2026-08-03.23:34:39::SCWBDomain::9_0/lib/xtime_l.o ps7_cortexa9_0/lib/xuartps.o ps7_cortexa9_0/lib/xuartps_g.o ps7_cortexa9_0/lib/xuartps_hw.o ps7_cortexa9_0/li
TRACE::2026-08-03.23:34:39::SCWBDomain::b/xuartps_intr.o ps7_cortexa9_0/lib/xuartps_options.o ps7_cortexa9_0/lib/xuartps_selftest.o ps7_cortexa9_0/lib/xuartps_sinit.o 
TRACE::2026-08-03.23:34:39::SCWBDomain::ps7_cortexa9_0/lib/xusbps.o ps7_cortexa9_0/lib/xusbps_endpoint.o ps7_cortexa9_0/lib/xusbps_g.o ps7_cortexa9_0/lib/xusbps_hw.o p
TRACE::2026-08-03.23:34:39::SCWBDomain::s7_cortexa9_0/lib/xusbps_intr.o ps7_cortexa9_0/lib/xusbps_sinit.o

TRACE::2026-08-03.23:34:39::SCWBDomain::'Finished building libraries'

TRACE::2026-08-03.23:34:39::SCWBDomain::make: Leaving directory 'D:/Work/projects/zybo_z7_projects/DD_RF/vitis/RFsender_platform/zynq_fsbl/zynq_fsbl_bsp'

TRACE::2026-08-03.23:34:39::SCWBDomain::arm-none-eabi-gcc  -O2 -c -MMD -MP       -mcpu=cortex-a9 -mfpu=vfpv3 -mfloat-abi=hard  -c sd.c -o sd.o -Izynq_fsbl_bsp/ps7_cort
TRACE::2026-08-03.23:34:39::SCWBDomain::exa9_0/include -I.

TRACE::2026-08-03.23:34:39::SCWBDomain::arm-none-eabi-gcc  -O2 -c -MMD -MP       -mcpu=cortex-a9 -mfpu=vfpv3 -mfloat-abi=hard  -c nand.c -o nand.o -Izynq_fsbl_bsp/ps7_
TRACE::2026-08-03.23:34:39::SCWBDomain::cortexa9_0/include -I.

TRACE::2026-08-03.23:34:39::SCWBDomain::arm-none-eabi-gcc  -O2 -c -MMD -MP       -mcpu=cortex-a9 -mfpu=vfpv3 -mfloat-abi=hard  -c image_mover.c -o image_mover.o -Izynq
TRACE::2026-08-03.23:34:39::SCWBDomain::_fsbl_bsp/ps7_cortexa9_0/include -I.

TRACE::2026-08-03.23:34:40::SCWBDomain::arm-none-eabi-gcc  -O2 -c -MMD -MP       -mcpu=cortex-a9 -mfpu=vfpv3 -mfloat-abi=hard  -c md5.c -o md5.o -Izynq_fsbl_bsp/ps7_co
TRACE::2026-08-03.23:34:40::SCWBDomain::rtexa9_0/include -I.

TRACE::2026-08-03.23:34:40::SCWBDomain::arm-none-eabi-gcc  -O2 -c -MMD -MP       -mcpu=cortex-a9 -mfpu=vfpv3 -mfloat-abi=hard  -c fsbl_hooks.c -o fsbl_hooks.o -Izynq_f
TRACE::2026-08-03.23:34:40::SCWBDomain::sbl_bsp/ps7_cortexa9_0/include -I.

TRACE::2026-08-03.23:34:40::SCWBDomain::arm-none-eabi-gcc  -O2 -c -MMD -MP       -mcpu=cortex-a9 -mfpu=vfpv3 -mfloat-abi=hard  -c main.c -o main.o -Izynq_fsbl_bsp/ps7_
TRACE::2026-08-03.23:34:40::SCWBDomain::cortexa9_0/include -I.

TRACE::2026-08-03.23:34:40::SCWBDomain::arm-none-eabi-gcc  -O2 -c -MMD -MP       -mcpu=cortex-a9 -mfpu=vfpv3 -mfloat-abi=hard  -c rsa.c -o rsa.o -Izynq_fsbl_bsp/ps7_co
TRACE::2026-08-03.23:34:40::SCWBDomain::rtexa9_0/include -I.

TRACE::2026-08-03.23:34:40::SCWBDomain::arm-none-eabi-gcc  -O2 -c -MMD -MP       -mcpu=cortex-a9 -mfpu=vfpv3 -mfloat-abi=hard  -c nor.c -o nor.o -Izynq_fsbl_bsp/ps7_co
TRACE::2026-08-03.23:34:40::SCWBDomain::rtexa9_0/include -I.

TRACE::2026-08-03.23:34:40::SCWBDomain::arm-none-eabi-gcc  -O2 -c -MMD -MP       -mcpu=cortex-a9 -mfpu=vfpv3 -mfloat-abi=hard  -c qspi.c -o qspi.o -Izynq_fsbl_bsp/ps7_
TRACE::2026-08-03.23:34:40::SCWBDomain::cortexa9_0/include -I.

TRACE::2026-08-03.23:34:41::SCWBDomain::arm-none-eabi-gcc  -O2 -c -MMD -MP       -mcpu=cortex-a9 -mfpu=vfpv3 -mfloat-abi=hard  -c ps7_init.c -o ps7_init.o -Izynq_fsbl_
TRACE::2026-08-03.23:34:41::SCWBDomain::bsp/ps7_cortexa9_0/include -I.

TRACE::2026-08-03.23:34:41::SCWBDomain::arm-none-eabi-gcc  -O2 -c -MMD -MP       -mcpu=cortex-a9 -mfpu=vfpv3 -mfloat-abi=hard  -c pcap.c -o pcap.o -Izynq_fsbl_bsp/ps7_
TRACE::2026-08-03.23:34:41::SCWBDomain::cortexa9_0/include -I.

TRACE::2026-08-03.23:34:41::SCWBDomain::arm-none-eabi-gcc  -O2 -c -MMD -MP       -mcpu=cortex-a9 -mfpu=vfpv3 -mfloat-abi=hard  -c fsbl_handoff.S -o fsbl_handoff.o -Izy
TRACE::2026-08-03.23:34:41::SCWBDomain::nq_fsbl_bsp/ps7_cortexa9_0/include -I.

TRACE::2026-08-03.23:34:41::SCWBDomain::arm-none-eabi-gcc -o fsbl.elf fsbl_handoff.o fsbl_hooks.o image_mover.o main.o md5.o nand.o nor.o pcap.o ps7_init.o qspi.o rsa.
TRACE::2026-08-03.23:34:41::SCWBDomain::o sd.o -MMD -MP       -mcpu=cortex-a9 -mfpu=vfpv3 -mfloat-abi=hard   -mcpu=cortex-a9 -mfpu=vfpv3 -mfloat-abi=hard -Wl,-build-id
TRACE::2026-08-03.23:34:41::SCWBDomain::=none -specs=Xilinx.spec  -lrsa -Wl,--start-group,-lxil,-lgcc,-lc,--end-group -Wl,--start-group,-lxilffs,-lxil,-lgcc,-lc,--end-
TRACE::2026-08-03.23:34:41::SCWBDomain::group -Wl,--start-group,-lrsa,-lxil,-lgcc,-lc,--end-group                                   -Wl,--gc-sections -Lzynq_fsbl_bsp/p
TRACE::2026-08-03.23:34:41::SCWBDomain::s7_cortexa9_0/lib -L./ -Tlscript.ld

LOG::2026-08-03.23:34:42::SCWSystem::Checking the domain standalone_domain
LOG::2026-08-03.23:34:42::SCWSystem::Not a boot domain 
LOG::2026-08-03.23:34:42::SCWSystem::Started Processing the domain standalone_domain
TRACE::2026-08-03.23:34:42::SCWDomain::Generating domain artifcats
TRACE::2026-08-03.23:34:42::SCWMssOS::Generating standalone artifcats
TRACE::2026-08-03.23:34:42::SCWMssOS::Copying the qemu file from  D:/Work/projects/zybo_z7_projects/DD_RF/vitis/RFsender_platform/resources/RFsender_platform/standalone_domain/qemu_args.txt To D:/Work/projects/zybo_z7_projects/DD_RF/vitis/RFsender_platform/export/RFsender_platform/sw/RFsender_platform/qemu/
TRACE::2026-08-03.23:34:42::SCWMssOS::Copying the qemu file from  D:/Work/projects/zybo_z7_projects/DD_RF/vitis/RFsender_platform/resources/RFsender_platform/standalone_domain/qemu_args.txt To D:/Work/projects/zybo_z7_projects/DD_RF/vitis/RFsender_platform/export/RFsender_platform/sw/RFsender_platform/standalone_domain/qemu/
TRACE::2026-08-03.23:34:42::SCWMssOS:: Copying the user libraries. 
TRACE::2026-08-03.23:34:42::SCWPlatform::Trying to open the hw design at D:/Work/projects/zybo_z7_projects/DD_RF/vitis/RFsender_platform/hw/rfsender.xsa
TRACE::2026-08-03.23:34:42::SCWPlatform::DSA given D:/Work/projects/zybo_z7_projects/DD_RF/vitis/RFsender_platform/hw/rfsender.xsa
TRACE::2026-08-03.23:34:42::SCWPlatform::DSA absoulate path D:/Work/projects/zybo_z7_projects/DD_RF/vitis/RFsender_platform/hw/rfsender.xsa
TRACE::2026-08-03.23:34:42::SCWPlatform::DSA directory D:/Work/projects/zybo_z7_projects/DD_RF/vitis/RFsender_platform/hw
TRACE::2026-08-03.23:34:42::SCWPlatform:: Platform Path D:/Work/projects/zybo_z7_projects/DD_RF/vitis/RFsender_platform/hw/rfsender.xsa
TRACE::2026-08-03.23:34:42::SCWPlatform:: Unique name xilinx:zybo-z7-10::0.0
TRACE::2026-08-03.23:34:42::SCWPlatform::Trying to set the existing hwdb with name topSystem_4
TRACE::2026-08-03.23:34:42::SCWPlatform::Opened existing hwdb topSystem_4
TRACE::2026-08-03.23:34:42::SCWPlatform::Found the Hw Db part of the input DSA
TRACE::2026-08-03.23:34:42::SCWMssOS::Checking the sw design at  D:/Work/projects/zybo_z7_projects/DD_RF/vitis/RFsender_platform/ps7_cortexa9_0/standalone_domain/bsp/system.mss
TRACE::2026-08-03.23:34:42::SCWMssOS::DEBUG:  swdes dump  D:/Work/projects/zybo_z7_projects/DD_RF/vitis/RFsender_platform/ps7_cortexa9_0/standalone_domain/bsp/system.mss|system_0||
D:/Work/projects/zybo_z7_projects/DD_RF/vitis/RFsender_platform/zynq_fsbl/zynq_fsbl_bsp/system.mss|system||

TRACE::2026-08-03.23:34:42::SCWMssOS::Sw design exists and opened at  D:/Work/projects/zybo_z7_projects/DD_RF/vitis/RFsender_platform/ps7_cortexa9_0/standalone_domain/bsp/system.mss
TRACE::2026-08-03.23:34:42::SCWMssOS::Completed writing the mss file at D:/Work/projects/zybo_z7_projects/DD_RF/vitis/RFsender_platform/ps7_cortexa9_0/standalone_domain/bsp
TRACE::2026-08-03.23:34:42::SCWMssOS::Mss edits present, copying mssfile into export location D:/Work/projects/zybo_z7_projects/DD_RF/vitis/RFsender_platform/ps7_cortexa9_0/standalone_domain/bsp/system.mss
TRACE::2026-08-03.23:34:42::SCWMssOS::bsp generated is stale removing and regenerating. 
TRACE::2026-08-03.23:34:43::SCWMssOS::doing bsp build ... 
TRACE::2026-08-03.23:34:43::SCWMssOS::System Command Ran  D: & cd  D:/Work/projects/zybo_z7_projects/DD_RF/vitis/RFsender_platform/ps7_cortexa9_0/standalone_domain/bsp & make 
TRACE::2026-08-03.23:34:43::SCWMssOS::make --no-print-directory seq_libs

TRACE::2026-08-03.23:34:43::SCWMssOS::'Finished building libraries sequentially.'

TRACE::2026-08-03.23:34:43::SCWMssOS::make -j 14 --no-print-directory par_libs

TRACE::2026-08-03.23:34:43::SCWMssOS::"Running Make include in ps7_cortexa9_0/libsrc/coresightps_dcc_v1_11/src"

TRACE::2026-08-03.23:34:43::SCWMssOS::make -C ps7_cortexa9_0/libsrc/coresightps_dcc_v1_11/src -s include  "SHELL=CMD" "COMPILER=arm-none-eabi-gcc" "ASSEMBLER=arm-non
TRACE::2026-08-03.23:34:43::SCWMssOS::e-eabi-as" "ARCHIVER=arm-none-eabi-ar" "COMPILER_FLAGS=  -O2 -c" "EXTRA_COMPILER_FLAGS=-mcpu=cortex-a9 -mfpu=vfpv3 -mfloat-abi=
TRACE::2026-08-03.23:34:43::SCWMssOS::hard -nostartfiles -g -Wall -Wextra -fno-tree-loop-distribute-patterns"

TRACE::2026-08-03.23:34:43::SCWMssOS::"Running Make include in ps7_cortexa9_0/libsrc/cpu_cortexa9_v2_12/src"

TRACE::2026-08-03.23:34:43::SCWMssOS::make -C ps7_cortexa9_0/libsrc/cpu_cortexa9_v2_12/src -s include  "SHELL=CMD" "COMPILER=arm-none-eabi-gcc" "ASSEMBLER=arm-none-e
TRACE::2026-08-03.23:34:43::SCWMssOS::abi-as" "ARCHIVER=arm-none-eabi-ar" "COMPILER_FLAGS=  -O2 -c" "EXTRA_COMPILER_FLAGS=-mcpu=cortex-a9 -mfpu=vfpv3 -mfloat-abi=har
TRACE::2026-08-03.23:34:43::SCWMssOS::d -nostartfiles -g -Wall -Wextra -fno-tree-loop-distribute-patterns"

TRACE::2026-08-03.23:34:43::SCWMssOS::"Running Make include in ps7_cortexa9_0/libsrc/ddrps_v1_2/src"

TRACE::2026-08-03.23:34:43::SCWMssOS::make -C ps7_cortexa9_0/libsrc/ddrps_v1_2/src -s include  "SHELL=CMD" "COMPILER=arm-none-eabi-gcc" "ASSEMBLER=arm-none-eabi-as" 
TRACE::2026-08-03.23:34:43::SCWMssOS::"ARCHIVER=arm-none-eabi-ar" "COMPILER_FLAGS=  -O2 -c" "EXTRA_COMPILER_FLAGS=-mcpu=cortex-a9 -mfpu=vfpv3 -mfloat-abi=hard -nosta
TRACE::2026-08-03.23:34:43::SCWMssOS::rtfiles -g -Wall -Wextra -fno-tree-loop-distribute-patterns"

TRACE::2026-08-03.23:34:43::SCWMssOS::"Running Make include in ps7_cortexa9_0/libsrc/devcfg_v3_8/src"

TRACE::2026-08-03.23:34:43::SCWMssOS::make -C ps7_cortexa9_0/libsrc/devcfg_v3_8/src -s include  "SHELL=CMD" "COMPILER=arm-none-eabi-gcc" "ASSEMBLER=arm-none-eabi-as"
TRACE::2026-08-03.23:34:43::SCWMssOS:: "ARCHIVER=arm-none-eabi-ar" "COMPILER_FLAGS=  -O2 -c" "EXTRA_COMPILER_FLAGS=-mcpu=cortex-a9 -mfpu=vfpv3 -mfloat-abi=hard -nost
TRACE::2026-08-03.23:34:43::SCWMssOS::artfiles -g -Wall -Wextra -fno-tree-loop-distribute-patterns"

TRACE::2026-08-03.23:34:43::SCWMssOS::"Running Make include in ps7_cortexa9_0/libsrc/dmaps_v2_11/src"

TRACE::2026-08-03.23:34:43::SCWMssOS::make -C ps7_cortexa9_0/libsrc/dmaps_v2_11/src -s include  "SHELL=CMD" "COMPILER=arm-none-eabi-gcc" "ASSEMBLER=arm-none-eabi-as"
TRACE::2026-08-03.23:34:43::SCWMssOS:: "ARCHIVER=arm-none-eabi-ar" "COMPILER_FLAGS=  -O2 -c" "EXTRA_COMPILER_FLAGS=-mcpu=cortex-a9 -mfpu=vfpv3 -mfloat-abi=hard -nost
TRACE::2026-08-03.23:34:43::SCWMssOS::artfiles -g -Wall -Wextra -fno-tree-loop-distribute-patterns"

TRACE::2026-08-03.23:34:43::SCWMssOS::"Running Make include in ps7_cortexa9_0/libsrc/emacps_v3_21/src"

TRACE::2026-08-03.23:34:43::SCWMssOS::make -C ps7_cortexa9_0/libsrc/emacps_v3_21/src -s include  "SHELL=CMD" "COMPILER=arm-none-eabi-gcc" "ASSEMBLER=arm-none-eabi-as
TRACE::2026-08-03.23:34:43::SCWMssOS::" "ARCHIVER=arm-none-eabi-ar" "COMPILER_FLAGS=  -O2 -c" "EXTRA_COMPILER_FLAGS=-mcpu=cortex-a9 -mfpu=vfpv3 -mfloat-abi=hard -nos
TRACE::2026-08-03.23:34:43::SCWMssOS::tartfiles -g -Wall -Wextra -fno-tree-loop-distribute-patterns"

TRACE::2026-08-03.23:34:43::SCWMssOS::"Running Make include in ps7_cortexa9_0/libsrc/gpiops_v3_13/src"

TRACE::2026-08-03.23:34:43::SCWMssOS::make -C ps7_cortexa9_0/libsrc/gpiops_v3_13/src -s include  "SHELL=CMD" "COMPILER=arm-none-eabi-gcc" "ASSEMBLER=arm-none-eabi-as
TRACE::2026-08-03.23:34:43::SCWMssOS::" "ARCHIVER=arm-none-eabi-ar" "COMPILER_FLAGS=  -O2 -c" "EXTRA_COMPILER_FLAGS=-mcpu=cortex-a9 -mfpu=vfpv3 -mfloat-abi=hard -nos
TRACE::2026-08-03.23:34:43::SCWMssOS::tartfiles -g -Wall -Wextra -fno-tree-loop-distribute-patterns"

TRACE::2026-08-03.23:34:43::SCWMssOS::"Running Make include in ps7_cortexa9_0/libsrc/qspips_v3_13/src"

TRACE::2026-08-03.23:34:43::SCWMssOS::make -C ps7_cortexa9_0/libsrc/qspips_v3_13/src -s include  "SHELL=CMD" "COMPILER=arm-none-eabi-gcc" "ASSEMBLER=arm-none-eabi-as
TRACE::2026-08-03.23:34:43::SCWMssOS::" "ARCHIVER=arm-none-eabi-ar" "COMPILER_FLAGS=  -O2 -c" "EXTRA_COMPILER_FLAGS=-mcpu=cortex-a9 -mfpu=vfpv3 -mfloat-abi=hard -nos
TRACE::2026-08-03.23:34:43::SCWMssOS::tartfiles -g -Wall -Wextra -fno-tree-loop-distribute-patterns"

TRACE::2026-08-03.23:34:43::SCWMssOS::"Running Make include in ps7_cortexa9_0/libsrc/scugic_v5_4/src"

TRACE::2026-08-03.23:34:43::SCWMssOS::make -C ps7_cortexa9_0/libsrc/scugic_v5_4/src -s include  "SHELL=CMD" "COMPILER=arm-none-eabi-gcc" "ASSEMBLER=arm-none-eabi-as"
TRACE::2026-08-03.23:34:43::SCWMssOS:: "ARCHIVER=arm-none-eabi-ar" "COMPILER_FLAGS=  -O2 -c" "EXTRA_COMPILER_FLAGS=-mcpu=cortex-a9 -mfpu=vfpv3 -mfloat-abi=hard -nost
TRACE::2026-08-03.23:34:43::SCWMssOS::artfiles -g -Wall -Wextra -fno-tree-loop-distribute-patterns"

TRACE::2026-08-03.23:34:43::SCWMssOS::"Running Make include in ps7_cortexa9_0/libsrc/scutimer_v2_6/src"

TRACE::2026-08-03.23:34:44::SCWMssOS::make -C ps7_cortexa9_0/libsrc/scutimer_v2_6/src -s include  "SHELL=CMD" "COMPILER=arm-none-eabi-gcc" "ASSEMBLER=arm-none-eabi-a
TRACE::2026-08-03.23:34:44::SCWMssOS::s" "ARCHIVER=arm-none-eabi-ar" "COMPILER_FLAGS=  -O2 -c" "EXTRA_COMPILER_FLAGS=-mcpu=cortex-a9 -mfpu=vfpv3 -mfloat-abi=hard -no
TRACE::2026-08-03.23:34:44::SCWMssOS::startfiles -g -Wall -Wextra -fno-tree-loop-distribute-patterns"

TRACE::2026-08-03.23:34:44::SCWMssOS::"Running Make include in ps7_cortexa9_0/libsrc/scuwdt_v2_6/src"

TRACE::2026-08-03.23:34:44::SCWMssOS::make -C ps7_cortexa9_0/libsrc/scuwdt_v2_6/src -s include  "SHELL=CMD" "COMPILER=arm-none-eabi-gcc" "ASSEMBLER=arm-none-eabi-as"
TRACE::2026-08-03.23:34:44::SCWMssOS:: "ARCHIVER=arm-none-eabi-ar" "COMPILER_FLAGS=  -O2 -c" "EXTRA_COMPILER_FLAGS=-mcpu=cortex-a9 -mfpu=vfpv3 -mfloat-abi=hard -nost
TRACE::2026-08-03.23:34:44::SCWMssOS::artfiles -g -Wall -Wextra -fno-tree-loop-distribute-patterns"

TRACE::2026-08-03.23:34:44::SCWMssOS::"Running Make include in ps7_cortexa9_0/libsrc/sdps_v4_4/src"

TRACE::2026-08-03.23:34:44::SCWMssOS::make -C ps7_cortexa9_0/libsrc/sdps_v4_4/src -s include  "SHELL=CMD" "COMPILER=arm-none-eabi-gcc" "ASSEMBLER=arm-none-eabi-as" "
TRACE::2026-08-03.23:34:44::SCWMssOS::ARCHIVER=arm-none-eabi-ar" "COMPILER_FLAGS=  -O2 -c" "EXTRA_COMPILER_FLAGS=-mcpu=cortex-a9 -mfpu=vfpv3 -mfloat-abi=hard -nostar
TRACE::2026-08-03.23:34:44::SCWMssOS::tfiles -g -Wall -Wextra -fno-tree-loop-distribute-patterns"

TRACE::2026-08-03.23:34:44::SCWMssOS::"Running Make include in ps7_cortexa9_0/libsrc/standalone_v9_2/src"

TRACE::2026-08-03.23:34:44::SCWMssOS::make -C ps7_cortexa9_0/libsrc/standalone_v9_2/src -s include  "SHELL=CMD" "COMPILER=arm-none-eabi-gcc" "ASSEMBLER=arm-none-eabi
TRACE::2026-08-03.23:34:44::SCWMssOS::-as" "ARCHIVER=arm-none-eabi-ar" "COMPILER_FLAGS=  -O2 -c" "EXTRA_COMPILER_FLAGS=-mcpu=cortex-a9 -mfpu=vfpv3 -mfloat-abi=hard -
TRACE::2026-08-03.23:34:44::SCWMssOS::nostartfiles -g -Wall -Wextra -fno-tree-loop-distribute-patterns"

TRACE::2026-08-03.23:34:44::SCWMssOS::"Running Make include in ps7_cortexa9_0/libsrc/uartps_v3_15/src"

TRACE::2026-08-03.23:34:44::SCWMssOS::make -C ps7_cortexa9_0/libsrc/uartps_v3_15/src -s include  "SHELL=CMD" "COMPILER=arm-none-eabi-gcc" "ASSEMBLER=arm-none-eabi-as
TRACE::2026-08-03.23:34:44::SCWMssOS::" "ARCHIVER=arm-none-eabi-ar" "COMPILER_FLAGS=  -O2 -c" "EXTRA_COMPILER_FLAGS=-mcpu=cortex-a9 -mfpu=vfpv3 -mfloat-abi=hard -nos
TRACE::2026-08-03.23:34:44::SCWMssOS::tartfiles -g -Wall -Wextra -fno-tree-loop-distribute-patterns"

TRACE::2026-08-03.23:34:44::SCWMssOS::"Running Make include in ps7_cortexa9_0/libsrc/usbps_v2_9/src"

TRACE::2026-08-03.23:34:44::SCWMssOS::make -C ps7_cortexa9_0/libsrc/usbps_v2_9/src -s include  "SHELL=CMD" "COMPILER=arm-none-eabi-gcc" "ASSEMBLER=arm-none-eabi-as" 
TRACE::2026-08-03.23:34:44::SCWMssOS::"ARCHIVER=arm-none-eabi-ar" "COMPILER_FLAGS=  -O2 -c" "EXTRA_COMPILER_FLAGS=-mcpu=cortex-a9 -mfpu=vfpv3 -mfloat-abi=hard -nosta
TRACE::2026-08-03.23:34:44::SCWMssOS::rtfiles -g -Wall -Wextra -fno-tree-loop-distribute-patterns"

TRACE::2026-08-03.23:34:44::SCWMssOS::"Running Make include in ps7_cortexa9_0/libsrc/xadcps_v2_7/src"

TRACE::2026-08-03.23:34:44::SCWMssOS::make -C ps7_cortexa9_0/libsrc/xadcps_v2_7/src -s include  "SHELL=CMD" "COMPILER=arm-none-eabi-gcc" "ASSEMBLER=arm-none-eabi-as"
TRACE::2026-08-03.23:34:44::SCWMssOS:: "ARCHIVER=arm-none-eabi-ar" "COMPILER_FLAGS=  -O2 -c" "EXTRA_COMPILER_FLAGS=-mcpu=cortex-a9 -mfpu=vfpv3 -mfloat-abi=hard -nost
TRACE::2026-08-03.23:34:44::SCWMssOS::artfiles -g -Wall -Wextra -fno-tree-loop-distribute-patterns"

TRACE::2026-08-03.23:34:44::SCWMssOS::"Running Make include in ps7_cortexa9_0/libsrc/xilffs_v5_3/src"

TRACE::2026-08-03.23:34:44::SCWMssOS::make -C ps7_cortexa9_0/libsrc/xilffs_v5_3/src -s include  "SHELL=CMD" "COMPILER=arm-none-eabi-gcc" "ASSEMBLER=arm-none-eabi-as"
TRACE::2026-08-03.23:34:44::SCWMssOS:: "ARCHIVER=arm-none-eabi-ar" "COMPILER_FLAGS=  -O2 -c" "EXTRA_COMPILER_FLAGS=-mcpu=cortex-a9 -mfpu=vfpv3 -mfloat-abi=hard -nost
TRACE::2026-08-03.23:34:44::SCWMssOS::artfiles -g -Wall -Wextra -fno-tree-loop-distribute-patterns"

TRACE::2026-08-03.23:34:44::SCWMssOS::"Running Make libs in ps7_cortexa9_0/libsrc/coresightps_dcc_v1_11/src"

TRACE::2026-08-03.23:34:44::SCWMssOS::make -C ps7_cortexa9_0/libsrc/coresightps_dcc_v1_11/src -s libs  "SHELL=CMD" "COMPILER=arm-none-eabi-gcc" "ASSEMBLER=arm-none-e
TRACE::2026-08-03.23:34:44::SCWMssOS::abi-as" "ARCHIVER=arm-none-eabi-ar" "COMPILER_FLAGS=  -O2 -c" "EXTRA_COMPILER_FLAGS=-mcpu=cortex-a9 -mfpu=vfpv3 -mfloat-abi=har
TRACE::2026-08-03.23:34:44::SCWMssOS::d -nostartfiles -g -Wall -Wextra -fno-tree-loop-distribute-patterns"

TRACE::2026-08-03.23:34:44::SCWMssOS::"Running Make libs in ps7_cortexa9_0/libsrc/cpu_cortexa9_v2_12/src"

TRACE::2026-08-03.23:34:44::SCWMssOS::make -C ps7_cortexa9_0/libsrc/cpu_cortexa9_v2_12/src -s libs  "SHELL=CMD" "COMPILER=arm-none-eabi-gcc" "ASSEMBLER=arm-none-eabi
TRACE::2026-08-03.23:34:44::SCWMssOS::-as" "ARCHIVER=arm-none-eabi-ar" "COMPILER_FLAGS=  -O2 -c" "EXTRA_COMPILER_FLAGS=-mcpu=cortex-a9 -mfpu=vfpv3 -mfloat-abi=hard -
TRACE::2026-08-03.23:34:44::SCWMssOS::nostartfiles -g -Wall -Wextra -fno-tree-loop-distribute-patterns"

TRACE::2026-08-03.23:34:44::SCWMssOS::"Running Make libs in ps7_cortexa9_0/libsrc/ddrps_v1_2/src"

TRACE::2026-08-03.23:34:44::SCWMssOS::make -C ps7_cortexa9_0/libsrc/ddrps_v1_2/src -s libs  "SHELL=CMD" "COMPILER=arm-none-eabi-gcc" "ASSEMBLER=arm-none-eabi-as" "AR
TRACE::2026-08-03.23:34:44::SCWMssOS::CHIVER=arm-none-eabi-ar" "COMPILER_FLAGS=  -O2 -c" "EXTRA_COMPILER_FLAGS=-mcpu=cortex-a9 -mfpu=vfpv3 -mfloat-abi=hard -nostartf
TRACE::2026-08-03.23:34:44::SCWMssOS::iles -g -Wall -Wextra -fno-tree-loop-distribute-patterns"

TRACE::2026-08-03.23:34:44::SCWMssOS::"Running Make libs in ps7_cortexa9_0/libsrc/devcfg_v3_8/src"

TRACE::2026-08-03.23:34:44::SCWMssOS::make -C ps7_cortexa9_0/libsrc/devcfg_v3_8/src -s libs  "SHELL=CMD" "COMPILER=arm-none-eabi-gcc" "ASSEMBLER=arm-none-eabi-as" "A
TRACE::2026-08-03.23:34:44::SCWMssOS::RCHIVER=arm-none-eabi-ar" "COMPILER_FLAGS=  -O2 -c" "EXTRA_COMPILER_FLAGS=-mcpu=cortex-a9 -mfpu=vfpv3 -mfloat-abi=hard -nostart
TRACE::2026-08-03.23:34:44::SCWMssOS::files -g -Wall -Wextra -fno-tree-loop-distribute-patterns"

TRACE::2026-08-03.23:34:44::SCWMssOS::"Running Make libs in ps7_cortexa9_0/libsrc/dmaps_v2_11/src"

TRACE::2026-08-03.23:34:44::SCWMssOS::make -C ps7_cortexa9_0/libsrc/dmaps_v2_11/src -s libs  "SHELL=CMD" "COMPILER=arm-none-eabi-gcc" "ASSEMBLER=arm-none-eabi-as" "A
TRACE::2026-08-03.23:34:44::SCWMssOS::RCHIVER=arm-none-eabi-ar" "COMPILER_FLAGS=  -O2 -c" "EXTRA_COMPILER_FLAGS=-mcpu=cortex-a9 -mfpu=vfpv3 -mfloat-abi=hard -nostart
TRACE::2026-08-03.23:34:44::SCWMssOS::files -g -Wall -Wextra -fno-tree-loop-distribute-patterns"

TRACE::2026-08-03.23:34:44::SCWMssOS::"Running Make libs in ps7_cortexa9_0/libsrc/emacps_v3_21/src"

TRACE::2026-08-03.23:34:44::SCWMssOS::make -C ps7_cortexa9_0/libsrc/emacps_v3_21/src -s libs  "SHELL=CMD" "COMPILER=arm-none-eabi-gcc" "ASSEMBLER=arm-none-eabi-as" "
TRACE::2026-08-03.23:34:44::SCWMssOS::ARCHIVER=arm-none-eabi-ar" "COMPILER_FLAGS=  -O2 -c" "EXTRA_COMPILER_FLAGS=-mcpu=cortex-a9 -mfpu=vfpv3 -mfloat-abi=hard -nostar
TRACE::2026-08-03.23:34:44::SCWMssOS::tfiles -g -Wall -Wextra -fno-tree-loop-distribute-patterns"

TRACE::2026-08-03.23:34:44::SCWMssOS::"Running Make libs in ps7_cortexa9_0/libsrc/gpiops_v3_13/src"

TRACE::2026-08-03.23:34:45::SCWMssOS::make -C ps7_cortexa9_0/libsrc/gpiops_v3_13/src -s libs  "SHELL=CMD" "COMPILER=arm-none-eabi-gcc" "ASSEMBLER=arm-none-eabi-as" "
TRACE::2026-08-03.23:34:45::SCWMssOS::ARCHIVER=arm-none-eabi-ar" "COMPILER_FLAGS=  -O2 -c" "EXTRA_COMPILER_FLAGS=-mcpu=cortex-a9 -mfpu=vfpv3 -mfloat-abi=hard -nostar
TRACE::2026-08-03.23:34:45::SCWMssOS::tfiles -g -Wall -Wextra -fno-tree-loop-distribute-patterns"

TRACE::2026-08-03.23:34:45::SCWMssOS::"Running Make libs in ps7_cortexa9_0/libsrc/qspips_v3_13/src"

TRACE::2026-08-03.23:34:45::SCWMssOS::make -C ps7_cortexa9_0/libsrc/qspips_v3_13/src -s libs  "SHELL=CMD" "COMPILER=arm-none-eabi-gcc" "ASSEMBLER=arm-none-eabi-as" "
TRACE::2026-08-03.23:34:45::SCWMssOS::ARCHIVER=arm-none-eabi-ar" "COMPILER_FLAGS=  -O2 -c" "EXTRA_COMPILER_FLAGS=-mcpu=cortex-a9 -mfpu=vfpv3 -mfloat-abi=hard -nostar
TRACE::2026-08-03.23:34:45::SCWMssOS::tfiles -g -Wall -Wextra -fno-tree-loop-distribute-patterns"

TRACE::2026-08-03.23:34:45::SCWMssOS::"Running Make libs in ps7_cortexa9_0/libsrc/scugic_v5_4/src"

TRACE::2026-08-03.23:34:45::SCWMssOS::make -C ps7_cortexa9_0/libsrc/scugic_v5_4/src -s libs  "SHELL=CMD" "COMPILER=arm-none-eabi-gcc" "ASSEMBLER=arm-none-eabi-as" "A
TRACE::2026-08-03.23:34:45::SCWMssOS::RCHIVER=arm-none-eabi-ar" "COMPILER_FLAGS=  -O2 -c" "EXTRA_COMPILER_FLAGS=-mcpu=cortex-a9 -mfpu=vfpv3 -mfloat-abi=hard -nostart
TRACE::2026-08-03.23:34:45::SCWMssOS::files -g -Wall -Wextra -fno-tree-loop-distribute-patterns"

TRACE::2026-08-03.23:34:45::SCWMssOS::"Running Make libs in ps7_cortexa9_0/libsrc/scutimer_v2_6/src"

TRACE::2026-08-03.23:34:45::SCWMssOS::make -C ps7_cortexa9_0/libsrc/scutimer_v2_6/src -s libs  "SHELL=CMD" "COMPILER=arm-none-eabi-gcc" "ASSEMBLER=arm-none-eabi-as" 
TRACE::2026-08-03.23:34:45::SCWMssOS::"ARCHIVER=arm-none-eabi-ar" "COMPILER_FLAGS=  -O2 -c" "EXTRA_COMPILER_FLAGS=-mcpu=cortex-a9 -mfpu=vfpv3 -mfloat-abi=hard -nosta
TRACE::2026-08-03.23:34:45::SCWMssOS::rtfiles -g -Wall -Wextra -fno-tree-loop-distribute-patterns"

TRACE::2026-08-03.23:34:45::SCWMssOS::"Running Make libs in ps7_cortexa9_0/libsrc/scuwdt_v2_6/src"

TRACE::2026-08-03.23:34:45::SCWMssOS::make -C ps7_cortexa9_0/libsrc/scuwdt_v2_6/src -s libs  "SHELL=CMD" "COMPILER=arm-none-eabi-gcc" "ASSEMBLER=arm-none-eabi-as" "A
TRACE::2026-08-03.23:34:45::SCWMssOS::RCHIVER=arm-none-eabi-ar" "COMPILER_FLAGS=  -O2 -c" "EXTRA_COMPILER_FLAGS=-mcpu=cortex-a9 -mfpu=vfpv3 -mfloat-abi=hard -nostart
TRACE::2026-08-03.23:34:45::SCWMssOS::files -g -Wall -Wextra -fno-tree-loop-distribute-patterns"

TRACE::2026-08-03.23:34:45::SCWMssOS::"Running Make libs in ps7_cortexa9_0/libsrc/sdps_v4_4/src"

TRACE::2026-08-03.23:34:45::SCWMssOS::make -C ps7_cortexa9_0/libsrc/sdps_v4_4/src -s libs  "SHELL=CMD" "COMPILER=arm-none-eabi-gcc" "ASSEMBLER=arm-none-eabi-as" "ARC
TRACE::2026-08-03.23:34:45::SCWMssOS::HIVER=arm-none-eabi-ar" "COMPILER_FLAGS=  -O2 -c" "EXTRA_COMPILER_FLAGS=-mcpu=cortex-a9 -mfpu=vfpv3 -mfloat-abi=hard -nostartfi
TRACE::2026-08-03.23:34:45::SCWMssOS::les -g -Wall -Wextra -fno-tree-loop-distribute-patterns"

TRACE::2026-08-03.23:34:45::SCWMssOS::"Running Make libs in ps7_cortexa9_0/libsrc/standalone_v9_2/src"

TRACE::2026-08-03.23:34:45::SCWMssOS::make -C ps7_cortexa9_0/libsrc/standalone_v9_2/src -s libs  "SHELL=CMD" "COMPILER=arm-none-eabi-gcc" "ASSEMBLER=arm-none-eabi-as
TRACE::2026-08-03.23:34:45::SCWMssOS::" "ARCHIVER=arm-none-eabi-ar" "COMPILER_FLAGS=  -O2 -c" "EXTRA_COMPILER_FLAGS=-mcpu=cortex-a9 -mfpu=vfpv3 -mfloat-abi=hard -nos
TRACE::2026-08-03.23:34:45::SCWMssOS::tartfiles -g -Wall -Wextra -fno-tree-loop-distribute-patterns"

TRACE::2026-08-03.23:34:45::SCWMssOS::"Running Make libs in ps7_cortexa9_0/libsrc/uartps_v3_15/src"

TRACE::2026-08-03.23:34:46::SCWMssOS::make -C ps7_cortexa9_0/libsrc/uartps_v3_15/src -s libs  "SHELL=CMD" "COMPILER=arm-none-eabi-gcc" "ASSEMBLER=arm-none-eabi-as" "
TRACE::2026-08-03.23:34:46::SCWMssOS::ARCHIVER=arm-none-eabi-ar" "COMPILER_FLAGS=  -O2 -c" "EXTRA_COMPILER_FLAGS=-mcpu=cortex-a9 -mfpu=vfpv3 -mfloat-abi=hard -nostar
TRACE::2026-08-03.23:34:46::SCWMssOS::tfiles -g -Wall -Wextra -fno-tree-loop-distribute-patterns"

TRACE::2026-08-03.23:34:46::SCWMssOS::"Running Make libs in ps7_cortexa9_0/libsrc/usbps_v2_9/src"

TRACE::2026-08-03.23:34:46::SCWMssOS::make -C ps7_cortexa9_0/libsrc/usbps_v2_9/src -s libs  "SHELL=CMD" "COMPILER=arm-none-eabi-gcc" "ASSEMBLER=arm-none-eabi-as" "AR
TRACE::2026-08-03.23:34:46::SCWMssOS::CHIVER=arm-none-eabi-ar" "COMPILER_FLAGS=  -O2 -c" "EXTRA_COMPILER_FLAGS=-mcpu=cortex-a9 -mfpu=vfpv3 -mfloat-abi=hard -nostartf
TRACE::2026-08-03.23:34:46::SCWMssOS::iles -g -Wall -Wextra -fno-tree-loop-distribute-patterns"

TRACE::2026-08-03.23:34:46::SCWMssOS::"Running Make libs in ps7_cortexa9_0/libsrc/xadcps_v2_7/src"

TRACE::2026-08-03.23:34:46::SCWMssOS::make -C ps7_cortexa9_0/libsrc/xadcps_v2_7/src -s libs  "SHELL=CMD" "COMPILER=arm-none-eabi-gcc" "ASSEMBLER=arm-none-eabi-as" "A
TRACE::2026-08-03.23:34:46::SCWMssOS::RCHIVER=arm-none-eabi-ar" "COMPILER_FLAGS=  -O2 -c" "EXTRA_COMPILER_FLAGS=-mcpu=cortex-a9 -mfpu=vfpv3 -mfloat-abi=hard -nostart
TRACE::2026-08-03.23:34:46::SCWMssOS::files -g -Wall -Wextra -fno-tree-loop-distribute-patterns"

TRACE::2026-08-03.23:34:46::SCWMssOS::"Running Make libs in ps7_cortexa9_0/libsrc/xilffs_v5_3/src"

TRACE::2026-08-03.23:34:46::SCWMssOS::make -C ps7_cortexa9_0/libsrc/xilffs_v5_3/src -s libs  "SHELL=CMD" "COMPILER=arm-none-eabi-gcc" "ASSEMBLER=arm-none-eabi-as" "A
TRACE::2026-08-03.23:34:46::SCWMssOS::RCHIVER=arm-none-eabi-ar" "COMPILER_FLAGS=  -O2 -c" "EXTRA_COMPILER_FLAGS=-mcpu=cortex-a9 -mfpu=vfpv3 -mfloat-abi=hard -nostart
TRACE::2026-08-03.23:34:46::SCWMssOS::files -g -Wall -Wextra -fno-tree-loop-distribute-patterns"

TRACE::2026-08-03.23:34:47::SCWMssOS::'Finished building libraries parallelly.'

TRACE::2026-08-03.23:34:48::SCWMssOS::make --no-print-directory archive

TRACE::2026-08-03.23:34:48::SCWMssOS::arm-none-eabi-ar -r  ps7_cortexa9_0/lib/libxil.a ps7_cortexa9_0/lib/_exit.o ps7_cortexa9_0/lib/_open.o ps7_cortexa9_0/lib/_sbrk
TRACE::2026-08-03.23:34:48::SCWMssOS::.o ps7_cortexa9_0/lib/abort.o ps7_cortexa9_0/lib/asm_vectors.o ps7_cortexa9_0/lib/boot.o ps7_cortexa9_0/lib/close.o ps7_cortexa
TRACE::2026-08-03.23:34:48::SCWMssOS::9_0/lib/cpputest_time.o ps7_cortexa9_0/lib/cpu_init.o ps7_cortexa9_0/lib/errno.o ps7_cortexa9_0/lib/fcntl.o ps7_cortexa9_0/lib/
TRACE::2026-08-03.23:34:48::SCWMssOS::fstat.o ps7_cortexa9_0/lib/getentropy.o ps7_cortexa9_0/lib/getpid.o ps7_cortexa9_0/lib/gettimeofday.o ps7_cortexa9_0/lib/inbyte
TRACE::2026-08-03.23:34:48::SCWMssOS::.o ps7_cortexa9_0/lib/isatty.o ps7_cortexa9_0/lib/kill.o ps7_cortexa9_0/lib/lseek.o ps7_cortexa9_0/lib/open.o ps7_cortexa9_0/li
TRACE::2026-08-03.23:34:48::SCWMssOS::b/outbyte.o ps7_cortexa9_0/lib/print.o ps7_cortexa9_0/lib/putnum.o ps7_cortexa9_0/lib/read.o ps7_cortexa9_0/lib/sbrk.o ps7_cort
TRACE::2026-08-03.23:34:48::SCWMssOS::exa9_0/lib/sleep.o ps7_cortexa9_0/lib/time.o ps7_cortexa9_0/lib/translation_table.o ps7_cortexa9_0/lib/unlink.o ps7_cortexa9_0/
TRACE::2026-08-03.23:34:48::SCWMssOS::lib/usleep.o ps7_cortexa9_0/lib/vectors.o ps7_cortexa9_0/lib/write.o ps7_cortexa9_0/lib/xadcps.o ps7_cortexa9_0/lib/xadcps_g.o 
TRACE::2026-08-03.23:34:48::SCWMssOS::ps7_cortexa9_0/lib/xadcps_intr.o ps7_cortexa9_0/lib/xadcps_selftest.o ps7_cortexa9_0/lib/xadcps_sinit.o ps7_cortexa9_0/lib/xcor
TRACE::2026-08-03.23:34:48::SCWMssOS::esightpsdcc.o ps7_cortexa9_0/lib/xdevcfg.o ps7_cortexa9_0/lib/xdevcfg_g.o ps7_cortexa9_0/lib/xdevcfg_hw.o ps7_cortexa9_0/lib/xd
TRACE::2026-08-03.23:34:48::SCWMssOS::evcfg_intr.o ps7_cortexa9_0/lib/xdevcfg_selftest.o ps7_cortexa9_0/lib/xdevcfg_sinit.o ps7_cortexa9_0/lib/xdmaps.o ps7_cortexa9_
TRACE::2026-08-03.23:34:48::SCWMssOS::0/lib/xdmaps_g.o ps7_cortexa9_0/lib/xdmaps_hw.o ps7_cortexa9_0/lib/xdmaps_selftest.o ps7_cortexa9_0/lib/xdmaps_sinit.o ps7_cort
TRACE::2026-08-03.23:34:48::SCWMssOS::exa9_0/lib/xemacps.o ps7_cortexa9_0/lib/xemacps_bdring.o ps7_cortexa9_0/lib/xemacps_control.o ps7_cortexa9_0/lib/xemacps_g.o ps
TRACE::2026-08-03.23:34:48::SCWMssOS::7_cortexa9_0/lib/xemacps_hw.o ps7_cortexa9_0/lib/xemacps_intr.o ps7_cortexa9_0/lib/xemacps_sinit.o ps7_cortexa9_0/lib/xgpiops.o
TRACE::2026-08-03.23:34:48::SCWMssOS:: ps7_cortexa9_0/lib/xgpiops_g.o ps7_cortexa9_0/lib/xgpiops_hw.o ps7_cortexa9_0/lib/xgpiops_intr.o ps7_cortexa9_0/lib/xgpiops_se
TRACE::2026-08-03.23:34:48::SCWMssOS::lftest.o ps7_cortexa9_0/lib/xgpiops_sinit.o ps7_cortexa9_0/lib/xil-crt0.o ps7_cortexa9_0/lib/xil_assert.o ps7_cortexa9_0/lib/xi
TRACE::2026-08-03.23:34:48::SCWMssOS::l_cache.o ps7_cortexa9_0/lib/xil_clocking.o ps7_cortexa9_0/lib/xil_exception.o ps7_cortexa9_0/lib/xil_mem.o ps7_cortexa9_0/lib/
TRACE::2026-08-03.23:34:48::SCWMssOS::xil_misc_psreset_api.o ps7_cortexa9_0/lib/xil_mmu.o ps7_cortexa9_0/lib/xil_printf.o ps7_cortexa9_0/lib/xil_sleepcommon.o ps7_co
TRACE::2026-08-03.23:34:48::SCWMssOS::rtexa9_0/lib/xil_sleeptimer.o ps7_cortexa9_0/lib/xil_spinlock.o ps7_cortexa9_0/lib/xil_sutil.o ps7_cortexa9_0/lib/xil_testcache
TRACE::2026-08-03.23:34:48::SCWMssOS::.o ps7_cortexa9_0/lib/xil_testio.o ps7_cortexa9_0/lib/xil_testmem.o ps7_cortexa9_0/lib/xil_util.o ps7_cortexa9_0/lib/xinterrupt
TRACE::2026-08-03.23:34:48::SCWMssOS::_wrap.o ps7_cortexa9_0/lib/xl2cc_counter.o ps7_cortexa9_0/lib/xplatform_info.o ps7_cortexa9_0/lib/xpm_counter.o ps7_cortexa9_0/
TRACE::2026-08-03.23:34:48::SCWMssOS::lib/xpm_init.o ps7_cortexa9_0/lib/xqspips.o ps7_cortexa9_0/lib/xqspips_g.o ps7_cortexa9_0/lib/xqspips_hw.o ps7_cortexa9_0/lib/x
TRACE::2026-08-03.23:34:48::SCWMssOS::qspips_options.o ps7_cortexa9_0/lib/xqspips_selftest.o ps7_cortexa9_0/lib/xqspips_sinit.o ps7_cortexa9_0/lib/xscugic.o ps7_cort
TRACE::2026-08-03.23:34:48::SCWMssOS::exa9_0/lib/xscugic_g.o ps7_cortexa9_0/lib/xscugic_hw.o ps7_cortexa9_0/lib/xscugic_intr.o ps7_cortexa9_0/lib/xscugic_selftest.o 
TRACE::2026-08-03.23:34:48::SCWMssOS::ps7_cortexa9_0/lib/xscugic_sinit.o ps7_cortexa9_0/lib/xscutimer.o ps7_cortexa9_0/lib/xscutimer_g.o ps7_cortexa9_0/lib/xscutimer
TRACE::2026-08-03.23:34:48::SCWMssOS::_selftest.o ps7_cortexa9_0/lib/xscutimer_sinit.o ps7_cortexa9_0/lib/xscuwdt.o ps7_cortexa9_0/lib/xscuwdt_g.o ps7_cortexa9_0/lib
TRACE::2026-08-03.23:34:48::SCWMssOS::/xscuwdt_selftest.o ps7_cortexa9_0/lib/xscuwdt_sinit.o ps7_cortexa9_0/lib/xsdps.o ps7_cortexa9_0/lib/xsdps_card.o ps7_cortexa9_
TRACE::2026-08-03.23:34:48::SCWMssOS::0/lib/xsdps_g.o ps7_cortexa9_0/lib/xsdps_host.o ps7_cortexa9_0/lib/xsdps_options.o ps7_cortexa9_0/lib/xsdps_sinit.o ps7_cortexa
TRACE::2026-08-03.23:34:48::SCWMssOS::9_0/lib/xtime_l.o ps7_cortexa9_0/lib/xuartps.o ps7_cortexa9_0/lib/xuartps_g.o ps7_cortexa9_0/lib/xuartps_hw.o ps7_cortexa9_0/li
TRACE::2026-08-03.23:34:48::SCWMssOS::b/xuartps_intr.o ps7_cortexa9_0/lib/xuartps_options.o ps7_cortexa9_0/lib/xuartps_selftest.o ps7_cortexa9_0/lib/xuartps_sinit.o 
TRACE::2026-08-03.23:34:48::SCWMssOS::ps7_cortexa9_0/lib/xusbps.o ps7_cortexa9_0/lib/xusbps_endpoint.o ps7_cortexa9_0/lib/xusbps_g.o ps7_cortexa9_0/lib/xusbps_hw.o p
TRACE::2026-08-03.23:34:48::SCWMssOS::s7_cortexa9_0/lib/xusbps_intr.o ps7_cortexa9_0/lib/xusbps_sinit.o

TRACE::2026-08-03.23:34:48::SCWMssOS::'Finished building libraries'

TRACE::2026-08-03.23:34:48::SCWMssOS:: Checking if to create the Supporting Applications
TRACE::2026-08-03.23:34:48::SCWMssOS:: No Linux domain exists, trying to generate FSBL 
LOG::2026-08-03.23:34:48::SCWSystem::Completed Processing the domain standalone_domain
LOG::2026-08-03.23:34:48::SCWSystem::Completed Processing the sysconfig RFsender_platform
LOG::2026-08-03.23:34:48::SCWPlatform::Completed generating the artifacts for system configuration RFsender_platform
TRACE::2026-08-03.23:34:48::SCWPlatform::Started preparing the platform 
TRACE::2026-08-03.23:34:48::SCWSystem::Writing the bif file for system config RFsender_platform
TRACE::2026-08-03.23:34:48::SCWSystem::dir created 
TRACE::2026-08-03.23:34:48::SCWSystem::Writing the bif 
TRACE::2026-08-03.23:34:48::SCWPlatform::Started writing the spfm file 
TRACE::2026-08-03.23:34:48::SCWPlatform::Started writing the xpfm file 
TRACE::2026-08-03.23:34:48::SCWPlatform::Completed generating the platform
TRACE::2026-08-03.23:34:48::SCWMssOS::Saving the mss changes D:/Work/projects/zybo_z7_projects/DD_RF/vitis/RFsender_platform/zynq_fsbl/zynq_fsbl_bsp/system.mss
TRACE::2026-08-03.23:34:48::SCWMssOS::Found a swdesign opened with the mssfile.
TRACE::2026-08-03.23:34:48::SCWMssOS::Running validate of swdbs.
KEYINFO::2026-08-03.23:34:48::SCWMssOS::Could not open the swdb for system
KEYINFO::2026-08-03.23:34:48::SCWMssOS::Could not open the sw design at  system
ERROR: [Hsi 55-1558] Software Design system is not found

TRACE::2026-08-03.23:34:48::SCWMssOS::Cleared the swdb table entry
TRACE::2026-08-03.23:34:48::SCWMssOS::Adding the swdes entry, mss present, able to open swdb D:/Work/projects/zybo_z7_projects/DD_RF/vitis/RFsender_platform/zynq_fsbl/zynq_fsbl_bsp/system.mss with des name system
TRACE::2026-08-03.23:34:48::SCWMssOS::Writing the mss file completed D:/Work/projects/zybo_z7_projects/DD_RF/vitis/RFsender_platform/zynq_fsbl/zynq_fsbl_bsp/system.mss
TRACE::2026-08-03.23:34:48::SCWMssOS::Commit changes completed.
TRACE::2026-08-03.23:34:48::SCWMssOS::Saving the mss changes D:/Work/projects/zybo_z7_projects/DD_RF/vitis/RFsender_platform/ps7_cortexa9_0/standalone_domain/bsp/system.mss
TRACE::2026-08-03.23:34:48::SCWMssOS::Adding the swdes entry, mss present, able to open swdb D:/Work/projects/zybo_z7_projects/DD_RF/vitis/RFsender_platform/ps7_cortexa9_0/standalone_domain/bsp/system.mss with des name system_0
TRACE::2026-08-03.23:34:48::SCWMssOS::Writing the mss file completed D:/Work/projects/zybo_z7_projects/DD_RF/vitis/RFsender_platform/ps7_cortexa9_0/standalone_domain/bsp/system.mss
TRACE::2026-08-03.23:34:48::SCWMssOS::Commit changes completed.
TRACE::2026-08-03.23:34:48::SCWPlatform::Trying to open the hw design at D:/Work/projects/zybo_z7_projects/DD_RF/vitis/RFsender_platform/hw/rfsender.xsa
TRACE::2026-08-03.23:34:48::SCWPlatform::DSA given D:/Work/projects/zybo_z7_projects/DD_RF/vitis/RFsender_platform/hw/rfsender.xsa
TRACE::2026-08-03.23:34:48::SCWPlatform::DSA absoulate path D:/Work/projects/zybo_z7_projects/DD_RF/vitis/RFsender_platform/hw/rfsender.xsa
TRACE::2026-08-03.23:34:48::SCWPlatform::DSA directory D:/Work/projects/zybo_z7_projects/DD_RF/vitis/RFsender_platform/hw
TRACE::2026-08-03.23:34:48::SCWPlatform:: Platform Path D:/Work/projects/zybo_z7_projects/DD_RF/vitis/RFsender_platform/hw/rfsender.xsa
TRACE::2026-08-03.23:34:48::SCWPlatform:: Unique name xilinx:zybo-z7-10::0.0
TRACE::2026-08-03.23:34:48::SCWPlatform::Trying to set the existing hwdb with name topSystem_4
TRACE::2026-08-03.23:34:48::SCWPlatform::Opened existing hwdb topSystem_4
TRACE::2026-08-03.23:34:48::SCWPlatform::Found the Hw Db part of the input DSA
TRACE::2026-08-03.23:34:48::SCWMssOS::Checking the sw design at  D:/Work/projects/zybo_z7_projects/DD_RF/vitis/RFsender_platform/zynq_fsbl/zynq_fsbl_bsp/system.mss
TRACE::2026-08-03.23:34:48::SCWMssOS::DEBUG:  swdes dump  D:/Work/projects/zybo_z7_projects/DD_RF/vitis/RFsender_platform/ps7_cortexa9_0/standalone_domain/bsp/system.mss|system_0||
D:/Work/projects/zybo_z7_projects/DD_RF/vitis/RFsender_platform/zynq_fsbl/zynq_fsbl_bsp/system.mss|system||

TRACE::2026-08-03.23:34:48::SCWMssOS::Sw design exists and opened at  D:/Work/projects/zybo_z7_projects/DD_RF/vitis/RFsender_platform/zynq_fsbl/zynq_fsbl_bsp/system.mss
TRACE::2026-08-03.23:34:48::SCWPlatform::Trying to open the hw design at D:/Work/projects/zybo_z7_projects/DD_RF/vitis/RFsender_platform/hw/rfsender.xsa
TRACE::2026-08-03.23:34:48::SCWPlatform::DSA given D:/Work/projects/zybo_z7_projects/DD_RF/vitis/RFsender_platform/hw/rfsender.xsa
TRACE::2026-08-03.23:34:48::SCWPlatform::DSA absoulate path D:/Work/projects/zybo_z7_projects/DD_RF/vitis/RFsender_platform/hw/rfsender.xsa
TRACE::2026-08-03.23:34:48::SCWPlatform::DSA directory D:/Work/projects/zybo_z7_projects/DD_RF/vitis/RFsender_platform/hw
TRACE::2026-08-03.23:34:48::SCWPlatform:: Platform Path D:/Work/projects/zybo_z7_projects/DD_RF/vitis/RFsender_platform/hw/rfsender.xsa
TRACE::2026-08-03.23:34:48::SCWPlatform:: Unique name xilinx:zybo-z7-10::0.0
TRACE::2026-08-03.23:34:48::SCWPlatform::Trying to set the existing hwdb with name topSystem_4
TRACE::2026-08-03.23:34:48::SCWPlatform::Opened existing hwdb topSystem_4
TRACE::2026-08-03.23:34:48::SCWPlatform::Found the Hw Db part of the input DSA
TRACE::2026-08-03.23:34:48::SCWMssOS::Checking the sw design at  D:/Work/projects/zybo_z7_projects/DD_RF/vitis/RFsender_platform/ps7_cortexa9_0/standalone_domain/bsp/system.mss
TRACE::2026-08-03.23:34:48::SCWMssOS::DEBUG:  swdes dump  D:/Work/projects/zybo_z7_projects/DD_RF/vitis/RFsender_platform/ps7_cortexa9_0/standalone_domain/bsp/system.mss|system_0||
D:/Work/projects/zybo_z7_projects/DD_RF/vitis/RFsender_platform/zynq_fsbl/zynq_fsbl_bsp/system.mss|system||

TRACE::2026-08-03.23:34:48::SCWMssOS::Sw design exists and opened at  D:/Work/projects/zybo_z7_projects/DD_RF/vitis/RFsender_platform/ps7_cortexa9_0/standalone_domain/bsp/system.mss
TRACE::2026-08-03.23:34:48::SCWWriter::formatted JSON is {
	"platformName":	"RFsender_platform",
	"sprVersion":	"2.0",
	"mode":	"gui",
	"dsaType":	"Fixed",
	"platformDesc":	"RFsender_platform",
	"platHandOff":	"D:/Work/projects/zybo_z7_projects/DD_RF/vivado/project_1/rfsender.xsa",
	"platIntHandOff":	"<platformDir>/hw/rfsender.xsa",
	"deviceType":	"zynq",
	"platIsPrebuiltAutogen":	"false",
	"platIsNoBootBsp":	"false",
	"hasFsblMakeHasChanges":	"false",
	"hasPmufwMakeHasChanges":	"false",
	"fsblExtraCompilerFlags":	"-MMD -MP       -mcpu=cortex-a9 -mfpu=vfpv3 -mfloat-abi=hard ",
	"platPreBuiltFlag":	false,
	"platformSamplesDir":	"",
	"platActiveSys":	"RFsender_platform",
	"systems":	[{
			"systemName":	"RFsender_platform",
			"systemDesc":	"RFsender_platform",
			"sysIsBootAutoGen":	"true",
			"systemDispName":	"RFsender_platform",
			"sysActiveDom":	"standalone_domain",
			"sysDefaultDom":	"standalone_domain",
			"domains":	[{
					"domainName":	"zynq_fsbl",
					"domainDispName":	"zynq_fsbl",
					"domainDesc":	"FSBL Application BSP - Auto Generated.",
					"processors":	"ps7_cortexa9_0",
					"os":	"standalone",
					"sdxOs":	"standalone",
					"debugEnable":	"",
					"domRuntimes":	["cpp"],
					"swRepo":	"",
					"mssOsVer":	"9.2",
					"mssFile":	"",
					"md5Digest":	"30215168a6860ec346c5df07b875ca91",
					"compatibleApp":	"zynq_fsbl",
					"domType":	"bootDomain",
					"arch":	"32-bit",
					"appSettings":	{
						"appCompilerFlags":	"",
						"appLinkerFlags":	""
					},
					"addedLibs":	["xilffs:5.3", "xilrsa:1.8"],
					"libOptions":	{
						"libsContainingOptions":	[]
					},
					"prebuiltLibs":	{
						"prebuiltIncPath":	[],
						"prebuiltLibPath":	[]
					},
					"isolation":	{
					}
				}, {
					"domainName":	"standalone_domain",
					"domainDispName":	"standalone on ps7_cortexa9_0",
					"domainDesc":	"standalone_domain",
					"processors":	"ps7_cortexa9_0",
					"os":	"standalone",
					"sdxOs":	"standalone",
					"qemuArgs":	"<platformDir>/resources/RFsender_platform/standalone_domain/qemu_args.txt",
					"qemuData":	"<platformDir>/resources/RFsender_platform/standalone_domain/qemu",
					"debugEnable":	"False",
					"domRuntimes":	["cpp"],
					"swRepo":	"",
					"mssOsVer":	"9.2",
					"mssFile":	"",
					"md5Digest":	"cdf1d043c3be5ad3d6f2b109f4a0d161",
					"compatibleApp":	"",
					"domType":	"mssDomain",
					"appSettings":	{
						"appCompilerFlags":	"",
						"appLinkerFlags":	""
					},
					"addedLibs":	["xilffs:5.3"],
					"libOptions":	{
						"libsContainingOptions":	[]
					},
					"prebuiltLibs":	{
						"prebuiltIncPath":	[],
						"prebuiltLibPath":	[]
					},
					"isolation":	{
					}
				}]
		}]
}
KEYINFO::2026-08-03.23:34:48::SCWPlatform::updated the xpfm file.
TRACE::2026-08-03.23:34:48::SCWPlatform::Trying to open the hw design at D:/Work/projects/zybo_z7_projects/DD_RF/vitis/RFsender_platform/hw/rfsender.xsa
TRACE::2026-08-03.23:34:48::SCWPlatform::DSA given D:/Work/projects/zybo_z7_projects/DD_RF/vitis/RFsender_platform/hw/rfsender.xsa
TRACE::2026-08-03.23:34:48::SCWPlatform::DSA absoulate path D:/Work/projects/zybo_z7_projects/DD_RF/vitis/RFsender_platform/hw/rfsender.xsa
TRACE::2026-08-03.23:34:48::SCWPlatform::DSA directory D:/Work/projects/zybo_z7_projects/DD_RF/vitis/RFsender_platform/hw
TRACE::2026-08-03.23:34:48::SCWPlatform:: Platform Path D:/Work/projects/zybo_z7_projects/DD_RF/vitis/RFsender_platform/hw/rfsender.xsa
TRACE::2026-08-03.23:34:48::SCWPlatform:: Unique name xilinx:zybo-z7-10::0.0
TRACE::2026-08-03.23:34:48::SCWPlatform::Trying to set the existing hwdb with name topSystem_4
TRACE::2026-08-03.23:34:48::SCWPlatform::Opened existing hwdb topSystem_4
TRACE::2026-08-03.23:34:48::SCWPlatform::Found the Hw Db part of the input DSA
TRACE::2026-08-03.23:34:48::SCWMssOS::Checking the sw design at  D:/Work/projects/zybo_z7_projects/DD_RF/vitis/RFsender_platform/ps7_cortexa9_0/standalone_domain/bsp/system.mss
TRACE::2026-08-03.23:34:48::SCWMssOS::DEBUG:  swdes dump  D:/Work/projects/zybo_z7_projects/DD_RF/vitis/RFsender_platform/ps7_cortexa9_0/standalone_domain/bsp/system.mss|system_0||
D:/Work/projects/zybo_z7_projects/DD_RF/vitis/RFsender_platform/zynq_fsbl/zynq_fsbl_bsp/system.mss|system||

TRACE::2026-08-03.23:34:48::SCWMssOS::Sw design exists and opened at  D:/Work/projects/zybo_z7_projects/DD_RF/vitis/RFsender_platform/ps7_cortexa9_0/standalone_domain/bsp/system.mss
TRACE::2026-08-03.23:38:19::SCWBDomain::System Command Ran  D:&  cd  D:/Work/projects/zybo_z7_projects/DD_RF/vitis/RFsender_platform/zynq_fsbl & make clean
TRACE::2026-08-03.23:38:19::SCWBDomain::rm -rf  sd.o  nand.o  image_mover.o  md5.o  fsbl_hooks.o  main.o  nor.o  qspi.o  rsa.o  ps7_init.o  pcap.o  fsbl_handoff.o zynq
TRACE::2026-08-03.23:38:19::SCWBDomain::_fsbl_bsp/ps7_cortexa9_0/lib/libxil.a fsbl.elf *.o

TRACE::2026-08-03.23:38:19::SCWBDomain::System Command Ran  D:&  cd  D:/Work/projects/zybo_z7_projects/DD_RF/vitis/RFsender_platform/zynq_fsbl/zynq_fsbl_bsp & make clean
TRACE::2026-08-03.23:38:19::SCWBDomain::make -C ps7_cortexa9_0/libsrc/coresightps_dcc_v1_11/src -s clean 

TRACE::2026-08-03.23:38:19::SCWBDomain::make -C ps7_cortexa9_0/libsrc/cpu_cortexa9_v2_12/src -s clean 

TRACE::2026-08-03.23:38:19::SCWBDomain::make -C ps7_cortexa9_0/libsrc/ddrps_v1_2/src -s clean 

TRACE::2026-08-03.23:38:19::SCWBDomain::make -C ps7_cortexa9_0/libsrc/devcfg_v3_8/src -s clean 

TRACE::2026-08-03.23:38:19::SCWBDomain::make -C ps7_cortexa9_0/libsrc/dmaps_v2_11/src -s clean 

TRACE::2026-08-03.23:38:19::SCWBDomain::make -C ps7_cortexa9_0/libsrc/emacps_v3_21/src -s clean 

TRACE::2026-08-03.23:38:19::SCWBDomain::make -C ps7_cortexa9_0/libsrc/gpiops_v3_13/src -s clean 

TRACE::2026-08-03.23:38:19::SCWBDomain::make -C ps7_cortexa9_0/libsrc/qspips_v3_13/src -s clean 

TRACE::2026-08-03.23:38:19::SCWBDomain::make -C ps7_cortexa9_0/libsrc/scugic_v5_4/src -s clean 

TRACE::2026-08-03.23:38:19::SCWBDomain::make -C ps7_cortexa9_0/libsrc/scutimer_v2_6/src -s clean 

TRACE::2026-08-03.23:38:19::SCWBDomain::make -C ps7_cortexa9_0/libsrc/scuwdt_v2_6/src -s clean 

TRACE::2026-08-03.23:38:20::SCWBDomain::make -C ps7_cortexa9_0/libsrc/sdps_v4_4/src -s clean 

TRACE::2026-08-03.23:38:20::SCWBDomain::make -C ps7_cortexa9_0/libsrc/standalone_v9_2/src -s clean 

TRACE::2026-08-03.23:38:20::SCWBDomain::make -C ps7_cortexa9_0/libsrc/uartps_v3_15/src -s clean 

TRACE::2026-08-03.23:38:20::SCWBDomain::make -C ps7_cortexa9_0/libsrc/usbps_v2_9/src -s clean 

TRACE::2026-08-03.23:38:20::SCWBDomain::make -C ps7_cortexa9_0/libsrc/xadcps_v2_7/src -s clean 

TRACE::2026-08-03.23:38:20::SCWBDomain::make -C ps7_cortexa9_0/libsrc/xilffs_v5_3/src -s clean 

TRACE::2026-08-03.23:38:20::SCWBDomain::make -C ps7_cortexa9_0/libsrc/xilrsa_v1_8/src -s clean 

TRACE::2026-08-03.23:38:20::SCWBDomain::rm -f ps7_cortexa9_0/lib/libxil.a

TRACE::2026-08-03.23:38:20::SCWMssOS::cleaning the bsp 
TRACE::2026-08-03.23:38:20::SCWMssOS::System Command Ran  D: & cd  D:/Work/projects/zybo_z7_projects/DD_RF/vitis/RFsender_platform/ps7_cortexa9_0/standalone_domain/bsp & make clean 
TRACE::2026-08-03.23:38:20::SCWMssOS::make -C ps7_cortexa9_0/libsrc/coresightps_dcc_v1_11/src -s clean 

TRACE::2026-08-03.23:38:20::SCWMssOS::make -C ps7_cortexa9_0/libsrc/cpu_cortexa9_v2_12/src -s clean 

TRACE::2026-08-03.23:38:21::SCWMssOS::make -C ps7_cortexa9_0/libsrc/ddrps_v1_2/src -s clean 

TRACE::2026-08-03.23:38:21::SCWMssOS::make -C ps7_cortexa9_0/libsrc/devcfg_v3_8/src -s clean 

TRACE::2026-08-03.23:38:21::SCWMssOS::make -C ps7_cortexa9_0/libsrc/dmaps_v2_11/src -s clean 

TRACE::2026-08-03.23:38:21::SCWMssOS::make -C ps7_cortexa9_0/libsrc/emacps_v3_21/src -s clean 

TRACE::2026-08-03.23:38:21::SCWMssOS::make -C ps7_cortexa9_0/libsrc/gpiops_v3_13/src -s clean 

TRACE::2026-08-03.23:38:21::SCWMssOS::make -C ps7_cortexa9_0/libsrc/qspips_v3_13/src -s clean 

TRACE::2026-08-03.23:38:21::SCWMssOS::make -C ps7_cortexa9_0/libsrc/scugic_v5_4/src -s clean 

TRACE::2026-08-03.23:38:21::SCWMssOS::make -C ps7_cortexa9_0/libsrc/scutimer_v2_6/src -s clean 

TRACE::2026-08-03.23:38:21::SCWMssOS::make -C ps7_cortexa9_0/libsrc/scuwdt_v2_6/src -s clean 

TRACE::2026-08-03.23:38:21::SCWMssOS::make -C ps7_cortexa9_0/libsrc/sdps_v4_4/src -s clean 

TRACE::2026-08-03.23:38:21::SCWMssOS::make -C ps7_cortexa9_0/libsrc/standalone_v9_2/src -s clean 

TRACE::2026-08-03.23:38:22::SCWMssOS::make -C ps7_cortexa9_0/libsrc/uartps_v3_15/src -s clean 

TRACE::2026-08-03.23:38:22::SCWMssOS::make -C ps7_cortexa9_0/libsrc/usbps_v2_9/src -s clean 

TRACE::2026-08-03.23:38:22::SCWMssOS::make -C ps7_cortexa9_0/libsrc/xadcps_v2_7/src -s clean 

TRACE::2026-08-03.23:38:22::SCWMssOS::make -C ps7_cortexa9_0/libsrc/xilffs_v5_3/src -s clean 

TRACE::2026-08-03.23:38:22::SCWMssOS::rm -f ps7_cortexa9_0/lib/libxil.a

LOG::2026-08-03.23:38:29::SCWPlatform::Started generating the artifacts platform RFsender_platform
TRACE::2026-08-03.23:38:29::SCWPlatform::Sanity checking of platform is completed
LOG::2026-08-03.23:38:29::SCWPlatform::Started generating the artifacts for system configuration RFsender_platform
LOG::2026-08-03.23:38:29::SCWSystem::Checking the domain zynq_fsbl
LOG::2026-08-03.23:38:29::SCWSystem::Doing application build for :  zynq_fsbl
TRACE::2026-08-03.23:38:29::SCWBDomain::Not a forced makefile updation, No changes are present. 
TRACE::2026-08-03.23:38:29::SCWDomain::Building the domain as part of full build :  zynq_fsbl
TRACE::2026-08-03.23:38:29::SCWPlatform::Trying to open the hw design at D:/Work/projects/zybo_z7_projects/DD_RF/vitis/RFsender_platform/hw/rfsender.xsa
TRACE::2026-08-03.23:38:29::SCWPlatform::DSA given D:/Work/projects/zybo_z7_projects/DD_RF/vitis/RFsender_platform/hw/rfsender.xsa
TRACE::2026-08-03.23:38:29::SCWPlatform::DSA absoulate path D:/Work/projects/zybo_z7_projects/DD_RF/vitis/RFsender_platform/hw/rfsender.xsa
TRACE::2026-08-03.23:38:29::SCWPlatform::DSA directory D:/Work/projects/zybo_z7_projects/DD_RF/vitis/RFsender_platform/hw
TRACE::2026-08-03.23:38:29::SCWPlatform:: Platform Path D:/Work/projects/zybo_z7_projects/DD_RF/vitis/RFsender_platform/hw/rfsender.xsa
TRACE::2026-08-03.23:38:29::SCWPlatform:: Unique name xilinx:zybo-z7-10::0.0
TRACE::2026-08-03.23:38:29::SCWPlatform::Trying to set the existing hwdb with name topSystem_4
TRACE::2026-08-03.23:38:29::SCWPlatform::Opened existing hwdb topSystem_4
TRACE::2026-08-03.23:38:29::SCWPlatform::Found the Hw Db part of the input DSA
TRACE::2026-08-03.23:38:29::SCWMssOS::Checking the sw design at  D:/Work/projects/zybo_z7_projects/DD_RF/vitis/RFsender_platform/zynq_fsbl/zynq_fsbl_bsp/system.mss
TRACE::2026-08-03.23:38:29::SCWMssOS::DEBUG:  swdes dump  D:/Work/projects/zybo_z7_projects/DD_RF/vitis/RFsender_platform/ps7_cortexa9_0/standalone_domain/bsp/system.mss|system_0||
D:/Work/projects/zybo_z7_projects/DD_RF/vitis/RFsender_platform/zynq_fsbl/zynq_fsbl_bsp/system.mss|system||

TRACE::2026-08-03.23:38:29::SCWMssOS::Sw design exists and opened at  D:/Work/projects/zybo_z7_projects/DD_RF/vitis/RFsender_platform/zynq_fsbl/zynq_fsbl_bsp/system.mss
TRACE::2026-08-03.23:38:29::SCWBDomain::Completed writing the mss file at D:/Work/projects/zybo_z7_projects/DD_RF/vitis/RFsender_platform/zynq_fsbl/zynq_fsbl_bsp
TRACE::2026-08-03.23:38:29::SCWBDomain::bsp generated is upto date with the mss file. Skipping bsp generation.
TRACE::2026-08-03.23:38:29::SCWBDomain::Not a forced makefile updation, No changes are present. 
TRACE::2026-08-03.23:38:29::SCWBDomain::System Command Ran  D:&  cd  D:/Work/projects/zybo_z7_projects/DD_RF/vitis/RFsender_platform/zynq_fsbl& make -C  zynq_fsbl_bsp & make 
TRACE::2026-08-03.23:38:29::SCWBDomain::make: Entering directory 'D:/Work/projects/zybo_z7_projects/DD_RF/vitis/RFsender_platform/zynq_fsbl/zynq_fsbl_bsp'

TRACE::2026-08-03.23:38:29::SCWBDomain::make --no-print-directory seq_libs

TRACE::2026-08-03.23:38:29::SCWBDomain::"Running Make include in ps7_cortexa9_0/libsrc/coresightps_dcc_v1_11/src"

TRACE::2026-08-03.23:38:29::SCWBDomain::make -C ps7_cortexa9_0/libsrc/coresightps_dcc_v1_11/src -s include  "SHELL=CMD" "COMPILER=arm-none-eabi-gcc" "ASSEMBLER=arm-non
TRACE::2026-08-03.23:38:29::SCWBDomain::e-eabi-as" "ARCHIVER=arm-none-eabi-ar" "COMPILER_FLAGS=  -O2 -c" "EXTRA_COMPILER_FLAGS=-mcpu=cortex-a9 -mfpu=vfpv3 -mfloat-abi=
TRACE::2026-08-03.23:38:29::SCWBDomain::hard -nostartfiles -g -Wall -Wextra -fno-tree-loop-distribute-patterns"

TRACE::2026-08-03.23:38:29::SCWBDomain::"Running Make include in ps7_cortexa9_0/libsrc/cpu_cortexa9_v2_12/src"

TRACE::2026-08-03.23:38:29::SCWBDomain::make -C ps7_cortexa9_0/libsrc/cpu_cortexa9_v2_12/src -s include  "SHELL=CMD" "COMPILER=arm-none-eabi-gcc" "ASSEMBLER=arm-none-e
TRACE::2026-08-03.23:38:29::SCWBDomain::abi-as" "ARCHIVER=arm-none-eabi-ar" "COMPILER_FLAGS=  -O2 -c" "EXTRA_COMPILER_FLAGS=-mcpu=cortex-a9 -mfpu=vfpv3 -mfloat-abi=har
TRACE::2026-08-03.23:38:29::SCWBDomain::d -nostartfiles -g -Wall -Wextra -fno-tree-loop-distribute-patterns"

TRACE::2026-08-03.23:38:29::SCWBDomain::"Running Make include in ps7_cortexa9_0/libsrc/ddrps_v1_2/src"

TRACE::2026-08-03.23:38:29::SCWBDomain::make -C ps7_cortexa9_0/libsrc/ddrps_v1_2/src -s include  "SHELL=CMD" "COMPILER=arm-none-eabi-gcc" "ASSEMBLER=arm-none-eabi-as" 
TRACE::2026-08-03.23:38:29::SCWBDomain::"ARCHIVER=arm-none-eabi-ar" "COMPILER_FLAGS=  -O2 -c" "EXTRA_COMPILER_FLAGS=-mcpu=cortex-a9 -mfpu=vfpv3 -mfloat-abi=hard -nosta
TRACE::2026-08-03.23:38:29::SCWBDomain::rtfiles -g -Wall -Wextra -fno-tree-loop-distribute-patterns"

TRACE::2026-08-03.23:38:29::SCWBDomain::"Running Make include in ps7_cortexa9_0/libsrc/devcfg_v3_8/src"

TRACE::2026-08-03.23:38:29::SCWBDomain::make -C ps7_cortexa9_0/libsrc/devcfg_v3_8/src -s include  "SHELL=CMD" "COMPILER=arm-none-eabi-gcc" "ASSEMBLER=arm-none-eabi-as"
TRACE::2026-08-03.23:38:29::SCWBDomain:: "ARCHIVER=arm-none-eabi-ar" "COMPILER_FLAGS=  -O2 -c" "EXTRA_COMPILER_FLAGS=-mcpu=cortex-a9 -mfpu=vfpv3 -mfloat-abi=hard -nost
TRACE::2026-08-03.23:38:29::SCWBDomain::artfiles -g -Wall -Wextra -fno-tree-loop-distribute-patterns"

TRACE::2026-08-03.23:38:29::SCWBDomain::"Running Make include in ps7_cortexa9_0/libsrc/dmaps_v2_11/src"

TRACE::2026-08-03.23:38:29::SCWBDomain::make -C ps7_cortexa9_0/libsrc/dmaps_v2_11/src -s include  "SHELL=CMD" "COMPILER=arm-none-eabi-gcc" "ASSEMBLER=arm-none-eabi-as"
TRACE::2026-08-03.23:38:29::SCWBDomain:: "ARCHIVER=arm-none-eabi-ar" "COMPILER_FLAGS=  -O2 -c" "EXTRA_COMPILER_FLAGS=-mcpu=cortex-a9 -mfpu=vfpv3 -mfloat-abi=hard -nost
TRACE::2026-08-03.23:38:29::SCWBDomain::artfiles -g -Wall -Wextra -fno-tree-loop-distribute-patterns"

TRACE::2026-08-03.23:38:29::SCWBDomain::"Running Make include in ps7_cortexa9_0/libsrc/emacps_v3_21/src"

TRACE::2026-08-03.23:38:29::SCWBDomain::make -C ps7_cortexa9_0/libsrc/emacps_v3_21/src -s include  "SHELL=CMD" "COMPILER=arm-none-eabi-gcc" "ASSEMBLER=arm-none-eabi-as
TRACE::2026-08-03.23:38:29::SCWBDomain::" "ARCHIVER=arm-none-eabi-ar" "COMPILER_FLAGS=  -O2 -c" "EXTRA_COMPILER_FLAGS=-mcpu=cortex-a9 -mfpu=vfpv3 -mfloat-abi=hard -nos
TRACE::2026-08-03.23:38:29::SCWBDomain::tartfiles -g -Wall -Wextra -fno-tree-loop-distribute-patterns"

TRACE::2026-08-03.23:38:29::SCWBDomain::"Running Make include in ps7_cortexa9_0/libsrc/gpiops_v3_13/src"

TRACE::2026-08-03.23:38:29::SCWBDomain::make -C ps7_cortexa9_0/libsrc/gpiops_v3_13/src -s include  "SHELL=CMD" "COMPILER=arm-none-eabi-gcc" "ASSEMBLER=arm-none-eabi-as
TRACE::2026-08-03.23:38:29::SCWBDomain::" "ARCHIVER=arm-none-eabi-ar" "COMPILER_FLAGS=  -O2 -c" "EXTRA_COMPILER_FLAGS=-mcpu=cortex-a9 -mfpu=vfpv3 -mfloat-abi=hard -nos
TRACE::2026-08-03.23:38:29::SCWBDomain::tartfiles -g -Wall -Wextra -fno-tree-loop-distribute-patterns"

TRACE::2026-08-03.23:38:30::SCWBDomain::"Running Make include in ps7_cortexa9_0/libsrc/qspips_v3_13/src"

TRACE::2026-08-03.23:38:30::SCWBDomain::make -C ps7_cortexa9_0/libsrc/qspips_v3_13/src -s include  "SHELL=CMD" "COMPILER=arm-none-eabi-gcc" "ASSEMBLER=arm-none-eabi-as
TRACE::2026-08-03.23:38:30::SCWBDomain::" "ARCHIVER=arm-none-eabi-ar" "COMPILER_FLAGS=  -O2 -c" "EXTRA_COMPILER_FLAGS=-mcpu=cortex-a9 -mfpu=vfpv3 -mfloat-abi=hard -nos
TRACE::2026-08-03.23:38:30::SCWBDomain::tartfiles -g -Wall -Wextra -fno-tree-loop-distribute-patterns"

TRACE::2026-08-03.23:38:30::SCWBDomain::"Running Make include in ps7_cortexa9_0/libsrc/scugic_v5_4/src"

TRACE::2026-08-03.23:38:30::SCWBDomain::make -C ps7_cortexa9_0/libsrc/scugic_v5_4/src -s include  "SHELL=CMD" "COMPILER=arm-none-eabi-gcc" "ASSEMBLER=arm-none-eabi-as"
TRACE::2026-08-03.23:38:30::SCWBDomain:: "ARCHIVER=arm-none-eabi-ar" "COMPILER_FLAGS=  -O2 -c" "EXTRA_COMPILER_FLAGS=-mcpu=cortex-a9 -mfpu=vfpv3 -mfloat-abi=hard -nost
TRACE::2026-08-03.23:38:30::SCWBDomain::artfiles -g -Wall -Wextra -fno-tree-loop-distribute-patterns"

TRACE::2026-08-03.23:38:30::SCWBDomain::"Running Make include in ps7_cortexa9_0/libsrc/scutimer_v2_6/src"

TRACE::2026-08-03.23:38:30::SCWBDomain::make -C ps7_cortexa9_0/libsrc/scutimer_v2_6/src -s include  "SHELL=CMD" "COMPILER=arm-none-eabi-gcc" "ASSEMBLER=arm-none-eabi-a
TRACE::2026-08-03.23:38:30::SCWBDomain::s" "ARCHIVER=arm-none-eabi-ar" "COMPILER_FLAGS=  -O2 -c" "EXTRA_COMPILER_FLAGS=-mcpu=cortex-a9 -mfpu=vfpv3 -mfloat-abi=hard -no
TRACE::2026-08-03.23:38:30::SCWBDomain::startfiles -g -Wall -Wextra -fno-tree-loop-distribute-patterns"

TRACE::2026-08-03.23:38:30::SCWBDomain::"Running Make include in ps7_cortexa9_0/libsrc/scuwdt_v2_6/src"

TRACE::2026-08-03.23:38:30::SCWBDomain::make -C ps7_cortexa9_0/libsrc/scuwdt_v2_6/src -s include  "SHELL=CMD" "COMPILER=arm-none-eabi-gcc" "ASSEMBLER=arm-none-eabi-as"
TRACE::2026-08-03.23:38:30::SCWBDomain:: "ARCHIVER=arm-none-eabi-ar" "COMPILER_FLAGS=  -O2 -c" "EXTRA_COMPILER_FLAGS=-mcpu=cortex-a9 -mfpu=vfpv3 -mfloat-abi=hard -nost
TRACE::2026-08-03.23:38:30::SCWBDomain::artfiles -g -Wall -Wextra -fno-tree-loop-distribute-patterns"

TRACE::2026-08-03.23:38:30::SCWBDomain::"Running Make include in ps7_cortexa9_0/libsrc/sdps_v4_4/src"

TRACE::2026-08-03.23:38:30::SCWBDomain::make -C ps7_cortexa9_0/libsrc/sdps_v4_4/src -s include  "SHELL=CMD" "COMPILER=arm-none-eabi-gcc" "ASSEMBLER=arm-none-eabi-as" "
TRACE::2026-08-03.23:38:30::SCWBDomain::ARCHIVER=arm-none-eabi-ar" "COMPILER_FLAGS=  -O2 -c" "EXTRA_COMPILER_FLAGS=-mcpu=cortex-a9 -mfpu=vfpv3 -mfloat-abi=hard -nostar
TRACE::2026-08-03.23:38:30::SCWBDomain::tfiles -g -Wall -Wextra -fno-tree-loop-distribute-patterns"

TRACE::2026-08-03.23:38:30::SCWBDomain::"Running Make include in ps7_cortexa9_0/libsrc/standalone_v9_2/src"

TRACE::2026-08-03.23:38:30::SCWBDomain::make -C ps7_cortexa9_0/libsrc/standalone_v9_2/src -s include  "SHELL=CMD" "COMPILER=arm-none-eabi-gcc" "ASSEMBLER=arm-none-eabi
TRACE::2026-08-03.23:38:30::SCWBDomain::-as" "ARCHIVER=arm-none-eabi-ar" "COMPILER_FLAGS=  -O2 -c" "EXTRA_COMPILER_FLAGS=-mcpu=cortex-a9 -mfpu=vfpv3 -mfloat-abi=hard -
TRACE::2026-08-03.23:38:30::SCWBDomain::nostartfiles -g -Wall -Wextra -fno-tree-loop-distribute-patterns"

TRACE::2026-08-03.23:38:30::SCWBDomain::"Running Make include in ps7_cortexa9_0/libsrc/uartps_v3_15/src"

TRACE::2026-08-03.23:38:30::SCWBDomain::make -C ps7_cortexa9_0/libsrc/uartps_v3_15/src -s include  "SHELL=CMD" "COMPILER=arm-none-eabi-gcc" "ASSEMBLER=arm-none-eabi-as
TRACE::2026-08-03.23:38:30::SCWBDomain::" "ARCHIVER=arm-none-eabi-ar" "COMPILER_FLAGS=  -O2 -c" "EXTRA_COMPILER_FLAGS=-mcpu=cortex-a9 -mfpu=vfpv3 -mfloat-abi=hard -nos
TRACE::2026-08-03.23:38:30::SCWBDomain::tartfiles -g -Wall -Wextra -fno-tree-loop-distribute-patterns"

TRACE::2026-08-03.23:38:30::SCWBDomain::"Running Make include in ps7_cortexa9_0/libsrc/usbps_v2_9/src"

TRACE::2026-08-03.23:38:30::SCWBDomain::make -C ps7_cortexa9_0/libsrc/usbps_v2_9/src -s include  "SHELL=CMD" "COMPILER=arm-none-eabi-gcc" "ASSEMBLER=arm-none-eabi-as" 
TRACE::2026-08-03.23:38:30::SCWBDomain::"ARCHIVER=arm-none-eabi-ar" "COMPILER_FLAGS=  -O2 -c" "EXTRA_COMPILER_FLAGS=-mcpu=cortex-a9 -mfpu=vfpv3 -mfloat-abi=hard -nosta
TRACE::2026-08-03.23:38:30::SCWBDomain::rtfiles -g -Wall -Wextra -fno-tree-loop-distribute-patterns"

TRACE::2026-08-03.23:38:30::SCWBDomain::"Running Make include in ps7_cortexa9_0/libsrc/xadcps_v2_7/src"

TRACE::2026-08-03.23:38:30::SCWBDomain::make -C ps7_cortexa9_0/libsrc/xadcps_v2_7/src -s include  "SHELL=CMD" "COMPILER=arm-none-eabi-gcc" "ASSEMBLER=arm-none-eabi-as"
TRACE::2026-08-03.23:38:30::SCWBDomain:: "ARCHIVER=arm-none-eabi-ar" "COMPILER_FLAGS=  -O2 -c" "EXTRA_COMPILER_FLAGS=-mcpu=cortex-a9 -mfpu=vfpv3 -mfloat-abi=hard -nost
TRACE::2026-08-03.23:38:30::SCWBDomain::artfiles -g -Wall -Wextra -fno-tree-loop-distribute-patterns"

TRACE::2026-08-03.23:38:31::SCWBDomain::"Running Make include in ps7_cortexa9_0/libsrc/xilffs_v5_3/src"

TRACE::2026-08-03.23:38:31::SCWBDomain::make -C ps7_cortexa9_0/libsrc/xilffs_v5_3/src -s include  "SHELL=CMD" "COMPILER=arm-none-eabi-gcc" "ASSEMBLER=arm-none-eabi-as"
TRACE::2026-08-03.23:38:31::SCWBDomain:: "ARCHIVER=arm-none-eabi-ar" "COMPILER_FLAGS=  -O2 -c" "EXTRA_COMPILER_FLAGS=-mcpu=cortex-a9 -mfpu=vfpv3 -mfloat-abi=hard -nost
TRACE::2026-08-03.23:38:31::SCWBDomain::artfiles -g -Wall -Wextra -fno-tree-loop-distribute-patterns"

TRACE::2026-08-03.23:38:31::SCWBDomain::"Running Make include in ps7_cortexa9_0/libsrc/xilrsa_v1_8/src"

TRACE::2026-08-03.23:38:31::SCWBDomain::make -C ps7_cortexa9_0/libsrc/xilrsa_v1_8/src -s include  "SHELL=CMD" "COMPILER=arm-none-eabi-gcc" "ASSEMBLER=arm-none-eabi-as"
TRACE::2026-08-03.23:38:31::SCWBDomain:: "ARCHIVER=arm-none-eabi-ar" "COMPILER_FLAGS=  -O2 -c" "EXTRA_COMPILER_FLAGS=-mcpu=cortex-a9 -mfpu=vfpv3 -mfloat-abi=hard -nost
TRACE::2026-08-03.23:38:31::SCWBDomain::artfiles -g -Wall -Wextra -fno-tree-loop-distribute-patterns"

TRACE::2026-08-03.23:38:31::SCWBDomain::"Running Make libs in ps7_cortexa9_0/libsrc/xilrsa_v1_8/src"

TRACE::2026-08-03.23:38:31::SCWBDomain::make -C ps7_cortexa9_0/libsrc/xilrsa_v1_8/src -s libs  "SHELL=CMD" "COMPILER=arm-none-eabi-gcc" "ASSEMBLER=arm-none-eabi-as" "A
TRACE::2026-08-03.23:38:31::SCWBDomain::RCHIVER=arm-none-eabi-ar" "COMPILER_FLAGS=  -O2 -c" "EXTRA_COMPILER_FLAGS=-mcpu=cortex-a9 -mfpu=vfpv3 -mfloat-abi=hard -nostart
TRACE::2026-08-03.23:38:31::SCWBDomain::files -g -Wall -Wextra -fno-tree-loop-distribute-patterns"

TRACE::2026-08-03.23:38:31::SCWBDomain::'Finished building libraries sequentially.'

TRACE::2026-08-03.23:38:31::SCWBDomain::make -j 14 --no-print-directory par_libs

TRACE::2026-08-03.23:38:31::SCWBDomain::"Running Make include in ps7_cortexa9_0/libsrc/coresightps_dcc_v1_11/src"

TRACE::2026-08-03.23:38:31::SCWBDomain::make -C ps7_cortexa9_0/libsrc/coresightps_dcc_v1_11/src -s include  "SHELL=CMD" "COMPILER=arm-none-eabi-gcc" "ASSEMBLER=arm-non
TRACE::2026-08-03.23:38:31::SCWBDomain::e-eabi-as" "ARCHIVER=arm-none-eabi-ar" "COMPILER_FLAGS=  -O2 -c" "EXTRA_COMPILER_FLAGS=-mcpu=cortex-a9 -mfpu=vfpv3 -mfloat-abi=
TRACE::2026-08-03.23:38:31::SCWBDomain::hard -nostartfiles -g -Wall -Wextra -fno-tree-loop-distribute-patterns"

TRACE::2026-08-03.23:38:31::SCWBDomain::"Running Make include in ps7_cortexa9_0/libsrc/cpu_cortexa9_v2_12/src"

TRACE::2026-08-03.23:38:31::SCWBDomain::make -C ps7_cortexa9_0/libsrc/cpu_cortexa9_v2_12/src -s include  "SHELL=CMD" "COMPILER=arm-none-eabi-gcc" "ASSEMBLER=arm-none-e
TRACE::2026-08-03.23:38:31::SCWBDomain::abi-as" "ARCHIVER=arm-none-eabi-ar" "COMPILER_FLAGS=  -O2 -c" "EXTRA_COMPILER_FLAGS=-mcpu=cortex-a9 -mfpu=vfpv3 -mfloat-abi=har
TRACE::2026-08-03.23:38:31::SCWBDomain::d -nostartfiles -g -Wall -Wextra -fno-tree-loop-distribute-patterns"

TRACE::2026-08-03.23:38:31::SCWBDomain::"Running Make include in ps7_cortexa9_0/libsrc/ddrps_v1_2/src"

TRACE::2026-08-03.23:38:31::SCWBDomain::make -C ps7_cortexa9_0/libsrc/ddrps_v1_2/src -s include  "SHELL=CMD" "COMPILER=arm-none-eabi-gcc" "ASSEMBLER=arm-none-eabi-as" 
TRACE::2026-08-03.23:38:31::SCWBDomain::"ARCHIVER=arm-none-eabi-ar" "COMPILER_FLAGS=  -O2 -c" "EXTRA_COMPILER_FLAGS=-mcpu=cortex-a9 -mfpu=vfpv3 -mfloat-abi=hard -nosta
TRACE::2026-08-03.23:38:31::SCWBDomain::rtfiles -g -Wall -Wextra -fno-tree-loop-distribute-patterns"

TRACE::2026-08-03.23:38:31::SCWBDomain::"Running Make include in ps7_cortexa9_0/libsrc/devcfg_v3_8/src"

TRACE::2026-08-03.23:38:31::SCWBDomain::make -C ps7_cortexa9_0/libsrc/devcfg_v3_8/src -s include  "SHELL=CMD" "COMPILER=arm-none-eabi-gcc" "ASSEMBLER=arm-none-eabi-as"
TRACE::2026-08-03.23:38:31::SCWBDomain:: "ARCHIVER=arm-none-eabi-ar" "COMPILER_FLAGS=  -O2 -c" "EXTRA_COMPILER_FLAGS=-mcpu=cortex-a9 -mfpu=vfpv3 -mfloat-abi=hard -nost
TRACE::2026-08-03.23:38:31::SCWBDomain::artfiles -g -Wall -Wextra -fno-tree-loop-distribute-patterns"

TRACE::2026-08-03.23:38:31::SCWBDomain::"Running Make include in ps7_cortexa9_0/libsrc/dmaps_v2_11/src"

TRACE::2026-08-03.23:38:31::SCWBDomain::make -C ps7_cortexa9_0/libsrc/dmaps_v2_11/src -s include  "SHELL=CMD" "COMPILER=arm-none-eabi-gcc" "ASSEMBLER=arm-none-eabi-as"
TRACE::2026-08-03.23:38:31::SCWBDomain:: "ARCHIVER=arm-none-eabi-ar" "COMPILER_FLAGS=  -O2 -c" "EXTRA_COMPILER_FLAGS=-mcpu=cortex-a9 -mfpu=vfpv3 -mfloat-abi=hard -nost
TRACE::2026-08-03.23:38:31::SCWBDomain::artfiles -g -Wall -Wextra -fno-tree-loop-distribute-patterns"

TRACE::2026-08-03.23:38:31::SCWBDomain::"Running Make include in ps7_cortexa9_0/libsrc/emacps_v3_21/src"

TRACE::2026-08-03.23:38:31::SCWBDomain::make -C ps7_cortexa9_0/libsrc/emacps_v3_21/src -s include  "SHELL=CMD" "COMPILER=arm-none-eabi-gcc" "ASSEMBLER=arm-none-eabi-as
TRACE::2026-08-03.23:38:31::SCWBDomain::" "ARCHIVER=arm-none-eabi-ar" "COMPILER_FLAGS=  -O2 -c" "EXTRA_COMPILER_FLAGS=-mcpu=cortex-a9 -mfpu=vfpv3 -mfloat-abi=hard -nos
TRACE::2026-08-03.23:38:31::SCWBDomain::tartfiles -g -Wall -Wextra -fno-tree-loop-distribute-patterns"

TRACE::2026-08-03.23:38:31::SCWBDomain::"Running Make include in ps7_cortexa9_0/libsrc/gpiops_v3_13/src"

TRACE::2026-08-03.23:38:31::SCWBDomain::make -C ps7_cortexa9_0/libsrc/gpiops_v3_13/src -s include  "SHELL=CMD" "COMPILER=arm-none-eabi-gcc" "ASSEMBLER=arm-none-eabi-as
TRACE::2026-08-03.23:38:31::SCWBDomain::" "ARCHIVER=arm-none-eabi-ar" "COMPILER_FLAGS=  -O2 -c" "EXTRA_COMPILER_FLAGS=-mcpu=cortex-a9 -mfpu=vfpv3 -mfloat-abi=hard -nos
TRACE::2026-08-03.23:38:31::SCWBDomain::tartfiles -g -Wall -Wextra -fno-tree-loop-distribute-patterns"

TRACE::2026-08-03.23:38:31::SCWBDomain::"Running Make include in ps7_cortexa9_0/libsrc/qspips_v3_13/src"

TRACE::2026-08-03.23:38:31::SCWBDomain::make -C ps7_cortexa9_0/libsrc/qspips_v3_13/src -s include  "SHELL=CMD" "COMPILER=arm-none-eabi-gcc" "ASSEMBLER=arm-none-eabi-as
TRACE::2026-08-03.23:38:31::SCWBDomain::" "ARCHIVER=arm-none-eabi-ar" "COMPILER_FLAGS=  -O2 -c" "EXTRA_COMPILER_FLAGS=-mcpu=cortex-a9 -mfpu=vfpv3 -mfloat-abi=hard -nos
TRACE::2026-08-03.23:38:31::SCWBDomain::tartfiles -g -Wall -Wextra -fno-tree-loop-distribute-patterns"

TRACE::2026-08-03.23:38:31::SCWBDomain::"Running Make include in ps7_cortexa9_0/libsrc/scugic_v5_4/src"

TRACE::2026-08-03.23:38:31::SCWBDomain::make -C ps7_cortexa9_0/libsrc/scugic_v5_4/src -s include  "SHELL=CMD" "COMPILER=arm-none-eabi-gcc" "ASSEMBLER=arm-none-eabi-as"
TRACE::2026-08-03.23:38:31::SCWBDomain:: "ARCHIVER=arm-none-eabi-ar" "COMPILER_FLAGS=  -O2 -c" "EXTRA_COMPILER_FLAGS=-mcpu=cortex-a9 -mfpu=vfpv3 -mfloat-abi=hard -nost
TRACE::2026-08-03.23:38:31::SCWBDomain::artfiles -g -Wall -Wextra -fno-tree-loop-distribute-patterns"

TRACE::2026-08-03.23:38:31::SCWBDomain::"Running Make include in ps7_cortexa9_0/libsrc/scutimer_v2_6/src"

TRACE::2026-08-03.23:38:31::SCWBDomain::make -C ps7_cortexa9_0/libsrc/scutimer_v2_6/src -s include  "SHELL=CMD" "COMPILER=arm-none-eabi-gcc" "ASSEMBLER=arm-none-eabi-a
TRACE::2026-08-03.23:38:31::SCWBDomain::s" "ARCHIVER=arm-none-eabi-ar" "COMPILER_FLAGS=  -O2 -c" "EXTRA_COMPILER_FLAGS=-mcpu=cortex-a9 -mfpu=vfpv3 -mfloat-abi=hard -no
TRACE::2026-08-03.23:38:31::SCWBDomain::startfiles -g -Wall -Wextra -fno-tree-loop-distribute-patterns"

TRACE::2026-08-03.23:38:31::SCWBDomain::"Running Make include in ps7_cortexa9_0/libsrc/scuwdt_v2_6/src"

TRACE::2026-08-03.23:38:31::SCWBDomain::make -C ps7_cortexa9_0/libsrc/scuwdt_v2_6/src -s include  "SHELL=CMD" "COMPILER=arm-none-eabi-gcc" "ASSEMBLER=arm-none-eabi-as"
TRACE::2026-08-03.23:38:31::SCWBDomain:: "ARCHIVER=arm-none-eabi-ar" "COMPILER_FLAGS=  -O2 -c" "EXTRA_COMPILER_FLAGS=-mcpu=cortex-a9 -mfpu=vfpv3 -mfloat-abi=hard -nost
TRACE::2026-08-03.23:38:31::SCWBDomain::artfiles -g -Wall -Wextra -fno-tree-loop-distribute-patterns"

TRACE::2026-08-03.23:38:31::SCWBDomain::"Running Make include in ps7_cortexa9_0/libsrc/sdps_v4_4/src"

TRACE::2026-08-03.23:38:31::SCWBDomain::make -C ps7_cortexa9_0/libsrc/sdps_v4_4/src -s include  "SHELL=CMD" "COMPILER=arm-none-eabi-gcc" "ASSEMBLER=arm-none-eabi-as" "
TRACE::2026-08-03.23:38:31::SCWBDomain::ARCHIVER=arm-none-eabi-ar" "COMPILER_FLAGS=  -O2 -c" "EXTRA_COMPILER_FLAGS=-mcpu=cortex-a9 -mfpu=vfpv3 -mfloat-abi=hard -nostar
TRACE::2026-08-03.23:38:31::SCWBDomain::tfiles -g -Wall -Wextra -fno-tree-loop-distribute-patterns"

TRACE::2026-08-03.23:38:31::SCWBDomain::"Running Make include in ps7_cortexa9_0/libsrc/standalone_v9_2/src"

TRACE::2026-08-03.23:38:31::SCWBDomain::make -C ps7_cortexa9_0/libsrc/standalone_v9_2/src -s include  "SHELL=CMD" "COMPILER=arm-none-eabi-gcc" "ASSEMBLER=arm-none-eabi
TRACE::2026-08-03.23:38:31::SCWBDomain::-as" "ARCHIVER=arm-none-eabi-ar" "COMPILER_FLAGS=  -O2 -c" "EXTRA_COMPILER_FLAGS=-mcpu=cortex-a9 -mfpu=vfpv3 -mfloat-abi=hard -
TRACE::2026-08-03.23:38:31::SCWBDomain::nostartfiles -g -Wall -Wextra -fno-tree-loop-distribute-patterns"

TRACE::2026-08-03.23:38:31::SCWBDomain::"Running Make include in ps7_cortexa9_0/libsrc/uartps_v3_15/src"

TRACE::2026-08-03.23:38:31::SCWBDomain::make -C ps7_cortexa9_0/libsrc/uartps_v3_15/src -s include  "SHELL=CMD" "COMPILER=arm-none-eabi-gcc" "ASSEMBLER=arm-none-eabi-as
TRACE::2026-08-03.23:38:31::SCWBDomain::" "ARCHIVER=arm-none-eabi-ar" "COMPILER_FLAGS=  -O2 -c" "EXTRA_COMPILER_FLAGS=-mcpu=cortex-a9 -mfpu=vfpv3 -mfloat-abi=hard -nos
TRACE::2026-08-03.23:38:31::SCWBDomain::tartfiles -g -Wall -Wextra -fno-tree-loop-distribute-patterns"

TRACE::2026-08-03.23:38:32::SCWBDomain::"Running Make include in ps7_cortexa9_0/libsrc/usbps_v2_9/src"

TRACE::2026-08-03.23:38:32::SCWBDomain::make -C ps7_cortexa9_0/libsrc/usbps_v2_9/src -s include  "SHELL=CMD" "COMPILER=arm-none-eabi-gcc" "ASSEMBLER=arm-none-eabi-as" 
TRACE::2026-08-03.23:38:32::SCWBDomain::"ARCHIVER=arm-none-eabi-ar" "COMPILER_FLAGS=  -O2 -c" "EXTRA_COMPILER_FLAGS=-mcpu=cortex-a9 -mfpu=vfpv3 -mfloat-abi=hard -nosta
TRACE::2026-08-03.23:38:32::SCWBDomain::rtfiles -g -Wall -Wextra -fno-tree-loop-distribute-patterns"

TRACE::2026-08-03.23:38:32::SCWBDomain::"Running Make include in ps7_cortexa9_0/libsrc/xadcps_v2_7/src"

TRACE::2026-08-03.23:38:32::SCWBDomain::make -C ps7_cortexa9_0/libsrc/xadcps_v2_7/src -s include  "SHELL=CMD" "COMPILER=arm-none-eabi-gcc" "ASSEMBLER=arm-none-eabi-as"
TRACE::2026-08-03.23:38:32::SCWBDomain:: "ARCHIVER=arm-none-eabi-ar" "COMPILER_FLAGS=  -O2 -c" "EXTRA_COMPILER_FLAGS=-mcpu=cortex-a9 -mfpu=vfpv3 -mfloat-abi=hard -nost
TRACE::2026-08-03.23:38:32::SCWBDomain::artfiles -g -Wall -Wextra -fno-tree-loop-distribute-patterns"

TRACE::2026-08-03.23:38:32::SCWBDomain::"Running Make include in ps7_cortexa9_0/libsrc/xilffs_v5_3/src"

TRACE::2026-08-03.23:38:32::SCWBDomain::make -C ps7_cortexa9_0/libsrc/xilffs_v5_3/src -s include  "SHELL=CMD" "COMPILER=arm-none-eabi-gcc" "ASSEMBLER=arm-none-eabi-as"
TRACE::2026-08-03.23:38:32::SCWBDomain:: "ARCHIVER=arm-none-eabi-ar" "COMPILER_FLAGS=  -O2 -c" "EXTRA_COMPILER_FLAGS=-mcpu=cortex-a9 -mfpu=vfpv3 -mfloat-abi=hard -nost
TRACE::2026-08-03.23:38:32::SCWBDomain::artfiles -g -Wall -Wextra -fno-tree-loop-distribute-patterns"

TRACE::2026-08-03.23:38:32::SCWBDomain::"Running Make include in ps7_cortexa9_0/libsrc/xilrsa_v1_8/src"

TRACE::2026-08-03.23:38:32::SCWBDomain::make -C ps7_cortexa9_0/libsrc/xilrsa_v1_8/src -s include  "SHELL=CMD" "COMPILER=arm-none-eabi-gcc" "ASSEMBLER=arm-none-eabi-as"
TRACE::2026-08-03.23:38:32::SCWBDomain:: "ARCHIVER=arm-none-eabi-ar" "COMPILER_FLAGS=  -O2 -c" "EXTRA_COMPILER_FLAGS=-mcpu=cortex-a9 -mfpu=vfpv3 -mfloat-abi=hard -nost
TRACE::2026-08-03.23:38:32::SCWBDomain::artfiles -g -Wall -Wextra -fno-tree-loop-distribute-patterns"

TRACE::2026-08-03.23:38:32::SCWBDomain::"Running Make libs in ps7_cortexa9_0/libsrc/coresightps_dcc_v1_11/src"

TRACE::2026-08-03.23:38:32::SCWBDomain::make -C ps7_cortexa9_0/libsrc/coresightps_dcc_v1_11/src -s libs  "SHELL=CMD" "COMPILER=arm-none-eabi-gcc" "ASSEMBLER=arm-none-e
TRACE::2026-08-03.23:38:32::SCWBDomain::abi-as" "ARCHIVER=arm-none-eabi-ar" "COMPILER_FLAGS=  -O2 -c" "EXTRA_COMPILER_FLAGS=-mcpu=cortex-a9 -mfpu=vfpv3 -mfloat-abi=har
TRACE::2026-08-03.23:38:32::SCWBDomain::d -nostartfiles -g -Wall -Wextra -fno-tree-loop-distribute-patterns"

TRACE::2026-08-03.23:38:32::SCWBDomain::"Running Make libs in ps7_cortexa9_0/libsrc/cpu_cortexa9_v2_12/src"

TRACE::2026-08-03.23:38:32::SCWBDomain::make -C ps7_cortexa9_0/libsrc/cpu_cortexa9_v2_12/src -s libs  "SHELL=CMD" "COMPILER=arm-none-eabi-gcc" "ASSEMBLER=arm-none-eabi
TRACE::2026-08-03.23:38:32::SCWBDomain::-as" "ARCHIVER=arm-none-eabi-ar" "COMPILER_FLAGS=  -O2 -c" "EXTRA_COMPILER_FLAGS=-mcpu=cortex-a9 -mfpu=vfpv3 -mfloat-abi=hard -
TRACE::2026-08-03.23:38:32::SCWBDomain::nostartfiles -g -Wall -Wextra -fno-tree-loop-distribute-patterns"

TRACE::2026-08-03.23:38:32::SCWBDomain::"Running Make libs in ps7_cortexa9_0/libsrc/ddrps_v1_2/src"

TRACE::2026-08-03.23:38:32::SCWBDomain::make -C ps7_cortexa9_0/libsrc/ddrps_v1_2/src -s libs  "SHELL=CMD" "COMPILER=arm-none-eabi-gcc" "ASSEMBLER=arm-none-eabi-as" "AR
TRACE::2026-08-03.23:38:32::SCWBDomain::CHIVER=arm-none-eabi-ar" "COMPILER_FLAGS=  -O2 -c" "EXTRA_COMPILER_FLAGS=-mcpu=cortex-a9 -mfpu=vfpv3 -mfloat-abi=hard -nostartf
TRACE::2026-08-03.23:38:32::SCWBDomain::iles -g -Wall -Wextra -fno-tree-loop-distribute-patterns"

TRACE::2026-08-03.23:38:32::SCWBDomain::"Running Make libs in ps7_cortexa9_0/libsrc/devcfg_v3_8/src"

TRACE::2026-08-03.23:38:32::SCWBDomain::make -C ps7_cortexa9_0/libsrc/devcfg_v3_8/src -s libs  "SHELL=CMD" "COMPILER=arm-none-eabi-gcc" "ASSEMBLER=arm-none-eabi-as" "A
TRACE::2026-08-03.23:38:32::SCWBDomain::RCHIVER=arm-none-eabi-ar" "COMPILER_FLAGS=  -O2 -c" "EXTRA_COMPILER_FLAGS=-mcpu=cortex-a9 -mfpu=vfpv3 -mfloat-abi=hard -nostart
TRACE::2026-08-03.23:38:32::SCWBDomain::files -g -Wall -Wextra -fno-tree-loop-distribute-patterns"

TRACE::2026-08-03.23:38:32::SCWBDomain::"Running Make libs in ps7_cortexa9_0/libsrc/dmaps_v2_11/src"

TRACE::2026-08-03.23:38:32::SCWBDomain::make -C ps7_cortexa9_0/libsrc/dmaps_v2_11/src -s libs  "SHELL=CMD" "COMPILER=arm-none-eabi-gcc" "ASSEMBLER=arm-none-eabi-as" "A
TRACE::2026-08-03.23:38:32::SCWBDomain::RCHIVER=arm-none-eabi-ar" "COMPILER_FLAGS=  -O2 -c" "EXTRA_COMPILER_FLAGS=-mcpu=cortex-a9 -mfpu=vfpv3 -mfloat-abi=hard -nostart
TRACE::2026-08-03.23:38:32::SCWBDomain::files -g -Wall -Wextra -fno-tree-loop-distribute-patterns"

TRACE::2026-08-03.23:38:32::SCWBDomain::"Running Make libs in ps7_cortexa9_0/libsrc/emacps_v3_21/src"

TRACE::2026-08-03.23:38:32::SCWBDomain::make -C ps7_cortexa9_0/libsrc/emacps_v3_21/src -s libs  "SHELL=CMD" "COMPILER=arm-none-eabi-gcc" "ASSEMBLER=arm-none-eabi-as" "
TRACE::2026-08-03.23:38:32::SCWBDomain::ARCHIVER=arm-none-eabi-ar" "COMPILER_FLAGS=  -O2 -c" "EXTRA_COMPILER_FLAGS=-mcpu=cortex-a9 -mfpu=vfpv3 -mfloat-abi=hard -nostar
TRACE::2026-08-03.23:38:32::SCWBDomain::tfiles -g -Wall -Wextra -fno-tree-loop-distribute-patterns"

TRACE::2026-08-03.23:38:32::SCWBDomain::"Running Make libs in ps7_cortexa9_0/libsrc/gpiops_v3_13/src"

TRACE::2026-08-03.23:38:32::SCWBDomain::make -C ps7_cortexa9_0/libsrc/gpiops_v3_13/src -s libs  "SHELL=CMD" "COMPILER=arm-none-eabi-gcc" "ASSEMBLER=arm-none-eabi-as" "
TRACE::2026-08-03.23:38:32::SCWBDomain::ARCHIVER=arm-none-eabi-ar" "COMPILER_FLAGS=  -O2 -c" "EXTRA_COMPILER_FLAGS=-mcpu=cortex-a9 -mfpu=vfpv3 -mfloat-abi=hard -nostar
TRACE::2026-08-03.23:38:32::SCWBDomain::tfiles -g -Wall -Wextra -fno-tree-loop-distribute-patterns"

TRACE::2026-08-03.23:38:33::SCWBDomain::"Running Make libs in ps7_cortexa9_0/libsrc/qspips_v3_13/src"

TRACE::2026-08-03.23:38:33::SCWBDomain::make -C ps7_cortexa9_0/libsrc/qspips_v3_13/src -s libs  "SHELL=CMD" "COMPILER=arm-none-eabi-gcc" "ASSEMBLER=arm-none-eabi-as" "
TRACE::2026-08-03.23:38:33::SCWBDomain::ARCHIVER=arm-none-eabi-ar" "COMPILER_FLAGS=  -O2 -c" "EXTRA_COMPILER_FLAGS=-mcpu=cortex-a9 -mfpu=vfpv3 -mfloat-abi=hard -nostar
TRACE::2026-08-03.23:38:33::SCWBDomain::tfiles -g -Wall -Wextra -fno-tree-loop-distribute-patterns"

TRACE::2026-08-03.23:38:33::SCWBDomain::"Running Make libs in ps7_cortexa9_0/libsrc/scugic_v5_4/src"

TRACE::2026-08-03.23:38:33::SCWBDomain::make -C ps7_cortexa9_0/libsrc/scugic_v5_4/src -s libs  "SHELL=CMD" "COMPILER=arm-none-eabi-gcc" "ASSEMBLER=arm-none-eabi-as" "A
TRACE::2026-08-03.23:38:33::SCWBDomain::RCHIVER=arm-none-eabi-ar" "COMPILER_FLAGS=  -O2 -c" "EXTRA_COMPILER_FLAGS=-mcpu=cortex-a9 -mfpu=vfpv3 -mfloat-abi=hard -nostart
TRACE::2026-08-03.23:38:33::SCWBDomain::files -g -Wall -Wextra -fno-tree-loop-distribute-patterns"

TRACE::2026-08-03.23:38:33::SCWBDomain::"Running Make libs in ps7_cortexa9_0/libsrc/scutimer_v2_6/src"

TRACE::2026-08-03.23:38:33::SCWBDomain::make -C ps7_cortexa9_0/libsrc/scutimer_v2_6/src -s libs  "SHELL=CMD" "COMPILER=arm-none-eabi-gcc" "ASSEMBLER=arm-none-eabi-as" 
TRACE::2026-08-03.23:38:33::SCWBDomain::"ARCHIVER=arm-none-eabi-ar" "COMPILER_FLAGS=  -O2 -c" "EXTRA_COMPILER_FLAGS=-mcpu=cortex-a9 -mfpu=vfpv3 -mfloat-abi=hard -nosta
TRACE::2026-08-03.23:38:33::SCWBDomain::rtfiles -g -Wall -Wextra -fno-tree-loop-distribute-patterns"

TRACE::2026-08-03.23:38:33::SCWBDomain::"Running Make libs in ps7_cortexa9_0/libsrc/scuwdt_v2_6/src"

TRACE::2026-08-03.23:38:33::SCWBDomain::make -C ps7_cortexa9_0/libsrc/scuwdt_v2_6/src -s libs  "SHELL=CMD" "COMPILER=arm-none-eabi-gcc" "ASSEMBLER=arm-none-eabi-as" "A
TRACE::2026-08-03.23:38:33::SCWBDomain::RCHIVER=arm-none-eabi-ar" "COMPILER_FLAGS=  -O2 -c" "EXTRA_COMPILER_FLAGS=-mcpu=cortex-a9 -mfpu=vfpv3 -mfloat-abi=hard -nostart
TRACE::2026-08-03.23:38:33::SCWBDomain::files -g -Wall -Wextra -fno-tree-loop-distribute-patterns"

TRACE::2026-08-03.23:38:33::SCWBDomain::"Running Make libs in ps7_cortexa9_0/libsrc/sdps_v4_4/src"

TRACE::2026-08-03.23:38:33::SCWBDomain::make -C ps7_cortexa9_0/libsrc/sdps_v4_4/src -s libs  "SHELL=CMD" "COMPILER=arm-none-eabi-gcc" "ASSEMBLER=arm-none-eabi-as" "ARC
TRACE::2026-08-03.23:38:33::SCWBDomain::HIVER=arm-none-eabi-ar" "COMPILER_FLAGS=  -O2 -c" "EXTRA_COMPILER_FLAGS=-mcpu=cortex-a9 -mfpu=vfpv3 -mfloat-abi=hard -nostartfi
TRACE::2026-08-03.23:38:33::SCWBDomain::les -g -Wall -Wextra -fno-tree-loop-distribute-patterns"

TRACE::2026-08-03.23:38:33::SCWBDomain::"Running Make libs in ps7_cortexa9_0/libsrc/standalone_v9_2/src"

TRACE::2026-08-03.23:38:33::SCWBDomain::make -C ps7_cortexa9_0/libsrc/standalone_v9_2/src -s libs  "SHELL=CMD" "COMPILER=arm-none-eabi-gcc" "ASSEMBLER=arm-none-eabi-as
TRACE::2026-08-03.23:38:33::SCWBDomain::" "ARCHIVER=arm-none-eabi-ar" "COMPILER_FLAGS=  -O2 -c" "EXTRA_COMPILER_FLAGS=-mcpu=cortex-a9 -mfpu=vfpv3 -mfloat-abi=hard -nos
TRACE::2026-08-03.23:38:33::SCWBDomain::tartfiles -g -Wall -Wextra -fno-tree-loop-distribute-patterns"

TRACE::2026-08-03.23:38:34::SCWBDomain::"Running Make libs in ps7_cortexa9_0/libsrc/uartps_v3_15/src"

TRACE::2026-08-03.23:38:34::SCWBDomain::make -C ps7_cortexa9_0/libsrc/uartps_v3_15/src -s libs  "SHELL=CMD" "COMPILER=arm-none-eabi-gcc" "ASSEMBLER=arm-none-eabi-as" "
TRACE::2026-08-03.23:38:34::SCWBDomain::ARCHIVER=arm-none-eabi-ar" "COMPILER_FLAGS=  -O2 -c" "EXTRA_COMPILER_FLAGS=-mcpu=cortex-a9 -mfpu=vfpv3 -mfloat-abi=hard -nostar
TRACE::2026-08-03.23:38:34::SCWBDomain::tfiles -g -Wall -Wextra -fno-tree-loop-distribute-patterns"

TRACE::2026-08-03.23:38:34::SCWBDomain::"Running Make libs in ps7_cortexa9_0/libsrc/usbps_v2_9/src"

TRACE::2026-08-03.23:38:34::SCWBDomain::make -C ps7_cortexa9_0/libsrc/usbps_v2_9/src -s libs  "SHELL=CMD" "COMPILER=arm-none-eabi-gcc" "ASSEMBLER=arm-none-eabi-as" "AR
TRACE::2026-08-03.23:38:34::SCWBDomain::CHIVER=arm-none-eabi-ar" "COMPILER_FLAGS=  -O2 -c" "EXTRA_COMPILER_FLAGS=-mcpu=cortex-a9 -mfpu=vfpv3 -mfloat-abi=hard -nostartf
TRACE::2026-08-03.23:38:34::SCWBDomain::iles -g -Wall -Wextra -fno-tree-loop-distribute-patterns"

TRACE::2026-08-03.23:38:34::SCWBDomain::"Running Make libs in ps7_cortexa9_0/libsrc/xadcps_v2_7/src"

TRACE::2026-08-03.23:38:34::SCWBDomain::make -C ps7_cortexa9_0/libsrc/xadcps_v2_7/src -s libs  "SHELL=CMD" "COMPILER=arm-none-eabi-gcc" "ASSEMBLER=arm-none-eabi-as" "A
TRACE::2026-08-03.23:38:34::SCWBDomain::RCHIVER=arm-none-eabi-ar" "COMPILER_FLAGS=  -O2 -c" "EXTRA_COMPILER_FLAGS=-mcpu=cortex-a9 -mfpu=vfpv3 -mfloat-abi=hard -nostart
TRACE::2026-08-03.23:38:34::SCWBDomain::files -g -Wall -Wextra -fno-tree-loop-distribute-patterns"

TRACE::2026-08-03.23:38:34::SCWBDomain::"Running Make libs in ps7_cortexa9_0/libsrc/xilffs_v5_3/src"

TRACE::2026-08-03.23:38:34::SCWBDomain::make -C ps7_cortexa9_0/libsrc/xilffs_v5_3/src -s libs  "SHELL=CMD" "COMPILER=arm-none-eabi-gcc" "ASSEMBLER=arm-none-eabi-as" "A
TRACE::2026-08-03.23:38:34::SCWBDomain::RCHIVER=arm-none-eabi-ar" "COMPILER_FLAGS=  -O2 -c" "EXTRA_COMPILER_FLAGS=-mcpu=cortex-a9 -mfpu=vfpv3 -mfloat-abi=hard -nostart
TRACE::2026-08-03.23:38:34::SCWBDomain::files -g -Wall -Wextra -fno-tree-loop-distribute-patterns"

TRACE::2026-08-03.23:38:35::SCWBDomain::'Finished building libraries parallelly.'

TRACE::2026-08-03.23:38:35::SCWBDomain::make --no-print-directory archive

TRACE::2026-08-03.23:38:35::SCWBDomain::arm-none-eabi-ar -r  ps7_cortexa9_0/lib/libxil.a ps7_cortexa9_0/lib/_exit.o ps7_cortexa9_0/lib/_open.o ps7_cortexa9_0/lib/_sbrk
TRACE::2026-08-03.23:38:35::SCWBDomain::.o ps7_cortexa9_0/lib/abort.o ps7_cortexa9_0/lib/asm_vectors.o ps7_cortexa9_0/lib/boot.o ps7_cortexa9_0/lib/close.o ps7_cortexa
TRACE::2026-08-03.23:38:35::SCWBDomain::9_0/lib/cpputest_time.o ps7_cortexa9_0/lib/cpu_init.o ps7_cortexa9_0/lib/errno.o ps7_cortexa9_0/lib/fcntl.o ps7_cortexa9_0/lib/
TRACE::2026-08-03.23:38:35::SCWBDomain::fstat.o ps7_cortexa9_0/lib/getentropy.o ps7_cortexa9_0/lib/getpid.o ps7_cortexa9_0/lib/gettimeofday.o ps7_cortexa9_0/lib/inbyte
TRACE::2026-08-03.23:38:35::SCWBDomain::.o ps7_cortexa9_0/lib/isatty.o ps7_cortexa9_0/lib/kill.o ps7_cortexa9_0/lib/lseek.o ps7_cortexa9_0/lib/open.o ps7_cortexa9_0/li
TRACE::2026-08-03.23:38:35::SCWBDomain::b/outbyte.o ps7_cortexa9_0/lib/print.o ps7_cortexa9_0/lib/putnum.o ps7_cortexa9_0/lib/read.o ps7_cortexa9_0/lib/sbrk.o ps7_cort
TRACE::2026-08-03.23:38:35::SCWBDomain::exa9_0/lib/sleep.o ps7_cortexa9_0/lib/time.o ps7_cortexa9_0/lib/translation_table.o ps7_cortexa9_0/lib/unlink.o ps7_cortexa9_0/
TRACE::2026-08-03.23:38:35::SCWBDomain::lib/usleep.o ps7_cortexa9_0/lib/vectors.o ps7_cortexa9_0/lib/write.o ps7_cortexa9_0/lib/xadcps.o ps7_cortexa9_0/lib/xadcps_g.o 
TRACE::2026-08-03.23:38:35::SCWBDomain::ps7_cortexa9_0/lib/xadcps_intr.o ps7_cortexa9_0/lib/xadcps_selftest.o ps7_cortexa9_0/lib/xadcps_sinit.o ps7_cortexa9_0/lib/xcor
TRACE::2026-08-03.23:38:35::SCWBDomain::esightpsdcc.o ps7_cortexa9_0/lib/xdevcfg.o ps7_cortexa9_0/lib/xdevcfg_g.o ps7_cortexa9_0/lib/xdevcfg_hw.o ps7_cortexa9_0/lib/xd
TRACE::2026-08-03.23:38:35::SCWBDomain::evcfg_intr.o ps7_cortexa9_0/lib/xdevcfg_selftest.o ps7_cortexa9_0/lib/xdevcfg_sinit.o ps7_cortexa9_0/lib/xdmaps.o ps7_cortexa9_
TRACE::2026-08-03.23:38:35::SCWBDomain::0/lib/xdmaps_g.o ps7_cortexa9_0/lib/xdmaps_hw.o ps7_cortexa9_0/lib/xdmaps_selftest.o ps7_cortexa9_0/lib/xdmaps_sinit.o ps7_cort
TRACE::2026-08-03.23:38:35::SCWBDomain::exa9_0/lib/xemacps.o ps7_cortexa9_0/lib/xemacps_bdring.o ps7_cortexa9_0/lib/xemacps_control.o ps7_cortexa9_0/lib/xemacps_g.o ps
TRACE::2026-08-03.23:38:35::SCWBDomain::7_cortexa9_0/lib/xemacps_hw.o ps7_cortexa9_0/lib/xemacps_intr.o ps7_cortexa9_0/lib/xemacps_sinit.o ps7_cortexa9_0/lib/xgpiops.o
TRACE::2026-08-03.23:38:35::SCWBDomain:: ps7_cortexa9_0/lib/xgpiops_g.o ps7_cortexa9_0/lib/xgpiops_hw.o ps7_cortexa9_0/lib/xgpiops_intr.o ps7_cortexa9_0/lib/xgpiops_se
TRACE::2026-08-03.23:38:35::SCWBDomain::lftest.o ps7_cortexa9_0/lib/xgpiops_sinit.o ps7_cortexa9_0/lib/xil-crt0.o ps7_cortexa9_0/lib/xil_assert.o ps7_cortexa9_0/lib/xi
TRACE::2026-08-03.23:38:35::SCWBDomain::l_cache.o ps7_cortexa9_0/lib/xil_clocking.o ps7_cortexa9_0/lib/xil_exception.o ps7_cortexa9_0/lib/xil_mem.o ps7_cortexa9_0/lib/
TRACE::2026-08-03.23:38:35::SCWBDomain::xil_misc_psreset_api.o ps7_cortexa9_0/lib/xil_mmu.o ps7_cortexa9_0/lib/xil_printf.o ps7_cortexa9_0/lib/xil_sleepcommon.o ps7_co
TRACE::2026-08-03.23:38:35::SCWBDomain::rtexa9_0/lib/xil_sleeptimer.o ps7_cortexa9_0/lib/xil_spinlock.o ps7_cortexa9_0/lib/xil_sutil.o ps7_cortexa9_0/lib/xil_testcache
TRACE::2026-08-03.23:38:35::SCWBDomain::.o ps7_cortexa9_0/lib/xil_testio.o ps7_cortexa9_0/lib/xil_testmem.o ps7_cortexa9_0/lib/xil_util.o ps7_cortexa9_0/lib/xinterrupt
TRACE::2026-08-03.23:38:35::SCWBDomain::_wrap.o ps7_cortexa9_0/lib/xl2cc_counter.o ps7_cortexa9_0/lib/xplatform_info.o ps7_cortexa9_0/lib/xpm_counter.o ps7_cortexa9_0/
TRACE::2026-08-03.23:38:35::SCWBDomain::lib/xpm_init.o ps7_cortexa9_0/lib/xqspips.o ps7_cortexa9_0/lib/xqspips_g.o ps7_cortexa9_0/lib/xqspips_hw.o ps7_cortexa9_0/lib/x
TRACE::2026-08-03.23:38:35::SCWBDomain::qspips_options.o ps7_cortexa9_0/lib/xqspips_selftest.o ps7_cortexa9_0/lib/xqspips_sinit.o ps7_cortexa9_0/lib/xscugic.o ps7_cort
TRACE::2026-08-03.23:38:35::SCWBDomain::exa9_0/lib/xscugic_g.o ps7_cortexa9_0/lib/xscugic_hw.o ps7_cortexa9_0/lib/xscugic_intr.o ps7_cortexa9_0/lib/xscugic_selftest.o 
TRACE::2026-08-03.23:38:35::SCWBDomain::ps7_cortexa9_0/lib/xscugic_sinit.o ps7_cortexa9_0/lib/xscutimer.o ps7_cortexa9_0/lib/xscutimer_g.o ps7_cortexa9_0/lib/xscutimer
TRACE::2026-08-03.23:38:35::SCWBDomain::_selftest.o ps7_cortexa9_0/lib/xscutimer_sinit.o ps7_cortexa9_0/lib/xscuwdt.o ps7_cortexa9_0/lib/xscuwdt_g.o ps7_cortexa9_0/lib
TRACE::2026-08-03.23:38:35::SCWBDomain::/xscuwdt_selftest.o ps7_cortexa9_0/lib/xscuwdt_sinit.o ps7_cortexa9_0/lib/xsdps.o ps7_cortexa9_0/lib/xsdps_card.o ps7_cortexa9_
TRACE::2026-08-03.23:38:35::SCWBDomain::0/lib/xsdps_g.o ps7_cortexa9_0/lib/xsdps_host.o ps7_cortexa9_0/lib/xsdps_options.o ps7_cortexa9_0/lib/xsdps_sinit.o ps7_cortexa
TRACE::2026-08-03.23:38:35::SCWBDomain::9_0/lib/xtime_l.o ps7_cortexa9_0/lib/xuartps.o ps7_cortexa9_0/lib/xuartps_g.o ps7_cortexa9_0/lib/xuartps_hw.o ps7_cortexa9_0/li
TRACE::2026-08-03.23:38:35::SCWBDomain::b/xuartps_intr.o ps7_cortexa9_0/lib/xuartps_options.o ps7_cortexa9_0/lib/xuartps_selftest.o ps7_cortexa9_0/lib/xuartps_sinit.o 
TRACE::2026-08-03.23:38:35::SCWBDomain::ps7_cortexa9_0/lib/xusbps.o ps7_cortexa9_0/lib/xusbps_endpoint.o ps7_cortexa9_0/lib/xusbps_g.o ps7_cortexa9_0/lib/xusbps_hw.o p
TRACE::2026-08-03.23:38:35::SCWBDomain::s7_cortexa9_0/lib/xusbps_intr.o ps7_cortexa9_0/lib/xusbps_sinit.o

TRACE::2026-08-03.23:38:36::SCWBDomain::'Finished building libraries'

TRACE::2026-08-03.23:38:36::SCWBDomain::make: Leaving directory 'D:/Work/projects/zybo_z7_projects/DD_RF/vitis/RFsender_platform/zynq_fsbl/zynq_fsbl_bsp'

TRACE::2026-08-03.23:38:36::SCWBDomain::arm-none-eabi-gcc  -O2 -c -MMD -MP       -mcpu=cortex-a9 -mfpu=vfpv3 -mfloat-abi=hard  -c sd.c -o sd.o -Izynq_fsbl_bsp/ps7_cort
TRACE::2026-08-03.23:38:36::SCWBDomain::exa9_0/include -I.

TRACE::2026-08-03.23:38:36::SCWBDomain::arm-none-eabi-gcc  -O2 -c -MMD -MP       -mcpu=cortex-a9 -mfpu=vfpv3 -mfloat-abi=hard  -c nand.c -o nand.o -Izynq_fsbl_bsp/ps7_
TRACE::2026-08-03.23:38:36::SCWBDomain::cortexa9_0/include -I.

TRACE::2026-08-03.23:38:36::SCWBDomain::arm-none-eabi-gcc  -O2 -c -MMD -MP       -mcpu=cortex-a9 -mfpu=vfpv3 -mfloat-abi=hard  -c image_mover.c -o image_mover.o -Izynq
TRACE::2026-08-03.23:38:36::SCWBDomain::_fsbl_bsp/ps7_cortexa9_0/include -I.

TRACE::2026-08-03.23:38:36::SCWBDomain::arm-none-eabi-gcc  -O2 -c -MMD -MP       -mcpu=cortex-a9 -mfpu=vfpv3 -mfloat-abi=hard  -c md5.c -o md5.o -Izynq_fsbl_bsp/ps7_co
TRACE::2026-08-03.23:38:36::SCWBDomain::rtexa9_0/include -I.

TRACE::2026-08-03.23:38:36::SCWBDomain::arm-none-eabi-gcc  -O2 -c -MMD -MP       -mcpu=cortex-a9 -mfpu=vfpv3 -mfloat-abi=hard  -c fsbl_hooks.c -o fsbl_hooks.o -Izynq_f
TRACE::2026-08-03.23:38:36::SCWBDomain::sbl_bsp/ps7_cortexa9_0/include -I.

TRACE::2026-08-03.23:38:36::SCWBDomain::arm-none-eabi-gcc  -O2 -c -MMD -MP       -mcpu=cortex-a9 -mfpu=vfpv3 -mfloat-abi=hard  -c main.c -o main.o -Izynq_fsbl_bsp/ps7_
TRACE::2026-08-03.23:38:36::SCWBDomain::cortexa9_0/include -I.

TRACE::2026-08-03.23:38:37::SCWBDomain::arm-none-eabi-gcc  -O2 -c -MMD -MP       -mcpu=cortex-a9 -mfpu=vfpv3 -mfloat-abi=hard  -c rsa.c -o rsa.o -Izynq_fsbl_bsp/ps7_co
TRACE::2026-08-03.23:38:37::SCWBDomain::rtexa9_0/include -I.

TRACE::2026-08-03.23:38:37::SCWBDomain::arm-none-eabi-gcc  -O2 -c -MMD -MP       -mcpu=cortex-a9 -mfpu=vfpv3 -mfloat-abi=hard  -c nor.c -o nor.o -Izynq_fsbl_bsp/ps7_co
TRACE::2026-08-03.23:38:37::SCWBDomain::rtexa9_0/include -I.

TRACE::2026-08-03.23:38:37::SCWBDomain::arm-none-eabi-gcc  -O2 -c -MMD -MP       -mcpu=cortex-a9 -mfpu=vfpv3 -mfloat-abi=hard  -c qspi.c -o qspi.o -Izynq_fsbl_bsp/ps7_
TRACE::2026-08-03.23:38:37::SCWBDomain::cortexa9_0/include -I.

TRACE::2026-08-03.23:38:37::SCWBDomain::arm-none-eabi-gcc  -O2 -c -MMD -MP       -mcpu=cortex-a9 -mfpu=vfpv3 -mfloat-abi=hard  -c ps7_init.c -o ps7_init.o -Izynq_fsbl_
TRACE::2026-08-03.23:38:37::SCWBDomain::bsp/ps7_cortexa9_0/include -I.

TRACE::2026-08-03.23:38:37::SCWBDomain::arm-none-eabi-gcc  -O2 -c -MMD -MP       -mcpu=cortex-a9 -mfpu=vfpv3 -mfloat-abi=hard  -c pcap.c -o pcap.o -Izynq_fsbl_bsp/ps7_
TRACE::2026-08-03.23:38:37::SCWBDomain::cortexa9_0/include -I.

TRACE::2026-08-03.23:38:38::SCWBDomain::arm-none-eabi-gcc  -O2 -c -MMD -MP       -mcpu=cortex-a9 -mfpu=vfpv3 -mfloat-abi=hard  -c fsbl_handoff.S -o fsbl_handoff.o -Izy
TRACE::2026-08-03.23:38:38::SCWBDomain::nq_fsbl_bsp/ps7_cortexa9_0/include -I.

TRACE::2026-08-03.23:38:38::SCWBDomain::arm-none-eabi-gcc -o fsbl.elf fsbl_handoff.o fsbl_hooks.o image_mover.o main.o md5.o nand.o nor.o pcap.o ps7_init.o qspi.o rsa.
TRACE::2026-08-03.23:38:38::SCWBDomain::o sd.o -MMD -MP       -mcpu=cortex-a9 -mfpu=vfpv3 -mfloat-abi=hard   -mcpu=cortex-a9 -mfpu=vfpv3 -mfloat-abi=hard -Wl,-build-id
TRACE::2026-08-03.23:38:38::SCWBDomain::=none -specs=Xilinx.spec  -lrsa -Wl,--start-group,-lxil,-lgcc,-lc,--end-group -Wl,--start-group,-lxilffs,-lxil,-lgcc,-lc,--end-
TRACE::2026-08-03.23:38:38::SCWBDomain::group -Wl,--start-group,-lrsa,-lxil,-lgcc,-lc,--end-group                                   -Wl,--gc-sections -Lzynq_fsbl_bsp/p
TRACE::2026-08-03.23:38:38::SCWBDomain::s7_cortexa9_0/lib -L./ -Tlscript.ld

LOG::2026-08-03.23:38:38::SCWSystem::Checking the domain standalone_domain
LOG::2026-08-03.23:38:38::SCWSystem::Not a boot domain 
LOG::2026-08-03.23:38:38::SCWSystem::Started Processing the domain standalone_domain
TRACE::2026-08-03.23:38:38::SCWDomain::Generating domain artifcats
TRACE::2026-08-03.23:38:38::SCWMssOS::Generating standalone artifcats
TRACE::2026-08-03.23:38:38::SCWMssOS::Copying the qemu file from  D:/Work/projects/zybo_z7_projects/DD_RF/vitis/RFsender_platform/resources/RFsender_platform/standalone_domain/qemu_args.txt To D:/Work/projects/zybo_z7_projects/DD_RF/vitis/RFsender_platform/export/RFsender_platform/sw/RFsender_platform/qemu/
TRACE::2026-08-03.23:38:38::SCWMssOS::Copying the qemu file from  D:/Work/projects/zybo_z7_projects/DD_RF/vitis/RFsender_platform/resources/RFsender_platform/standalone_domain/qemu_args.txt To D:/Work/projects/zybo_z7_projects/DD_RF/vitis/RFsender_platform/export/RFsender_platform/sw/RFsender_platform/standalone_domain/qemu/
TRACE::2026-08-03.23:38:38::SCWMssOS:: Copying the user libraries. 
TRACE::2026-08-03.23:38:38::SCWPlatform::Trying to open the hw design at D:/Work/projects/zybo_z7_projects/DD_RF/vitis/RFsender_platform/hw/rfsender.xsa
TRACE::2026-08-03.23:38:38::SCWPlatform::DSA given D:/Work/projects/zybo_z7_projects/DD_RF/vitis/RFsender_platform/hw/rfsender.xsa
TRACE::2026-08-03.23:38:38::SCWPlatform::DSA absoulate path D:/Work/projects/zybo_z7_projects/DD_RF/vitis/RFsender_platform/hw/rfsender.xsa
TRACE::2026-08-03.23:38:38::SCWPlatform::DSA directory D:/Work/projects/zybo_z7_projects/DD_RF/vitis/RFsender_platform/hw
TRACE::2026-08-03.23:38:38::SCWPlatform:: Platform Path D:/Work/projects/zybo_z7_projects/DD_RF/vitis/RFsender_platform/hw/rfsender.xsa
TRACE::2026-08-03.23:38:38::SCWPlatform:: Unique name xilinx:zybo-z7-10::0.0
TRACE::2026-08-03.23:38:38::SCWPlatform::Trying to set the existing hwdb with name topSystem_4
TRACE::2026-08-03.23:38:38::SCWPlatform::Opened existing hwdb topSystem_4
TRACE::2026-08-03.23:38:38::SCWPlatform::Found the Hw Db part of the input DSA
TRACE::2026-08-03.23:38:38::SCWMssOS::Checking the sw design at  D:/Work/projects/zybo_z7_projects/DD_RF/vitis/RFsender_platform/ps7_cortexa9_0/standalone_domain/bsp/system.mss
TRACE::2026-08-03.23:38:38::SCWMssOS::DEBUG:  swdes dump  D:/Work/projects/zybo_z7_projects/DD_RF/vitis/RFsender_platform/ps7_cortexa9_0/standalone_domain/bsp/system.mss|system_0||
D:/Work/projects/zybo_z7_projects/DD_RF/vitis/RFsender_platform/zynq_fsbl/zynq_fsbl_bsp/system.mss|system||

TRACE::2026-08-03.23:38:38::SCWMssOS::Sw design exists and opened at  D:/Work/projects/zybo_z7_projects/DD_RF/vitis/RFsender_platform/ps7_cortexa9_0/standalone_domain/bsp/system.mss
TRACE::2026-08-03.23:38:38::SCWMssOS::Completed writing the mss file at D:/Work/projects/zybo_z7_projects/DD_RF/vitis/RFsender_platform/ps7_cortexa9_0/standalone_domain/bsp
TRACE::2026-08-03.23:38:38::SCWMssOS::Mss edits present, copying mssfile into export location D:/Work/projects/zybo_z7_projects/DD_RF/vitis/RFsender_platform/ps7_cortexa9_0/standalone_domain/bsp/system.mss
TRACE::2026-08-03.23:38:38::SCWMssOS::bsp generated is upto date with the mss file. Skipping bsp generation.
TRACE::2026-08-03.23:38:38::SCWMssOS::BSP is already built. skipping the bsp build ... 
TRACE::2026-08-03.23:38:38::SCWDomain::Building the domain as part of full build :  standalone_domain
TRACE::2026-08-03.23:38:38::SCWMssOS::doing bsp build ... 
TRACE::2026-08-03.23:38:38::SCWMssOS::System Command Ran  D: & cd  D:/Work/projects/zybo_z7_projects/DD_RF/vitis/RFsender_platform/ps7_cortexa9_0/standalone_domain/bsp & make 
TRACE::2026-08-03.23:38:38::SCWMssOS::make --no-print-directory seq_libs

TRACE::2026-08-03.23:38:38::SCWMssOS::'Finished building libraries sequentially.'

TRACE::2026-08-03.23:38:38::SCWMssOS::make -j 14 --no-print-directory par_libs

TRACE::2026-08-03.23:38:38::SCWMssOS::"Running Make include in ps7_cortexa9_0/libsrc/coresightps_dcc_v1_11/src"

TRACE::2026-08-03.23:38:38::SCWMssOS::make -C ps7_cortexa9_0/libsrc/coresightps_dcc_v1_11/src -s include  "SHELL=CMD" "COMPILER=arm-none-eabi-gcc" "ASSEMBLER=arm-non
TRACE::2026-08-03.23:38:38::SCWMssOS::e-eabi-as" "ARCHIVER=arm-none-eabi-ar" "COMPILER_FLAGS=  -O2 -c" "EXTRA_COMPILER_FLAGS=-mcpu=cortex-a9 -mfpu=vfpv3 -mfloat-abi=
TRACE::2026-08-03.23:38:38::SCWMssOS::hard -nostartfiles -g -Wall -Wextra -fno-tree-loop-distribute-patterns"

TRACE::2026-08-03.23:38:38::SCWMssOS::"Running Make include in ps7_cortexa9_0/libsrc/cpu_cortexa9_v2_12/src"

TRACE::2026-08-03.23:38:38::SCWMssOS::make -C ps7_cortexa9_0/libsrc/cpu_cortexa9_v2_12/src -s include  "SHELL=CMD" "COMPILER=arm-none-eabi-gcc" "ASSEMBLER=arm-none-e
TRACE::2026-08-03.23:38:38::SCWMssOS::abi-as" "ARCHIVER=arm-none-eabi-ar" "COMPILER_FLAGS=  -O2 -c" "EXTRA_COMPILER_FLAGS=-mcpu=cortex-a9 -mfpu=vfpv3 -mfloat-abi=har
TRACE::2026-08-03.23:38:38::SCWMssOS::d -nostartfiles -g -Wall -Wextra -fno-tree-loop-distribute-patterns"

TRACE::2026-08-03.23:38:38::SCWMssOS::"Running Make include in ps7_cortexa9_0/libsrc/ddrps_v1_2/src"

TRACE::2026-08-03.23:38:38::SCWMssOS::make -C ps7_cortexa9_0/libsrc/ddrps_v1_2/src -s include  "SHELL=CMD" "COMPILER=arm-none-eabi-gcc" "ASSEMBLER=arm-none-eabi-as" 
TRACE::2026-08-03.23:38:38::SCWMssOS::"ARCHIVER=arm-none-eabi-ar" "COMPILER_FLAGS=  -O2 -c" "EXTRA_COMPILER_FLAGS=-mcpu=cortex-a9 -mfpu=vfpv3 -mfloat-abi=hard -nosta
TRACE::2026-08-03.23:38:38::SCWMssOS::rtfiles -g -Wall -Wextra -fno-tree-loop-distribute-patterns"

TRACE::2026-08-03.23:38:38::SCWMssOS::"Running Make include in ps7_cortexa9_0/libsrc/devcfg_v3_8/src"

TRACE::2026-08-03.23:38:38::SCWMssOS::make -C ps7_cortexa9_0/libsrc/devcfg_v3_8/src -s include  "SHELL=CMD" "COMPILER=arm-none-eabi-gcc" "ASSEMBLER=arm-none-eabi-as"
TRACE::2026-08-03.23:38:38::SCWMssOS:: "ARCHIVER=arm-none-eabi-ar" "COMPILER_FLAGS=  -O2 -c" "EXTRA_COMPILER_FLAGS=-mcpu=cortex-a9 -mfpu=vfpv3 -mfloat-abi=hard -nost
TRACE::2026-08-03.23:38:38::SCWMssOS::artfiles -g -Wall -Wextra -fno-tree-loop-distribute-patterns"

TRACE::2026-08-03.23:38:38::SCWMssOS::"Running Make include in ps7_cortexa9_0/libsrc/dmaps_v2_11/src"

TRACE::2026-08-03.23:38:38::SCWMssOS::make -C ps7_cortexa9_0/libsrc/dmaps_v2_11/src -s include  "SHELL=CMD" "COMPILER=arm-none-eabi-gcc" "ASSEMBLER=arm-none-eabi-as"
TRACE::2026-08-03.23:38:38::SCWMssOS:: "ARCHIVER=arm-none-eabi-ar" "COMPILER_FLAGS=  -O2 -c" "EXTRA_COMPILER_FLAGS=-mcpu=cortex-a9 -mfpu=vfpv3 -mfloat-abi=hard -nost
TRACE::2026-08-03.23:38:38::SCWMssOS::artfiles -g -Wall -Wextra -fno-tree-loop-distribute-patterns"

TRACE::2026-08-03.23:38:38::SCWMssOS::"Running Make include in ps7_cortexa9_0/libsrc/emacps_v3_21/src"

TRACE::2026-08-03.23:38:38::SCWMssOS::make -C ps7_cortexa9_0/libsrc/emacps_v3_21/src -s include  "SHELL=CMD" "COMPILER=arm-none-eabi-gcc" "ASSEMBLER=arm-none-eabi-as
TRACE::2026-08-03.23:38:38::SCWMssOS::" "ARCHIVER=arm-none-eabi-ar" "COMPILER_FLAGS=  -O2 -c" "EXTRA_COMPILER_FLAGS=-mcpu=cortex-a9 -mfpu=vfpv3 -mfloat-abi=hard -nos
TRACE::2026-08-03.23:38:38::SCWMssOS::tartfiles -g -Wall -Wextra -fno-tree-loop-distribute-patterns"

TRACE::2026-08-03.23:38:38::SCWMssOS::"Running Make include in ps7_cortexa9_0/libsrc/gpiops_v3_13/src"

TRACE::2026-08-03.23:38:38::SCWMssOS::make -C ps7_cortexa9_0/libsrc/gpiops_v3_13/src -s include  "SHELL=CMD" "COMPILER=arm-none-eabi-gcc" "ASSEMBLER=arm-none-eabi-as
TRACE::2026-08-03.23:38:38::SCWMssOS::" "ARCHIVER=arm-none-eabi-ar" "COMPILER_FLAGS=  -O2 -c" "EXTRA_COMPILER_FLAGS=-mcpu=cortex-a9 -mfpu=vfpv3 -mfloat-abi=hard -nos
TRACE::2026-08-03.23:38:38::SCWMssOS::tartfiles -g -Wall -Wextra -fno-tree-loop-distribute-patterns"

TRACE::2026-08-03.23:38:38::SCWMssOS::"Running Make include in ps7_cortexa9_0/libsrc/qspips_v3_13/src"

TRACE::2026-08-03.23:38:38::SCWMssOS::make -C ps7_cortexa9_0/libsrc/qspips_v3_13/src -s include  "SHELL=CMD" "COMPILER=arm-none-eabi-gcc" "ASSEMBLER=arm-none-eabi-as
TRACE::2026-08-03.23:38:38::SCWMssOS::" "ARCHIVER=arm-none-eabi-ar" "COMPILER_FLAGS=  -O2 -c" "EXTRA_COMPILER_FLAGS=-mcpu=cortex-a9 -mfpu=vfpv3 -mfloat-abi=hard -nos
TRACE::2026-08-03.23:38:38::SCWMssOS::tartfiles -g -Wall -Wextra -fno-tree-loop-distribute-patterns"

TRACE::2026-08-03.23:38:38::SCWMssOS::"Running Make include in ps7_cortexa9_0/libsrc/scugic_v5_4/src"

TRACE::2026-08-03.23:38:38::SCWMssOS::make -C ps7_cortexa9_0/libsrc/scugic_v5_4/src -s include  "SHELL=CMD" "COMPILER=arm-none-eabi-gcc" "ASSEMBLER=arm-none-eabi-as"
TRACE::2026-08-03.23:38:38::SCWMssOS:: "ARCHIVER=arm-none-eabi-ar" "COMPILER_FLAGS=  -O2 -c" "EXTRA_COMPILER_FLAGS=-mcpu=cortex-a9 -mfpu=vfpv3 -mfloat-abi=hard -nost
TRACE::2026-08-03.23:38:38::SCWMssOS::artfiles -g -Wall -Wextra -fno-tree-loop-distribute-patterns"

TRACE::2026-08-03.23:38:38::SCWMssOS::"Running Make include in ps7_cortexa9_0/libsrc/scutimer_v2_6/src"

TRACE::2026-08-03.23:38:38::SCWMssOS::make -C ps7_cortexa9_0/libsrc/scutimer_v2_6/src -s include  "SHELL=CMD" "COMPILER=arm-none-eabi-gcc" "ASSEMBLER=arm-none-eabi-a
TRACE::2026-08-03.23:38:38::SCWMssOS::s" "ARCHIVER=arm-none-eabi-ar" "COMPILER_FLAGS=  -O2 -c" "EXTRA_COMPILER_FLAGS=-mcpu=cortex-a9 -mfpu=vfpv3 -mfloat-abi=hard -no
TRACE::2026-08-03.23:38:38::SCWMssOS::startfiles -g -Wall -Wextra -fno-tree-loop-distribute-patterns"

TRACE::2026-08-03.23:38:38::SCWMssOS::"Running Make include in ps7_cortexa9_0/libsrc/scuwdt_v2_6/src"

TRACE::2026-08-03.23:38:38::SCWMssOS::make -C ps7_cortexa9_0/libsrc/scuwdt_v2_6/src -s include  "SHELL=CMD" "COMPILER=arm-none-eabi-gcc" "ASSEMBLER=arm-none-eabi-as"
TRACE::2026-08-03.23:38:38::SCWMssOS:: "ARCHIVER=arm-none-eabi-ar" "COMPILER_FLAGS=  -O2 -c" "EXTRA_COMPILER_FLAGS=-mcpu=cortex-a9 -mfpu=vfpv3 -mfloat-abi=hard -nost
TRACE::2026-08-03.23:38:38::SCWMssOS::artfiles -g -Wall -Wextra -fno-tree-loop-distribute-patterns"

TRACE::2026-08-03.23:38:38::SCWMssOS::"Running Make include in ps7_cortexa9_0/libsrc/sdps_v4_4/src"

TRACE::2026-08-03.23:38:38::SCWMssOS::make -C ps7_cortexa9_0/libsrc/sdps_v4_4/src -s include  "SHELL=CMD" "COMPILER=arm-none-eabi-gcc" "ASSEMBLER=arm-none-eabi-as" "
TRACE::2026-08-03.23:38:38::SCWMssOS::ARCHIVER=arm-none-eabi-ar" "COMPILER_FLAGS=  -O2 -c" "EXTRA_COMPILER_FLAGS=-mcpu=cortex-a9 -mfpu=vfpv3 -mfloat-abi=hard -nostar
TRACE::2026-08-03.23:38:38::SCWMssOS::tfiles -g -Wall -Wextra -fno-tree-loop-distribute-patterns"

TRACE::2026-08-03.23:38:38::SCWMssOS::"Running Make include in ps7_cortexa9_0/libsrc/standalone_v9_2/src"

TRACE::2026-08-03.23:38:38::SCWMssOS::make -C ps7_cortexa9_0/libsrc/standalone_v9_2/src -s include  "SHELL=CMD" "COMPILER=arm-none-eabi-gcc" "ASSEMBLER=arm-none-eabi
TRACE::2026-08-03.23:38:38::SCWMssOS::-as" "ARCHIVER=arm-none-eabi-ar" "COMPILER_FLAGS=  -O2 -c" "EXTRA_COMPILER_FLAGS=-mcpu=cortex-a9 -mfpu=vfpv3 -mfloat-abi=hard -
TRACE::2026-08-03.23:38:38::SCWMssOS::nostartfiles -g -Wall -Wextra -fno-tree-loop-distribute-patterns"

TRACE::2026-08-03.23:38:38::SCWMssOS::"Running Make include in ps7_cortexa9_0/libsrc/uartps_v3_15/src"

TRACE::2026-08-03.23:38:38::SCWMssOS::make -C ps7_cortexa9_0/libsrc/uartps_v3_15/src -s include  "SHELL=CMD" "COMPILER=arm-none-eabi-gcc" "ASSEMBLER=arm-none-eabi-as
TRACE::2026-08-03.23:38:38::SCWMssOS::" "ARCHIVER=arm-none-eabi-ar" "COMPILER_FLAGS=  -O2 -c" "EXTRA_COMPILER_FLAGS=-mcpu=cortex-a9 -mfpu=vfpv3 -mfloat-abi=hard -nos
TRACE::2026-08-03.23:38:38::SCWMssOS::tartfiles -g -Wall -Wextra -fno-tree-loop-distribute-patterns"

TRACE::2026-08-03.23:38:38::SCWMssOS::"Running Make include in ps7_cortexa9_0/libsrc/usbps_v2_9/src"

TRACE::2026-08-03.23:38:38::SCWMssOS::make -C ps7_cortexa9_0/libsrc/usbps_v2_9/src -s include  "SHELL=CMD" "COMPILER=arm-none-eabi-gcc" "ASSEMBLER=arm-none-eabi-as" 
TRACE::2026-08-03.23:38:38::SCWMssOS::"ARCHIVER=arm-none-eabi-ar" "COMPILER_FLAGS=  -O2 -c" "EXTRA_COMPILER_FLAGS=-mcpu=cortex-a9 -mfpu=vfpv3 -mfloat-abi=hard -nosta
TRACE::2026-08-03.23:38:38::SCWMssOS::rtfiles -g -Wall -Wextra -fno-tree-loop-distribute-patterns"

TRACE::2026-08-03.23:38:38::SCWMssOS::"Running Make include in ps7_cortexa9_0/libsrc/xadcps_v2_7/src"

TRACE::2026-08-03.23:38:38::SCWMssOS::make -C ps7_cortexa9_0/libsrc/xadcps_v2_7/src -s include  "SHELL=CMD" "COMPILER=arm-none-eabi-gcc" "ASSEMBLER=arm-none-eabi-as"
TRACE::2026-08-03.23:38:38::SCWMssOS:: "ARCHIVER=arm-none-eabi-ar" "COMPILER_FLAGS=  -O2 -c" "EXTRA_COMPILER_FLAGS=-mcpu=cortex-a9 -mfpu=vfpv3 -mfloat-abi=hard -nost
TRACE::2026-08-03.23:38:38::SCWMssOS::artfiles -g -Wall -Wextra -fno-tree-loop-distribute-patterns"

TRACE::2026-08-03.23:38:38::SCWMssOS::"Running Make include in ps7_cortexa9_0/libsrc/xilffs_v5_3/src"

TRACE::2026-08-03.23:38:38::SCWMssOS::make -C ps7_cortexa9_0/libsrc/xilffs_v5_3/src -s include  "SHELL=CMD" "COMPILER=arm-none-eabi-gcc" "ASSEMBLER=arm-none-eabi-as"
TRACE::2026-08-03.23:38:38::SCWMssOS:: "ARCHIVER=arm-none-eabi-ar" "COMPILER_FLAGS=  -O2 -c" "EXTRA_COMPILER_FLAGS=-mcpu=cortex-a9 -mfpu=vfpv3 -mfloat-abi=hard -nost
TRACE::2026-08-03.23:38:38::SCWMssOS::artfiles -g -Wall -Wextra -fno-tree-loop-distribute-patterns"

TRACE::2026-08-03.23:38:39::SCWMssOS::"Running Make libs in ps7_cortexa9_0/libsrc/coresightps_dcc_v1_11/src"

TRACE::2026-08-03.23:38:39::SCWMssOS::make -C ps7_cortexa9_0/libsrc/coresightps_dcc_v1_11/src -s libs  "SHELL=CMD" "COMPILER=arm-none-eabi-gcc" "ASSEMBLER=arm-none-e
TRACE::2026-08-03.23:38:39::SCWMssOS::abi-as" "ARCHIVER=arm-none-eabi-ar" "COMPILER_FLAGS=  -O2 -c" "EXTRA_COMPILER_FLAGS=-mcpu=cortex-a9 -mfpu=vfpv3 -mfloat-abi=har
TRACE::2026-08-03.23:38:39::SCWMssOS::d -nostartfiles -g -Wall -Wextra -fno-tree-loop-distribute-patterns"

TRACE::2026-08-03.23:38:39::SCWMssOS::"Running Make libs in ps7_cortexa9_0/libsrc/cpu_cortexa9_v2_12/src"

TRACE::2026-08-03.23:38:39::SCWMssOS::make -C ps7_cortexa9_0/libsrc/cpu_cortexa9_v2_12/src -s libs  "SHELL=CMD" "COMPILER=arm-none-eabi-gcc" "ASSEMBLER=arm-none-eabi
TRACE::2026-08-03.23:38:39::SCWMssOS::-as" "ARCHIVER=arm-none-eabi-ar" "COMPILER_FLAGS=  -O2 -c" "EXTRA_COMPILER_FLAGS=-mcpu=cortex-a9 -mfpu=vfpv3 -mfloat-abi=hard -
TRACE::2026-08-03.23:38:39::SCWMssOS::nostartfiles -g -Wall -Wextra -fno-tree-loop-distribute-patterns"

TRACE::2026-08-03.23:38:39::SCWMssOS::"Running Make libs in ps7_cortexa9_0/libsrc/ddrps_v1_2/src"

TRACE::2026-08-03.23:38:39::SCWMssOS::make -C ps7_cortexa9_0/libsrc/ddrps_v1_2/src -s libs  "SHELL=CMD" "COMPILER=arm-none-eabi-gcc" "ASSEMBLER=arm-none-eabi-as" "AR
TRACE::2026-08-03.23:38:39::SCWMssOS::CHIVER=arm-none-eabi-ar" "COMPILER_FLAGS=  -O2 -c" "EXTRA_COMPILER_FLAGS=-mcpu=cortex-a9 -mfpu=vfpv3 -mfloat-abi=hard -nostartf
TRACE::2026-08-03.23:38:39::SCWMssOS::iles -g -Wall -Wextra -fno-tree-loop-distribute-patterns"

TRACE::2026-08-03.23:38:39::SCWMssOS::"Running Make libs in ps7_cortexa9_0/libsrc/devcfg_v3_8/src"

TRACE::2026-08-03.23:38:39::SCWMssOS::make -C ps7_cortexa9_0/libsrc/devcfg_v3_8/src -s libs  "SHELL=CMD" "COMPILER=arm-none-eabi-gcc" "ASSEMBLER=arm-none-eabi-as" "A
TRACE::2026-08-03.23:38:39::SCWMssOS::RCHIVER=arm-none-eabi-ar" "COMPILER_FLAGS=  -O2 -c" "EXTRA_COMPILER_FLAGS=-mcpu=cortex-a9 -mfpu=vfpv3 -mfloat-abi=hard -nostart
TRACE::2026-08-03.23:38:39::SCWMssOS::files -g -Wall -Wextra -fno-tree-loop-distribute-patterns"

TRACE::2026-08-03.23:38:39::SCWMssOS::"Running Make libs in ps7_cortexa9_0/libsrc/dmaps_v2_11/src"

TRACE::2026-08-03.23:38:39::SCWMssOS::make -C ps7_cortexa9_0/libsrc/dmaps_v2_11/src -s libs  "SHELL=CMD" "COMPILER=arm-none-eabi-gcc" "ASSEMBLER=arm-none-eabi-as" "A
TRACE::2026-08-03.23:38:39::SCWMssOS::RCHIVER=arm-none-eabi-ar" "COMPILER_FLAGS=  -O2 -c" "EXTRA_COMPILER_FLAGS=-mcpu=cortex-a9 -mfpu=vfpv3 -mfloat-abi=hard -nostart
TRACE::2026-08-03.23:38:39::SCWMssOS::files -g -Wall -Wextra -fno-tree-loop-distribute-patterns"

TRACE::2026-08-03.23:38:39::SCWMssOS::"Running Make libs in ps7_cortexa9_0/libsrc/emacps_v3_21/src"

TRACE::2026-08-03.23:38:39::SCWMssOS::make -C ps7_cortexa9_0/libsrc/emacps_v3_21/src -s libs  "SHELL=CMD" "COMPILER=arm-none-eabi-gcc" "ASSEMBLER=arm-none-eabi-as" "
TRACE::2026-08-03.23:38:39::SCWMssOS::ARCHIVER=arm-none-eabi-ar" "COMPILER_FLAGS=  -O2 -c" "EXTRA_COMPILER_FLAGS=-mcpu=cortex-a9 -mfpu=vfpv3 -mfloat-abi=hard -nostar
TRACE::2026-08-03.23:38:39::SCWMssOS::tfiles -g -Wall -Wextra -fno-tree-loop-distribute-patterns"

TRACE::2026-08-03.23:38:39::SCWMssOS::"Running Make libs in ps7_cortexa9_0/libsrc/gpiops_v3_13/src"

TRACE::2026-08-03.23:38:39::SCWMssOS::make -C ps7_cortexa9_0/libsrc/gpiops_v3_13/src -s libs  "SHELL=CMD" "COMPILER=arm-none-eabi-gcc" "ASSEMBLER=arm-none-eabi-as" "
TRACE::2026-08-03.23:38:39::SCWMssOS::ARCHIVER=arm-none-eabi-ar" "COMPILER_FLAGS=  -O2 -c" "EXTRA_COMPILER_FLAGS=-mcpu=cortex-a9 -mfpu=vfpv3 -mfloat-abi=hard -nostar
TRACE::2026-08-03.23:38:39::SCWMssOS::tfiles -g -Wall -Wextra -fno-tree-loop-distribute-patterns"

TRACE::2026-08-03.23:38:39::SCWMssOS::"Running Make libs in ps7_cortexa9_0/libsrc/qspips_v3_13/src"

TRACE::2026-08-03.23:38:39::SCWMssOS::make -C ps7_cortexa9_0/libsrc/qspips_v3_13/src -s libs  "SHELL=CMD" "COMPILER=arm-none-eabi-gcc" "ASSEMBLER=arm-none-eabi-as" "
TRACE::2026-08-03.23:38:39::SCWMssOS::ARCHIVER=arm-none-eabi-ar" "COMPILER_FLAGS=  -O2 -c" "EXTRA_COMPILER_FLAGS=-mcpu=cortex-a9 -mfpu=vfpv3 -mfloat-abi=hard -nostar
TRACE::2026-08-03.23:38:39::SCWMssOS::tfiles -g -Wall -Wextra -fno-tree-loop-distribute-patterns"

TRACE::2026-08-03.23:38:39::SCWMssOS::"Running Make libs in ps7_cortexa9_0/libsrc/scugic_v5_4/src"

TRACE::2026-08-03.23:38:39::SCWMssOS::make -C ps7_cortexa9_0/libsrc/scugic_v5_4/src -s libs  "SHELL=CMD" "COMPILER=arm-none-eabi-gcc" "ASSEMBLER=arm-none-eabi-as" "A
TRACE::2026-08-03.23:38:39::SCWMssOS::RCHIVER=arm-none-eabi-ar" "COMPILER_FLAGS=  -O2 -c" "EXTRA_COMPILER_FLAGS=-mcpu=cortex-a9 -mfpu=vfpv3 -mfloat-abi=hard -nostart
TRACE::2026-08-03.23:38:39::SCWMssOS::files -g -Wall -Wextra -fno-tree-loop-distribute-patterns"

TRACE::2026-08-03.23:38:39::SCWMssOS::"Running Make libs in ps7_cortexa9_0/libsrc/scutimer_v2_6/src"

TRACE::2026-08-03.23:38:39::SCWMssOS::make -C ps7_cortexa9_0/libsrc/scutimer_v2_6/src -s libs  "SHELL=CMD" "COMPILER=arm-none-eabi-gcc" "ASSEMBLER=arm-none-eabi-as" 
TRACE::2026-08-03.23:38:39::SCWMssOS::"ARCHIVER=arm-none-eabi-ar" "COMPILER_FLAGS=  -O2 -c" "EXTRA_COMPILER_FLAGS=-mcpu=cortex-a9 -mfpu=vfpv3 -mfloat-abi=hard -nosta
TRACE::2026-08-03.23:38:39::SCWMssOS::rtfiles -g -Wall -Wextra -fno-tree-loop-distribute-patterns"

TRACE::2026-08-03.23:38:39::SCWMssOS::"Running Make libs in ps7_cortexa9_0/libsrc/scuwdt_v2_6/src"

TRACE::2026-08-03.23:38:39::SCWMssOS::make -C ps7_cortexa9_0/libsrc/scuwdt_v2_6/src -s libs  "SHELL=CMD" "COMPILER=arm-none-eabi-gcc" "ASSEMBLER=arm-none-eabi-as" "A
TRACE::2026-08-03.23:38:39::SCWMssOS::RCHIVER=arm-none-eabi-ar" "COMPILER_FLAGS=  -O2 -c" "EXTRA_COMPILER_FLAGS=-mcpu=cortex-a9 -mfpu=vfpv3 -mfloat-abi=hard -nostart
TRACE::2026-08-03.23:38:39::SCWMssOS::files -g -Wall -Wextra -fno-tree-loop-distribute-patterns"

TRACE::2026-08-03.23:38:39::SCWMssOS::"Running Make libs in ps7_cortexa9_0/libsrc/sdps_v4_4/src"

TRACE::2026-08-03.23:38:39::SCWMssOS::make -C ps7_cortexa9_0/libsrc/sdps_v4_4/src -s libs  "SHELL=CMD" "COMPILER=arm-none-eabi-gcc" "ASSEMBLER=arm-none-eabi-as" "ARC
TRACE::2026-08-03.23:38:39::SCWMssOS::HIVER=arm-none-eabi-ar" "COMPILER_FLAGS=  -O2 -c" "EXTRA_COMPILER_FLAGS=-mcpu=cortex-a9 -mfpu=vfpv3 -mfloat-abi=hard -nostartfi
TRACE::2026-08-03.23:38:39::SCWMssOS::les -g -Wall -Wextra -fno-tree-loop-distribute-patterns"

TRACE::2026-08-03.23:38:40::SCWMssOS::"Running Make libs in ps7_cortexa9_0/libsrc/standalone_v9_2/src"

TRACE::2026-08-03.23:38:40::SCWMssOS::make -C ps7_cortexa9_0/libsrc/standalone_v9_2/src -s libs  "SHELL=CMD" "COMPILER=arm-none-eabi-gcc" "ASSEMBLER=arm-none-eabi-as
TRACE::2026-08-03.23:38:40::SCWMssOS::" "ARCHIVER=arm-none-eabi-ar" "COMPILER_FLAGS=  -O2 -c" "EXTRA_COMPILER_FLAGS=-mcpu=cortex-a9 -mfpu=vfpv3 -mfloat-abi=hard -nos
TRACE::2026-08-03.23:38:40::SCWMssOS::tartfiles -g -Wall -Wextra -fno-tree-loop-distribute-patterns"

TRACE::2026-08-03.23:38:40::SCWMssOS::"Running Make libs in ps7_cortexa9_0/libsrc/uartps_v3_15/src"

TRACE::2026-08-03.23:38:40::SCWMssOS::make -C ps7_cortexa9_0/libsrc/uartps_v3_15/src -s libs  "SHELL=CMD" "COMPILER=arm-none-eabi-gcc" "ASSEMBLER=arm-none-eabi-as" "
TRACE::2026-08-03.23:38:40::SCWMssOS::ARCHIVER=arm-none-eabi-ar" "COMPILER_FLAGS=  -O2 -c" "EXTRA_COMPILER_FLAGS=-mcpu=cortex-a9 -mfpu=vfpv3 -mfloat-abi=hard -nostar
TRACE::2026-08-03.23:38:40::SCWMssOS::tfiles -g -Wall -Wextra -fno-tree-loop-distribute-patterns"

TRACE::2026-08-03.23:38:40::SCWMssOS::"Running Make libs in ps7_cortexa9_0/libsrc/usbps_v2_9/src"

TRACE::2026-08-03.23:38:40::SCWMssOS::make -C ps7_cortexa9_0/libsrc/usbps_v2_9/src -s libs  "SHELL=CMD" "COMPILER=arm-none-eabi-gcc" "ASSEMBLER=arm-none-eabi-as" "AR
TRACE::2026-08-03.23:38:40::SCWMssOS::CHIVER=arm-none-eabi-ar" "COMPILER_FLAGS=  -O2 -c" "EXTRA_COMPILER_FLAGS=-mcpu=cortex-a9 -mfpu=vfpv3 -mfloat-abi=hard -nostartf
TRACE::2026-08-03.23:38:40::SCWMssOS::iles -g -Wall -Wextra -fno-tree-loop-distribute-patterns"

TRACE::2026-08-03.23:38:40::SCWMssOS::"Running Make libs in ps7_cortexa9_0/libsrc/xadcps_v2_7/src"

TRACE::2026-08-03.23:38:40::SCWMssOS::make -C ps7_cortexa9_0/libsrc/xadcps_v2_7/src -s libs  "SHELL=CMD" "COMPILER=arm-none-eabi-gcc" "ASSEMBLER=arm-none-eabi-as" "A
TRACE::2026-08-03.23:38:40::SCWMssOS::RCHIVER=arm-none-eabi-ar" "COMPILER_FLAGS=  -O2 -c" "EXTRA_COMPILER_FLAGS=-mcpu=cortex-a9 -mfpu=vfpv3 -mfloat-abi=hard -nostart
TRACE::2026-08-03.23:38:40::SCWMssOS::files -g -Wall -Wextra -fno-tree-loop-distribute-patterns"

TRACE::2026-08-03.23:38:40::SCWMssOS::"Running Make libs in ps7_cortexa9_0/libsrc/xilffs_v5_3/src"

TRACE::2026-08-03.23:38:40::SCWMssOS::make -C ps7_cortexa9_0/libsrc/xilffs_v5_3/src -s libs  "SHELL=CMD" "COMPILER=arm-none-eabi-gcc" "ASSEMBLER=arm-none-eabi-as" "A
TRACE::2026-08-03.23:38:40::SCWMssOS::RCHIVER=arm-none-eabi-ar" "COMPILER_FLAGS=  -O2 -c" "EXTRA_COMPILER_FLAGS=-mcpu=cortex-a9 -mfpu=vfpv3 -mfloat-abi=hard -nostart
TRACE::2026-08-03.23:38:40::SCWMssOS::files -g -Wall -Wextra -fno-tree-loop-distribute-patterns"

TRACE::2026-08-03.23:38:41::SCWMssOS::'Finished building libraries parallelly.'

TRACE::2026-08-03.23:38:41::SCWMssOS::make --no-print-directory archive

TRACE::2026-08-03.23:38:41::SCWMssOS::arm-none-eabi-ar -r  ps7_cortexa9_0/lib/libxil.a ps7_cortexa9_0/lib/_exit.o ps7_cortexa9_0/lib/_open.o ps7_cortexa9_0/lib/_sbrk
TRACE::2026-08-03.23:38:41::SCWMssOS::.o ps7_cortexa9_0/lib/abort.o ps7_cortexa9_0/lib/asm_vectors.o ps7_cortexa9_0/lib/boot.o ps7_cortexa9_0/lib/close.o ps7_cortexa
TRACE::2026-08-03.23:38:41::SCWMssOS::9_0/lib/cpputest_time.o ps7_cortexa9_0/lib/cpu_init.o ps7_cortexa9_0/lib/errno.o ps7_cortexa9_0/lib/fcntl.o ps7_cortexa9_0/lib/
TRACE::2026-08-03.23:38:41::SCWMssOS::fstat.o ps7_cortexa9_0/lib/getentropy.o ps7_cortexa9_0/lib/getpid.o ps7_cortexa9_0/lib/gettimeofday.o ps7_cortexa9_0/lib/inbyte
TRACE::2026-08-03.23:38:41::SCWMssOS::.o ps7_cortexa9_0/lib/isatty.o ps7_cortexa9_0/lib/kill.o ps7_cortexa9_0/lib/lseek.o ps7_cortexa9_0/lib/open.o ps7_cortexa9_0/li
TRACE::2026-08-03.23:38:41::SCWMssOS::b/outbyte.o ps7_cortexa9_0/lib/print.o ps7_cortexa9_0/lib/putnum.o ps7_cortexa9_0/lib/read.o ps7_cortexa9_0/lib/sbrk.o ps7_cort
TRACE::2026-08-03.23:38:41::SCWMssOS::exa9_0/lib/sleep.o ps7_cortexa9_0/lib/time.o ps7_cortexa9_0/lib/translation_table.o ps7_cortexa9_0/lib/unlink.o ps7_cortexa9_0/
TRACE::2026-08-03.23:38:41::SCWMssOS::lib/usleep.o ps7_cortexa9_0/lib/vectors.o ps7_cortexa9_0/lib/write.o ps7_cortexa9_0/lib/xadcps.o ps7_cortexa9_0/lib/xadcps_g.o 
TRACE::2026-08-03.23:38:41::SCWMssOS::ps7_cortexa9_0/lib/xadcps_intr.o ps7_cortexa9_0/lib/xadcps_selftest.o ps7_cortexa9_0/lib/xadcps_sinit.o ps7_cortexa9_0/lib/xcor
TRACE::2026-08-03.23:38:41::SCWMssOS::esightpsdcc.o ps7_cortexa9_0/lib/xdevcfg.o ps7_cortexa9_0/lib/xdevcfg_g.o ps7_cortexa9_0/lib/xdevcfg_hw.o ps7_cortexa9_0/lib/xd
TRACE::2026-08-03.23:38:41::SCWMssOS::evcfg_intr.o ps7_cortexa9_0/lib/xdevcfg_selftest.o ps7_cortexa9_0/lib/xdevcfg_sinit.o ps7_cortexa9_0/lib/xdmaps.o ps7_cortexa9_
TRACE::2026-08-03.23:38:41::SCWMssOS::0/lib/xdmaps_g.o ps7_cortexa9_0/lib/xdmaps_hw.o ps7_cortexa9_0/lib/xdmaps_selftest.o ps7_cortexa9_0/lib/xdmaps_sinit.o ps7_cort
TRACE::2026-08-03.23:38:41::SCWMssOS::exa9_0/lib/xemacps.o ps7_cortexa9_0/lib/xemacps_bdring.o ps7_cortexa9_0/lib/xemacps_control.o ps7_cortexa9_0/lib/xemacps_g.o ps
TRACE::2026-08-03.23:38:41::SCWMssOS::7_cortexa9_0/lib/xemacps_hw.o ps7_cortexa9_0/lib/xemacps_intr.o ps7_cortexa9_0/lib/xemacps_sinit.o ps7_cortexa9_0/lib/xgpiops.o
TRACE::2026-08-03.23:38:41::SCWMssOS:: ps7_cortexa9_0/lib/xgpiops_g.o ps7_cortexa9_0/lib/xgpiops_hw.o ps7_cortexa9_0/lib/xgpiops_intr.o ps7_cortexa9_0/lib/xgpiops_se
TRACE::2026-08-03.23:38:41::SCWMssOS::lftest.o ps7_cortexa9_0/lib/xgpiops_sinit.o ps7_cortexa9_0/lib/xil-crt0.o ps7_cortexa9_0/lib/xil_assert.o ps7_cortexa9_0/lib/xi
TRACE::2026-08-03.23:38:41::SCWMssOS::l_cache.o ps7_cortexa9_0/lib/xil_clocking.o ps7_cortexa9_0/lib/xil_exception.o ps7_cortexa9_0/lib/xil_mem.o ps7_cortexa9_0/lib/
TRACE::2026-08-03.23:38:41::SCWMssOS::xil_misc_psreset_api.o ps7_cortexa9_0/lib/xil_mmu.o ps7_cortexa9_0/lib/xil_printf.o ps7_cortexa9_0/lib/xil_sleepcommon.o ps7_co
TRACE::2026-08-03.23:38:41::SCWMssOS::rtexa9_0/lib/xil_sleeptimer.o ps7_cortexa9_0/lib/xil_spinlock.o ps7_cortexa9_0/lib/xil_sutil.o ps7_cortexa9_0/lib/xil_testcache
TRACE::2026-08-03.23:38:41::SCWMssOS::.o ps7_cortexa9_0/lib/xil_testio.o ps7_cortexa9_0/lib/xil_testmem.o ps7_cortexa9_0/lib/xil_util.o ps7_cortexa9_0/lib/xinterrupt
TRACE::2026-08-03.23:38:41::SCWMssOS::_wrap.o ps7_cortexa9_0/lib/xl2cc_counter.o ps7_cortexa9_0/lib/xplatform_info.o ps7_cortexa9_0/lib/xpm_counter.o ps7_cortexa9_0/
TRACE::2026-08-03.23:38:41::SCWMssOS::lib/xpm_init.o ps7_cortexa9_0/lib/xqspips.o ps7_cortexa9_0/lib/xqspips_g.o ps7_cortexa9_0/lib/xqspips_hw.o ps7_cortexa9_0/lib/x
TRACE::2026-08-03.23:38:41::SCWMssOS::qspips_options.o ps7_cortexa9_0/lib/xqspips_selftest.o ps7_cortexa9_0/lib/xqspips_sinit.o ps7_cortexa9_0/lib/xscugic.o ps7_cort
TRACE::2026-08-03.23:38:41::SCWMssOS::exa9_0/lib/xscugic_g.o ps7_cortexa9_0/lib/xscugic_hw.o ps7_cortexa9_0/lib/xscugic_intr.o ps7_cortexa9_0/lib/xscugic_selftest.o 
TRACE::2026-08-03.23:38:41::SCWMssOS::ps7_cortexa9_0/lib/xscugic_sinit.o ps7_cortexa9_0/lib/xscutimer.o ps7_cortexa9_0/lib/xscutimer_g.o ps7_cortexa9_0/lib/xscutimer
TRACE::2026-08-03.23:38:41::SCWMssOS::_selftest.o ps7_cortexa9_0/lib/xscutimer_sinit.o ps7_cortexa9_0/lib/xscuwdt.o ps7_cortexa9_0/lib/xscuwdt_g.o ps7_cortexa9_0/lib
TRACE::2026-08-03.23:38:41::SCWMssOS::/xscuwdt_selftest.o ps7_cortexa9_0/lib/xscuwdt_sinit.o ps7_cortexa9_0/lib/xsdps.o ps7_cortexa9_0/lib/xsdps_card.o ps7_cortexa9_
TRACE::2026-08-03.23:38:41::SCWMssOS::0/lib/xsdps_g.o ps7_cortexa9_0/lib/xsdps_host.o ps7_cortexa9_0/lib/xsdps_options.o ps7_cortexa9_0/lib/xsdps_sinit.o ps7_cortexa
TRACE::2026-08-03.23:38:41::SCWMssOS::9_0/lib/xtime_l.o ps7_cortexa9_0/lib/xuartps.o ps7_cortexa9_0/lib/xuartps_g.o ps7_cortexa9_0/lib/xuartps_hw.o ps7_cortexa9_0/li
TRACE::2026-08-03.23:38:41::SCWMssOS::b/xuartps_intr.o ps7_cortexa9_0/lib/xuartps_options.o ps7_cortexa9_0/lib/xuartps_selftest.o ps7_cortexa9_0/lib/xuartps_sinit.o 
TRACE::2026-08-03.23:38:41::SCWMssOS::ps7_cortexa9_0/lib/xusbps.o ps7_cortexa9_0/lib/xusbps_endpoint.o ps7_cortexa9_0/lib/xusbps_g.o ps7_cortexa9_0/lib/xusbps_hw.o p
TRACE::2026-08-03.23:38:41::SCWMssOS::s7_cortexa9_0/lib/xusbps_intr.o ps7_cortexa9_0/lib/xusbps_sinit.o

TRACE::2026-08-03.23:38:42::SCWMssOS::'Finished building libraries'

TRACE::2026-08-03.23:38:42::SCWMssOS::Copying to export directory.
TRACE::2026-08-03.23:38:42::SCWMssOS:: Checking if to create the Supporting Applications
TRACE::2026-08-03.23:38:42::SCWMssOS:: No Linux domain exists, trying to generate FSBL 
LOG::2026-08-03.23:38:42::SCWSystem::Completed Processing the domain standalone_domain
LOG::2026-08-03.23:38:42::SCWSystem::Completed Processing the sysconfig RFsender_platform
LOG::2026-08-03.23:38:42::SCWPlatform::Completed generating the artifacts for system configuration RFsender_platform
TRACE::2026-08-03.23:38:42::SCWPlatform::Started preparing the platform 
TRACE::2026-08-03.23:38:42::SCWSystem::Writing the bif file for system config RFsender_platform
TRACE::2026-08-03.23:38:42::SCWSystem::dir created 
TRACE::2026-08-03.23:38:42::SCWSystem::Writing the bif 
TRACE::2026-08-03.23:38:42::SCWPlatform::Started writing the spfm file 
TRACE::2026-08-03.23:38:42::SCWPlatform::Started writing the xpfm file 
TRACE::2026-08-03.23:38:42::SCWPlatform::Completed generating the platform
TRACE::2026-08-03.23:38:42::SCWMssOS::Saving the mss changes D:/Work/projects/zybo_z7_projects/DD_RF/vitis/RFsender_platform/zynq_fsbl/zynq_fsbl_bsp/system.mss
TRACE::2026-08-03.23:38:42::SCWMssOS::Found a swdesign opened with the mssfile.
TRACE::2026-08-03.23:38:42::SCWMssOS::Completed writemss as part of save.
TRACE::2026-08-03.23:38:42::SCWMssOS::Commit changes completed.
TRACE::2026-08-03.23:38:42::SCWMssOS::Saving the mss changes D:/Work/projects/zybo_z7_projects/DD_RF/vitis/RFsender_platform/ps7_cortexa9_0/standalone_domain/bsp/system.mss
TRACE::2026-08-03.23:38:42::SCWMssOS::Found a swdesign opened with the mssfile.
TRACE::2026-08-03.23:38:42::SCWMssOS::Completed writemss as part of save.
TRACE::2026-08-03.23:38:42::SCWMssOS::Commit changes completed.
TRACE::2026-08-03.23:38:42::SCWPlatform::Trying to open the hw design at D:/Work/projects/zybo_z7_projects/DD_RF/vitis/RFsender_platform/hw/rfsender.xsa
TRACE::2026-08-03.23:38:42::SCWPlatform::DSA given D:/Work/projects/zybo_z7_projects/DD_RF/vitis/RFsender_platform/hw/rfsender.xsa
TRACE::2026-08-03.23:38:42::SCWPlatform::DSA absoulate path D:/Work/projects/zybo_z7_projects/DD_RF/vitis/RFsender_platform/hw/rfsender.xsa
TRACE::2026-08-03.23:38:42::SCWPlatform::DSA directory D:/Work/projects/zybo_z7_projects/DD_RF/vitis/RFsender_platform/hw
TRACE::2026-08-03.23:38:42::SCWPlatform:: Platform Path D:/Work/projects/zybo_z7_projects/DD_RF/vitis/RFsender_platform/hw/rfsender.xsa
TRACE::2026-08-03.23:38:42::SCWPlatform:: Unique name xilinx:zybo-z7-10::0.0
TRACE::2026-08-03.23:38:42::SCWPlatform::Trying to set the existing hwdb with name topSystem_4
TRACE::2026-08-03.23:38:42::SCWPlatform::Opened existing hwdb topSystem_4
TRACE::2026-08-03.23:38:42::SCWPlatform::Found the Hw Db part of the input DSA
TRACE::2026-08-03.23:38:42::SCWMssOS::Checking the sw design at  D:/Work/projects/zybo_z7_projects/DD_RF/vitis/RFsender_platform/zynq_fsbl/zynq_fsbl_bsp/system.mss
TRACE::2026-08-03.23:38:42::SCWMssOS::DEBUG:  swdes dump  D:/Work/projects/zybo_z7_projects/DD_RF/vitis/RFsender_platform/ps7_cortexa9_0/standalone_domain/bsp/system.mss|system_0||
D:/Work/projects/zybo_z7_projects/DD_RF/vitis/RFsender_platform/zynq_fsbl/zynq_fsbl_bsp/system.mss|system||

TRACE::2026-08-03.23:38:42::SCWMssOS::Sw design exists and opened at  D:/Work/projects/zybo_z7_projects/DD_RF/vitis/RFsender_platform/zynq_fsbl/zynq_fsbl_bsp/system.mss
TRACE::2026-08-03.23:38:42::SCWPlatform::Trying to open the hw design at D:/Work/projects/zybo_z7_projects/DD_RF/vitis/RFsender_platform/hw/rfsender.xsa
TRACE::2026-08-03.23:38:42::SCWPlatform::DSA given D:/Work/projects/zybo_z7_projects/DD_RF/vitis/RFsender_platform/hw/rfsender.xsa
TRACE::2026-08-03.23:38:42::SCWPlatform::DSA absoulate path D:/Work/projects/zybo_z7_projects/DD_RF/vitis/RFsender_platform/hw/rfsender.xsa
TRACE::2026-08-03.23:38:42::SCWPlatform::DSA directory D:/Work/projects/zybo_z7_projects/DD_RF/vitis/RFsender_platform/hw
TRACE::2026-08-03.23:38:42::SCWPlatform:: Platform Path D:/Work/projects/zybo_z7_projects/DD_RF/vitis/RFsender_platform/hw/rfsender.xsa
TRACE::2026-08-03.23:38:42::SCWPlatform:: Unique name xilinx:zybo-z7-10::0.0
TRACE::2026-08-03.23:38:42::SCWPlatform::Trying to set the existing hwdb with name topSystem_4
TRACE::2026-08-03.23:38:42::SCWPlatform::Opened existing hwdb topSystem_4
TRACE::2026-08-03.23:38:42::SCWPlatform::Found the Hw Db part of the input DSA
TRACE::2026-08-03.23:38:42::SCWMssOS::Checking the sw design at  D:/Work/projects/zybo_z7_projects/DD_RF/vitis/RFsender_platform/ps7_cortexa9_0/standalone_domain/bsp/system.mss
TRACE::2026-08-03.23:38:42::SCWMssOS::DEBUG:  swdes dump  D:/Work/projects/zybo_z7_projects/DD_RF/vitis/RFsender_platform/ps7_cortexa9_0/standalone_domain/bsp/system.mss|system_0||
D:/Work/projects/zybo_z7_projects/DD_RF/vitis/RFsender_platform/zynq_fsbl/zynq_fsbl_bsp/system.mss|system||

TRACE::2026-08-03.23:38:42::SCWMssOS::Sw design exists and opened at  D:/Work/projects/zybo_z7_projects/DD_RF/vitis/RFsender_platform/ps7_cortexa9_0/standalone_domain/bsp/system.mss
TRACE::2026-08-03.23:38:42::SCWWriter::formatted JSON is {
	"platformName":	"RFsender_platform",
	"sprVersion":	"2.0",
	"mode":	"gui",
	"dsaType":	"Fixed",
	"platformDesc":	"RFsender_platform",
	"platHandOff":	"D:/Work/projects/zybo_z7_projects/DD_RF/vivado/project_1/rfsender.xsa",
	"platIntHandOff":	"<platformDir>/hw/rfsender.xsa",
	"deviceType":	"zynq",
	"platIsPrebuiltAutogen":	"false",
	"platIsNoBootBsp":	"false",
	"hasFsblMakeHasChanges":	"false",
	"hasPmufwMakeHasChanges":	"false",
	"fsblExtraCompilerFlags":	"-MMD -MP       -mcpu=cortex-a9 -mfpu=vfpv3 -mfloat-abi=hard ",
	"platPreBuiltFlag":	false,
	"platformSamplesDir":	"",
	"platActiveSys":	"RFsender_platform",
	"systems":	[{
			"systemName":	"RFsender_platform",
			"systemDesc":	"RFsender_platform",
			"sysIsBootAutoGen":	"true",
			"systemDispName":	"RFsender_platform",
			"sysActiveDom":	"standalone_domain",
			"sysDefaultDom":	"standalone_domain",
			"domains":	[{
					"domainName":	"zynq_fsbl",
					"domainDispName":	"zynq_fsbl",
					"domainDesc":	"FSBL Application BSP - Auto Generated.",
					"processors":	"ps7_cortexa9_0",
					"os":	"standalone",
					"sdxOs":	"standalone",
					"debugEnable":	"",
					"domRuntimes":	["cpp"],
					"swRepo":	"",
					"mssOsVer":	"9.2",
					"mssFile":	"",
					"md5Digest":	"30215168a6860ec346c5df07b875ca91",
					"compatibleApp":	"zynq_fsbl",
					"domType":	"bootDomain",
					"arch":	"32-bit",
					"appSettings":	{
						"appCompilerFlags":	"",
						"appLinkerFlags":	""
					},
					"addedLibs":	["xilffs:5.3", "xilrsa:1.8"],
					"libOptions":	{
						"libsContainingOptions":	[]
					},
					"prebuiltLibs":	{
						"prebuiltIncPath":	[],
						"prebuiltLibPath":	[]
					},
					"isolation":	{
					}
				}, {
					"domainName":	"standalone_domain",
					"domainDispName":	"standalone on ps7_cortexa9_0",
					"domainDesc":	"standalone_domain",
					"processors":	"ps7_cortexa9_0",
					"os":	"standalone",
					"sdxOs":	"standalone",
					"qemuArgs":	"<platformDir>/resources/RFsender_platform/standalone_domain/qemu_args.txt",
					"qemuData":	"<platformDir>/resources/RFsender_platform/standalone_domain/qemu",
					"debugEnable":	"False",
					"domRuntimes":	["cpp"],
					"swRepo":	"",
					"mssOsVer":	"9.2",
					"mssFile":	"",
					"md5Digest":	"cdf1d043c3be5ad3d6f2b109f4a0d161",
					"compatibleApp":	"",
					"domType":	"mssDomain",
					"appSettings":	{
						"appCompilerFlags":	"",
						"appLinkerFlags":	""
					},
					"addedLibs":	["xilffs:5.3"],
					"libOptions":	{
						"libsContainingOptions":	[]
					},
					"prebuiltLibs":	{
						"prebuiltIncPath":	[],
						"prebuiltLibPath":	[]
					},
					"isolation":	{
					}
				}]
		}]
}
KEYINFO::2026-08-03.23:38:42::SCWPlatform::updated the xpfm file.
TRACE::2026-08-03.23:38:42::SCWPlatform::Trying to open the hw design at D:/Work/projects/zybo_z7_projects/DD_RF/vitis/RFsender_platform/hw/rfsender.xsa
TRACE::2026-08-03.23:38:42::SCWPlatform::DSA given D:/Work/projects/zybo_z7_projects/DD_RF/vitis/RFsender_platform/hw/rfsender.xsa
TRACE::2026-08-03.23:38:42::SCWPlatform::DSA absoulate path D:/Work/projects/zybo_z7_projects/DD_RF/vitis/RFsender_platform/hw/rfsender.xsa
TRACE::2026-08-03.23:38:42::SCWPlatform::DSA directory D:/Work/projects/zybo_z7_projects/DD_RF/vitis/RFsender_platform/hw
TRACE::2026-08-03.23:38:42::SCWPlatform:: Platform Path D:/Work/projects/zybo_z7_projects/DD_RF/vitis/RFsender_platform/hw/rfsender.xsa
TRACE::2026-08-03.23:38:42::SCWPlatform:: Unique name xilinx:zybo-z7-10::0.0
TRACE::2026-08-03.23:38:42::SCWPlatform::Trying to set the existing hwdb with name topSystem_4
TRACE::2026-08-03.23:38:42::SCWPlatform::Opened existing hwdb topSystem_4
TRACE::2026-08-03.23:38:42::SCWPlatform::Found the Hw Db part of the input DSA
TRACE::2026-08-03.23:38:42::SCWMssOS::Checking the sw design at  D:/Work/projects/zybo_z7_projects/DD_RF/vitis/RFsender_platform/ps7_cortexa9_0/standalone_domain/bsp/system.mss
TRACE::2026-08-03.23:38:42::SCWMssOS::DEBUG:  swdes dump  D:/Work/projects/zybo_z7_projects/DD_RF/vitis/RFsender_platform/ps7_cortexa9_0/standalone_domain/bsp/system.mss|system_0||
D:/Work/projects/zybo_z7_projects/DD_RF/vitis/RFsender_platform/zynq_fsbl/zynq_fsbl_bsp/system.mss|system||

TRACE::2026-08-03.23:38:42::SCWMssOS::Sw design exists and opened at  D:/Work/projects/zybo_z7_projects/DD_RF/vitis/RFsender_platform/ps7_cortexa9_0/standalone_domain/bsp/system.mss
TRACE::2026-08-04.21:19:04::SCWPlatform::Trying to open the hw design at D:/Work/projects/zybo_z7_projects/DD_RF/vitis/RFsender_platform/hw/rfsender.xsa
TRACE::2026-08-04.21:19:04::SCWPlatform::DSA given D:/Work/projects/zybo_z7_projects/DD_RF/vitis/RFsender_platform/hw/rfsender.xsa
TRACE::2026-08-04.21:19:04::SCWPlatform::DSA absoulate path D:/Work/projects/zybo_z7_projects/DD_RF/vitis/RFsender_platform/hw/rfsender.xsa
TRACE::2026-08-04.21:19:05::SCWPlatform::DSA directory D:/Work/projects/zybo_z7_projects/DD_RF/vitis/RFsender_platform/hw
TRACE::2026-08-04.21:19:05::SCWPlatform:: Platform Path D:/Work/projects/zybo_z7_projects/DD_RF/vitis/RFsender_platform/hw/rfsender.xsa
TRACE::2026-08-04.21:19:05::SCWPlatform:: Unique name xilinx:zybo-z7-10::0.0
TRACE::2026-08-04.21:19:05::SCWPlatform::Do not have an existing db opened. 
TRACE::2026-08-04.21:19:06::SCWPlatform::Opened new HwDB with name topSystem
TRACE::2026-08-04.21:19:06::SCWReader::Active system found as  RFsender_platform
TRACE::2026-08-04.21:19:06::SCWReader::Handling sysconfig RFsender_platform
TRACE::2026-08-04.21:19:06::SCWDomain::checking for install qemu data   : 
TRACE::2026-08-04.21:19:06::SCWDomain:: Using the QEMU Data from install at  : D:/Applications/Xilinx/Vitis/2024.2/data/emulation/platforms/zynq/sw/a9_standalone/qemu/
TRACE::2026-08-04.21:19:06::SCWDomain:: Using the QEMU args  from install at  : D:/Applications/Xilinx/Vitis/2024.2/data/emulation/platforms/zynq/sw/a9_standalone/qemu/qemu_args.txt
TRACE::2026-08-04.21:19:06::SCWPlatform::Trying to open the hw design at D:/Work/projects/zybo_z7_projects/DD_RF/vitis/RFsender_platform/hw/rfsender.xsa
TRACE::2026-08-04.21:19:06::SCWPlatform::DSA given D:/Work/projects/zybo_z7_projects/DD_RF/vitis/RFsender_platform/hw/rfsender.xsa
TRACE::2026-08-04.21:19:06::SCWPlatform::DSA absoulate path D:/Work/projects/zybo_z7_projects/DD_RF/vitis/RFsender_platform/hw/rfsender.xsa
TRACE::2026-08-04.21:19:06::SCWPlatform::DSA directory D:/Work/projects/zybo_z7_projects/DD_RF/vitis/RFsender_platform/hw
TRACE::2026-08-04.21:19:06::SCWPlatform:: Platform Path D:/Work/projects/zybo_z7_projects/DD_RF/vitis/RFsender_platform/hw/rfsender.xsa
TRACE::2026-08-04.21:19:06::SCWPlatform:: Unique name xilinx:zybo-z7-10::0.0
TRACE::2026-08-04.21:19:06::SCWPlatform::Trying to set the existing hwdb with name topSystem
TRACE::2026-08-04.21:19:06::SCWPlatform::Opened existing hwdb topSystem
TRACE::2026-08-04.21:19:06::SCWPlatform::Found the Hw Db part of the input DSA
TRACE::2026-08-04.21:19:06::SCWPlatform::Trying to open the hw design at D:/Work/projects/zybo_z7_projects/DD_RF/vitis/RFsender_platform/hw/rfsender.xsa
TRACE::2026-08-04.21:19:06::SCWPlatform::DSA given D:/Work/projects/zybo_z7_projects/DD_RF/vitis/RFsender_platform/hw/rfsender.xsa
TRACE::2026-08-04.21:19:06::SCWPlatform::DSA absoulate path D:/Work/projects/zybo_z7_projects/DD_RF/vitis/RFsender_platform/hw/rfsender.xsa
TRACE::2026-08-04.21:19:06::SCWPlatform::DSA directory D:/Work/projects/zybo_z7_projects/DD_RF/vitis/RFsender_platform/hw
TRACE::2026-08-04.21:19:06::SCWPlatform:: Platform Path D:/Work/projects/zybo_z7_projects/DD_RF/vitis/RFsender_platform/hw/rfsender.xsa
TRACE::2026-08-04.21:19:06::SCWPlatform:: Unique name xilinx:zybo-z7-10::0.0
TRACE::2026-08-04.21:19:06::SCWPlatform::Trying to set the existing hwdb with name topSystem
TRACE::2026-08-04.21:19:06::SCWPlatform::Opened existing hwdb topSystem
TRACE::2026-08-04.21:19:06::SCWPlatform::Found the Hw Db part of the input DSA
TRACE::2026-08-04.21:19:06::SCWPlatform::Trying to open the hw design at D:/Work/projects/zybo_z7_projects/DD_RF/vitis/RFsender_platform/hw/rfsender.xsa
TRACE::2026-08-04.21:19:06::SCWPlatform::DSA given D:/Work/projects/zybo_z7_projects/DD_RF/vitis/RFsender_platform/hw/rfsender.xsa
TRACE::2026-08-04.21:19:06::SCWPlatform::DSA absoulate path D:/Work/projects/zybo_z7_projects/DD_RF/vitis/RFsender_platform/hw/rfsender.xsa
TRACE::2026-08-04.21:19:06::SCWPlatform::DSA directory D:/Work/projects/zybo_z7_projects/DD_RF/vitis/RFsender_platform/hw
TRACE::2026-08-04.21:19:06::SCWPlatform:: Platform Path D:/Work/projects/zybo_z7_projects/DD_RF/vitis/RFsender_platform/hw/rfsender.xsa
TRACE::2026-08-04.21:19:06::SCWPlatform:: Unique name xilinx:zybo-z7-10::0.0
TRACE::2026-08-04.21:19:06::SCWPlatform::Trying to set the existing hwdb with name topSystem
TRACE::2026-08-04.21:19:06::SCWPlatform::Opened existing hwdb topSystem
TRACE::2026-08-04.21:19:06::SCWPlatform::Found the Hw Db part of the input DSA
TRACE::2026-08-04.21:19:06::SCWReader::Boot application domain added for zynq_fsbl
TRACE::2026-08-04.21:19:06::SCWPlatform::Trying to open the hw design at D:/Work/projects/zybo_z7_projects/DD_RF/vitis/RFsender_platform/hw/rfsender.xsa
TRACE::2026-08-04.21:19:06::SCWPlatform::DSA given D:/Work/projects/zybo_z7_projects/DD_RF/vitis/RFsender_platform/hw/rfsender.xsa
TRACE::2026-08-04.21:19:06::SCWPlatform::DSA absoulate path D:/Work/projects/zybo_z7_projects/DD_RF/vitis/RFsender_platform/hw/rfsender.xsa
TRACE::2026-08-04.21:19:06::SCWPlatform::DSA directory D:/Work/projects/zybo_z7_projects/DD_RF/vitis/RFsender_platform/hw
TRACE::2026-08-04.21:19:06::SCWPlatform:: Platform Path D:/Work/projects/zybo_z7_projects/DD_RF/vitis/RFsender_platform/hw/rfsender.xsa
TRACE::2026-08-04.21:19:06::SCWPlatform:: Unique name xilinx:zybo-z7-10::0.0
TRACE::2026-08-04.21:19:06::SCWPlatform::Trying to set the existing hwdb with name topSystem
TRACE::2026-08-04.21:19:06::SCWPlatform::Opened existing hwdb topSystem
TRACE::2026-08-04.21:19:06::SCWPlatform::Found the Hw Db part of the input DSA
TRACE::2026-08-04.21:19:06::SCWMssOS::Checking the sw design at  D:/Work/projects/zybo_z7_projects/DD_RF/vitis/RFsender_platform/zynq_fsbl/zynq_fsbl_bsp/system.mss
TRACE::2026-08-04.21:19:06::SCWMssOS::DEBUG:  swdes dump  
TRACE::2026-08-04.21:19:06::SCWMssOS::No sw design opened at  D:/Work/projects/zybo_z7_projects/DD_RF/vitis/RFsender_platform/zynq_fsbl/zynq_fsbl_bsp/system.mss
TRACE::2026-08-04.21:19:06::SCWMssOS::mss exists loading the mss file  D:/Work/projects/zybo_z7_projects/DD_RF/vitis/RFsender_platform/zynq_fsbl/zynq_fsbl_bsp/system.mss
TRACE::2026-08-04.21:19:06::SCWMssOS::Opened the sw design from mss  D:/Work/projects/zybo_z7_projects/DD_RF/vitis/RFsender_platform/zynq_fsbl/zynq_fsbl_bsp/system.mss
TRACE::2026-08-04.21:19:06::SCWMssOS::Adding the swdes entry D:/Work/projects/zybo_z7_projects/DD_RF/vitis/RFsender_platform/zynq_fsbl/zynq_fsbl_bsp/system.mss with des name system
TRACE::2026-08-04.21:19:06::SCWMssOS::updating the scw layer about changes
TRACE::2026-08-04.21:19:06::SCWMssOS::Opened the sw design.  D:/Work/projects/zybo_z7_projects/DD_RF/vitis/RFsender_platform/zynq_fsbl/zynq_fsbl_bsp/system.mss
TRACE::2026-08-04.21:19:06::SCWPlatform::Trying to open the hw design at D:/Work/projects/zybo_z7_projects/DD_RF/vitis/RFsender_platform/hw/rfsender.xsa
TRACE::2026-08-04.21:19:06::SCWPlatform::DSA given D:/Work/projects/zybo_z7_projects/DD_RF/vitis/RFsender_platform/hw/rfsender.xsa
TRACE::2026-08-04.21:19:06::SCWPlatform::DSA absoulate path D:/Work/projects/zybo_z7_projects/DD_RF/vitis/RFsender_platform/hw/rfsender.xsa
TRACE::2026-08-04.21:19:06::SCWPlatform::DSA directory D:/Work/projects/zybo_z7_projects/DD_RF/vitis/RFsender_platform/hw
TRACE::2026-08-04.21:19:06::SCWPlatform:: Platform Path D:/Work/projects/zybo_z7_projects/DD_RF/vitis/RFsender_platform/hw/rfsender.xsa
TRACE::2026-08-04.21:19:06::SCWPlatform:: Unique name xilinx:zybo-z7-10::0.0
TRACE::2026-08-04.21:19:06::SCWPlatform::Trying to set the existing hwdb with name topSystem
TRACE::2026-08-04.21:19:06::SCWPlatform::Opened existing hwdb topSystem
TRACE::2026-08-04.21:19:06::SCWPlatform::Found the Hw Db part of the input DSA
TRACE::2026-08-04.21:19:06::SCWMssOS::Checking the sw design at  D:/Work/projects/zybo_z7_projects/DD_RF/vitis/RFsender_platform/zynq_fsbl/zynq_fsbl_bsp/system.mss
TRACE::2026-08-04.21:19:06::SCWMssOS::DEBUG:  swdes dump  D:/Work/projects/zybo_z7_projects/DD_RF/vitis/RFsender_platform/zynq_fsbl/zynq_fsbl_bsp/system.mss|system||

TRACE::2026-08-04.21:19:06::SCWMssOS::Sw design exists and opened at  D:/Work/projects/zybo_z7_projects/DD_RF/vitis/RFsender_platform/zynq_fsbl/zynq_fsbl_bsp/system.mss
TRACE::2026-08-04.21:19:06::SCWMssOS:: library already available in sw design:  xilffs:5.3
TRACE::2026-08-04.21:19:06::SCWPlatform::Trying to open the hw design at D:/Work/projects/zybo_z7_projects/DD_RF/vitis/RFsender_platform/hw/rfsender.xsa
TRACE::2026-08-04.21:19:06::SCWPlatform::DSA given D:/Work/projects/zybo_z7_projects/DD_RF/vitis/RFsender_platform/hw/rfsender.xsa
TRACE::2026-08-04.21:19:06::SCWPlatform::DSA absoulate path D:/Work/projects/zybo_z7_projects/DD_RF/vitis/RFsender_platform/hw/rfsender.xsa
TRACE::2026-08-04.21:19:06::SCWPlatform::DSA directory D:/Work/projects/zybo_z7_projects/DD_RF/vitis/RFsender_platform/hw
TRACE::2026-08-04.21:19:06::SCWPlatform:: Platform Path D:/Work/projects/zybo_z7_projects/DD_RF/vitis/RFsender_platform/hw/rfsender.xsa
TRACE::2026-08-04.21:19:06::SCWPlatform:: Unique name xilinx:zybo-z7-10::0.0
TRACE::2026-08-04.21:19:06::SCWPlatform::Trying to set the existing hwdb with name topSystem
TRACE::2026-08-04.21:19:06::SCWPlatform::Opened existing hwdb topSystem
TRACE::2026-08-04.21:19:06::SCWPlatform::Found the Hw Db part of the input DSA
TRACE::2026-08-04.21:19:06::SCWMssOS::Checking the sw design at  D:/Work/projects/zybo_z7_projects/DD_RF/vitis/RFsender_platform/zynq_fsbl/zynq_fsbl_bsp/system.mss
TRACE::2026-08-04.21:19:06::SCWMssOS::DEBUG:  swdes dump  D:/Work/projects/zybo_z7_projects/DD_RF/vitis/RFsender_platform/zynq_fsbl/zynq_fsbl_bsp/system.mss|system||

TRACE::2026-08-04.21:19:06::SCWMssOS::Sw design exists and opened at  D:/Work/projects/zybo_z7_projects/DD_RF/vitis/RFsender_platform/zynq_fsbl/zynq_fsbl_bsp/system.mss
TRACE::2026-08-04.21:19:06::SCWMssOS:: library already available in sw design:  xilrsa:1.8
TRACE::2026-08-04.21:19:06::SCWMssOS::Saving the mss changes D:/Work/projects/zybo_z7_projects/DD_RF/vitis/RFsender_platform/zynq_fsbl/zynq_fsbl_bsp/system.mss
TRACE::2026-08-04.21:19:06::SCWMssOS::Found a swdesign opened with the mssfile.
TRACE::2026-08-04.21:19:06::SCWMssOS::Completed writemss as part of save.
TRACE::2026-08-04.21:19:06::SCWMssOS::Commit changes completed.
TRACE::2026-08-04.21:19:06::SCWReader::Adding prebuilt librarypaths as   
TRACE::2026-08-04.21:19:06::SCWReader::Adding prebuilt incpaths  as   
TRACE::2026-08-04.21:19:06::SCWPlatform::Trying to open the hw design at D:/Work/projects/zybo_z7_projects/DD_RF/vitis/RFsender_platform/hw/rfsender.xsa
TRACE::2026-08-04.21:19:06::SCWPlatform::DSA given D:/Work/projects/zybo_z7_projects/DD_RF/vitis/RFsender_platform/hw/rfsender.xsa
TRACE::2026-08-04.21:19:06::SCWPlatform::DSA absoulate path D:/Work/projects/zybo_z7_projects/DD_RF/vitis/RFsender_platform/hw/rfsender.xsa
TRACE::2026-08-04.21:19:06::SCWPlatform::DSA directory D:/Work/projects/zybo_z7_projects/DD_RF/vitis/RFsender_platform/hw
TRACE::2026-08-04.21:19:06::SCWPlatform:: Platform Path D:/Work/projects/zybo_z7_projects/DD_RF/vitis/RFsender_platform/hw/rfsender.xsa
TRACE::2026-08-04.21:19:06::SCWPlatform:: Unique name xilinx:zybo-z7-10::0.0
TRACE::2026-08-04.21:19:06::SCWPlatform::Trying to set the existing hwdb with name topSystem
TRACE::2026-08-04.21:19:06::SCWPlatform::Opened existing hwdb topSystem
TRACE::2026-08-04.21:19:06::SCWPlatform::Found the Hw Db part of the input DSA
TRACE::2026-08-04.21:19:06::SCWMssOS::Checking the sw design at  D:/Work/projects/zybo_z7_projects/DD_RF/vitis/RFsender_platform/zynq_fsbl/zynq_fsbl_bsp/system.mss
TRACE::2026-08-04.21:19:06::SCWMssOS::DEBUG:  swdes dump  D:/Work/projects/zybo_z7_projects/DD_RF/vitis/RFsender_platform/zynq_fsbl/zynq_fsbl_bsp/system.mss|system||

TRACE::2026-08-04.21:19:06::SCWMssOS::Sw design exists and opened at  D:/Work/projects/zybo_z7_projects/DD_RF/vitis/RFsender_platform/zynq_fsbl/zynq_fsbl_bsp/system.mss
TRACE::2026-08-04.21:19:06::SCWReader::No isolation master present  
TRACE::2026-08-04.21:19:06::SCWDomain::checking for install qemu data   : 
TRACE::2026-08-04.21:19:06::SCWDomain:: Using the QEMU Data from install at  : D:/Applications/Xilinx/Vitis/2024.2/data/emulation/platforms/zynq/sw/a9_standalone/qemu/
TRACE::2026-08-04.21:19:06::SCWDomain:: Using the QEMU args  from install at  : D:/Applications/Xilinx/Vitis/2024.2/data/emulation/platforms/zynq/sw/a9_standalone/qemu/qemu_args.txt
TRACE::2026-08-04.21:19:06::SCWPlatform::Trying to open the hw design at D:/Work/projects/zybo_z7_projects/DD_RF/vitis/RFsender_platform/hw/rfsender.xsa
TRACE::2026-08-04.21:19:06::SCWPlatform::DSA given D:/Work/projects/zybo_z7_projects/DD_RF/vitis/RFsender_platform/hw/rfsender.xsa
TRACE::2026-08-04.21:19:06::SCWPlatform::DSA absoulate path D:/Work/projects/zybo_z7_projects/DD_RF/vitis/RFsender_platform/hw/rfsender.xsa
TRACE::2026-08-04.21:19:06::SCWPlatform::DSA directory D:/Work/projects/zybo_z7_projects/DD_RF/vitis/RFsender_platform/hw
TRACE::2026-08-04.21:19:06::SCWPlatform:: Platform Path D:/Work/projects/zybo_z7_projects/DD_RF/vitis/RFsender_platform/hw/rfsender.xsa
TRACE::2026-08-04.21:19:06::SCWPlatform:: Unique name xilinx:zybo-z7-10::0.0
TRACE::2026-08-04.21:19:06::SCWPlatform::Trying to set the existing hwdb with name topSystem
TRACE::2026-08-04.21:19:06::SCWPlatform::Opened existing hwdb topSystem
TRACE::2026-08-04.21:19:06::SCWPlatform::Found the Hw Db part of the input DSA
TRACE::2026-08-04.21:19:06::SCWPlatform::Trying to open the hw design at D:/Work/projects/zybo_z7_projects/DD_RF/vitis/RFsender_platform/hw/rfsender.xsa
TRACE::2026-08-04.21:19:06::SCWPlatform::DSA given D:/Work/projects/zybo_z7_projects/DD_RF/vitis/RFsender_platform/hw/rfsender.xsa
TRACE::2026-08-04.21:19:06::SCWPlatform::DSA absoulate path D:/Work/projects/zybo_z7_projects/DD_RF/vitis/RFsender_platform/hw/rfsender.xsa
TRACE::2026-08-04.21:19:06::SCWPlatform::DSA directory D:/Work/projects/zybo_z7_projects/DD_RF/vitis/RFsender_platform/hw
TRACE::2026-08-04.21:19:06::SCWPlatform:: Platform Path D:/Work/projects/zybo_z7_projects/DD_RF/vitis/RFsender_platform/hw/rfsender.xsa
TRACE::2026-08-04.21:19:06::SCWPlatform:: Unique name xilinx:zybo-z7-10::0.0
TRACE::2026-08-04.21:19:06::SCWPlatform::Trying to set the existing hwdb with name topSystem
TRACE::2026-08-04.21:19:06::SCWPlatform::Opened existing hwdb topSystem
TRACE::2026-08-04.21:19:06::SCWPlatform::Found the Hw Db part of the input DSA
TRACE::2026-08-04.21:19:06::SCWPlatform::Trying to open the hw design at D:/Work/projects/zybo_z7_projects/DD_RF/vitis/RFsender_platform/hw/rfsender.xsa
TRACE::2026-08-04.21:19:06::SCWPlatform::DSA given D:/Work/projects/zybo_z7_projects/DD_RF/vitis/RFsender_platform/hw/rfsender.xsa
TRACE::2026-08-04.21:19:06::SCWPlatform::DSA absoulate path D:/Work/projects/zybo_z7_projects/DD_RF/vitis/RFsender_platform/hw/rfsender.xsa
TRACE::2026-08-04.21:19:06::SCWPlatform::DSA directory D:/Work/projects/zybo_z7_projects/DD_RF/vitis/RFsender_platform/hw
TRACE::2026-08-04.21:19:06::SCWPlatform:: Platform Path D:/Work/projects/zybo_z7_projects/DD_RF/vitis/RFsender_platform/hw/rfsender.xsa
TRACE::2026-08-04.21:19:06::SCWPlatform:: Unique name xilinx:zybo-z7-10::0.0
TRACE::2026-08-04.21:19:06::SCWPlatform::Trying to set the existing hwdb with name topSystem
TRACE::2026-08-04.21:19:06::SCWPlatform::Opened existing hwdb topSystem
TRACE::2026-08-04.21:19:06::SCWPlatform::Found the Hw Db part of the input DSA
TRACE::2026-08-04.21:19:06::SCWMssOS::Checking the sw design at  D:/Work/projects/zybo_z7_projects/DD_RF/vitis/RFsender_platform/ps7_cortexa9_0/standalone_domain/bsp/system.mss
TRACE::2026-08-04.21:19:06::SCWMssOS::DEBUG:  swdes dump  D:/Work/projects/zybo_z7_projects/DD_RF/vitis/RFsender_platform/zynq_fsbl/zynq_fsbl_bsp/system.mss|system||

TRACE::2026-08-04.21:19:06::SCWMssOS::No sw design opened at  D:/Work/projects/zybo_z7_projects/DD_RF/vitis/RFsender_platform/ps7_cortexa9_0/standalone_domain/bsp/system.mss
TRACE::2026-08-04.21:19:06::SCWMssOS::mss exists loading the mss file  D:/Work/projects/zybo_z7_projects/DD_RF/vitis/RFsender_platform/ps7_cortexa9_0/standalone_domain/bsp/system.mss
TRACE::2026-08-04.21:19:06::SCWMssOS::Opened the sw design from mss  D:/Work/projects/zybo_z7_projects/DD_RF/vitis/RFsender_platform/ps7_cortexa9_0/standalone_domain/bsp/system.mss
TRACE::2026-08-04.21:19:06::SCWMssOS::Adding the swdes entry D:/Work/projects/zybo_z7_projects/DD_RF/vitis/RFsender_platform/ps7_cortexa9_0/standalone_domain/bsp/system.mss with des name system_0
TRACE::2026-08-04.21:19:06::SCWMssOS::updating the scw layer about changes
TRACE::2026-08-04.21:19:06::SCWMssOS::Opened the sw design.  D:/Work/projects/zybo_z7_projects/DD_RF/vitis/RFsender_platform/ps7_cortexa9_0/standalone_domain/bsp/system.mss
TRACE::2026-08-04.21:19:06::SCWPlatform::Trying to open the hw design at D:/Work/projects/zybo_z7_projects/DD_RF/vitis/RFsender_platform/hw/rfsender.xsa
TRACE::2026-08-04.21:19:06::SCWPlatform::DSA given D:/Work/projects/zybo_z7_projects/DD_RF/vitis/RFsender_platform/hw/rfsender.xsa
TRACE::2026-08-04.21:19:06::SCWPlatform::DSA absoulate path D:/Work/projects/zybo_z7_projects/DD_RF/vitis/RFsender_platform/hw/rfsender.xsa
TRACE::2026-08-04.21:19:06::SCWPlatform::DSA directory D:/Work/projects/zybo_z7_projects/DD_RF/vitis/RFsender_platform/hw
TRACE::2026-08-04.21:19:06::SCWPlatform:: Platform Path D:/Work/projects/zybo_z7_projects/DD_RF/vitis/RFsender_platform/hw/rfsender.xsa
TRACE::2026-08-04.21:19:06::SCWPlatform:: Unique name xilinx:zybo-z7-10::0.0
TRACE::2026-08-04.21:19:06::SCWPlatform::Trying to set the existing hwdb with name topSystem
TRACE::2026-08-04.21:19:06::SCWPlatform::Opened existing hwdb topSystem
TRACE::2026-08-04.21:19:06::SCWPlatform::Found the Hw Db part of the input DSA
TRACE::2026-08-04.21:19:06::SCWMssOS::Checking the sw design at  D:/Work/projects/zybo_z7_projects/DD_RF/vitis/RFsender_platform/ps7_cortexa9_0/standalone_domain/bsp/system.mss
TRACE::2026-08-04.21:19:06::SCWMssOS::DEBUG:  swdes dump  D:/Work/projects/zybo_z7_projects/DD_RF/vitis/RFsender_platform/ps7_cortexa9_0/standalone_domain/bsp/system.mss|system_0||
D:/Work/projects/zybo_z7_projects/DD_RF/vitis/RFsender_platform/zynq_fsbl/zynq_fsbl_bsp/system.mss|system||

TRACE::2026-08-04.21:19:06::SCWMssOS::Sw design exists and opened at  D:/Work/projects/zybo_z7_projects/DD_RF/vitis/RFsender_platform/ps7_cortexa9_0/standalone_domain/bsp/system.mss
TRACE::2026-08-04.21:19:06::SCWMssOS:: library already available in sw design:  xilffs:5.3
TRACE::2026-08-04.21:19:06::SCWMssOS::Saving the mss changes D:/Work/projects/zybo_z7_projects/DD_RF/vitis/RFsender_platform/ps7_cortexa9_0/standalone_domain/bsp/system.mss
TRACE::2026-08-04.21:19:06::SCWMssOS::Found a swdesign opened with the mssfile.
TRACE::2026-08-04.21:19:06::SCWMssOS::Completed writemss as part of save.
TRACE::2026-08-04.21:19:06::SCWMssOS::Commit changes completed.
TRACE::2026-08-04.21:19:06::SCWReader::Adding prebuilt librarypaths as   
TRACE::2026-08-04.21:19:06::SCWReader::Adding prebuilt incpaths  as   
TRACE::2026-08-04.21:19:06::SCWPlatform::Trying to open the hw design at D:/Work/projects/zybo_z7_projects/DD_RF/vitis/RFsender_platform/hw/rfsender.xsa
TRACE::2026-08-04.21:19:06::SCWPlatform::DSA given D:/Work/projects/zybo_z7_projects/DD_RF/vitis/RFsender_platform/hw/rfsender.xsa
TRACE::2026-08-04.21:19:06::SCWPlatform::DSA absoulate path D:/Work/projects/zybo_z7_projects/DD_RF/vitis/RFsender_platform/hw/rfsender.xsa
TRACE::2026-08-04.21:19:06::SCWPlatform::DSA directory D:/Work/projects/zybo_z7_projects/DD_RF/vitis/RFsender_platform/hw
TRACE::2026-08-04.21:19:06::SCWPlatform:: Platform Path D:/Work/projects/zybo_z7_projects/DD_RF/vitis/RFsender_platform/hw/rfsender.xsa
TRACE::2026-08-04.21:19:06::SCWPlatform:: Unique name xilinx:zybo-z7-10::0.0
TRACE::2026-08-04.21:19:06::SCWPlatform::Trying to set the existing hwdb with name topSystem
TRACE::2026-08-04.21:19:06::SCWPlatform::Opened existing hwdb topSystem
TRACE::2026-08-04.21:19:06::SCWPlatform::Found the Hw Db part of the input DSA
TRACE::2026-08-04.21:19:06::SCWMssOS::Checking the sw design at  D:/Work/projects/zybo_z7_projects/DD_RF/vitis/RFsender_platform/ps7_cortexa9_0/standalone_domain/bsp/system.mss
TRACE::2026-08-04.21:19:06::SCWMssOS::DEBUG:  swdes dump  D:/Work/projects/zybo_z7_projects/DD_RF/vitis/RFsender_platform/ps7_cortexa9_0/standalone_domain/bsp/system.mss|system_0||
D:/Work/projects/zybo_z7_projects/DD_RF/vitis/RFsender_platform/zynq_fsbl/zynq_fsbl_bsp/system.mss|system||

TRACE::2026-08-04.21:19:06::SCWMssOS::Sw design exists and opened at  D:/Work/projects/zybo_z7_projects/DD_RF/vitis/RFsender_platform/ps7_cortexa9_0/standalone_domain/bsp/system.mss
TRACE::2026-08-04.21:19:06::SCWReader::No isolation master present  
TRACE::2026-08-04.21:19:13::SCWPlatform::DSA given D:/Work/projects/zybo_z7_projects/DD_RF/vitis/RFsender_platform/tempdsa/onlySender.xsa
TRACE::2026-08-04.21:19:13::SCWPlatform::DSA absoulate path D:/Work/projects/zybo_z7_projects/DD_RF/vitis/RFsender_platform/tempdsa/onlySender.xsa
TRACE::2026-08-04.21:19:13::SCWPlatform:: Platform location is D:/Work/projects/zybo_z7_projects/DD_RF/vitis/RFsender_platform/tempdsa
TRACE::2026-08-04.21:19:13::SCWPlatform:: Platform Path D:/Work/projects/zybo_z7_projects/DD_RF/vitis/RFsender_platform/tempdsa/onlySender.xsa
TRACE::2026-08-04.21:19:13::SCWPlatform:: Unique name xilinx:zybo-z7-10::0.0
TRACE::2026-08-04.21:19:15::SCWPlatform::Found the Hw Db part of the input DSA
TRACE::2026-08-04.21:19:15::SCWMssOS::Doing hw sync for the mss in domain: zynq_fsbl
TRACE::2026-08-04.21:19:15::SCWPlatform::Trying to open the hw design at D:/Work/projects/zybo_z7_projects/DD_RF/vitis/RFsender_platform/hw/rfsender.xsa
TRACE::2026-08-04.21:19:15::SCWPlatform::DSA given D:/Work/projects/zybo_z7_projects/DD_RF/vitis/RFsender_platform/hw/rfsender.xsa
TRACE::2026-08-04.21:19:15::SCWPlatform::DSA absoulate path D:/Work/projects/zybo_z7_projects/DD_RF/vitis/RFsender_platform/hw/rfsender.xsa
TRACE::2026-08-04.21:19:15::SCWPlatform::DSA directory D:/Work/projects/zybo_z7_projects/DD_RF/vitis/RFsender_platform/hw
TRACE::2026-08-04.21:19:15::SCWPlatform:: Platform Path D:/Work/projects/zybo_z7_projects/DD_RF/vitis/RFsender_platform/hw/rfsender.xsa
TRACE::2026-08-04.21:19:15::SCWPlatform:: Unique name xilinx:zybo-z7-10::0.0
TRACE::2026-08-04.21:19:15::SCWPlatform::Trying to set the existing hwdb with name topSystem
TRACE::2026-08-04.21:19:15::SCWPlatform::Opened existing hwdb topSystem
TRACE::2026-08-04.21:19:15::SCWPlatform::Found the Hw Db part of the input DSA
TRACE::2026-08-04.21:19:15::SCWPlatform::Trying to open the hw design at D:/Work/projects/zybo_z7_projects/DD_RF/vitis/RFsender_platform/hw/rfsender.xsa
TRACE::2026-08-04.21:19:15::SCWPlatform::DSA given D:/Work/projects/zybo_z7_projects/DD_RF/vitis/RFsender_platform/hw/rfsender.xsa
TRACE::2026-08-04.21:19:15::SCWPlatform::DSA absoulate path D:/Work/projects/zybo_z7_projects/DD_RF/vitis/RFsender_platform/hw/rfsender.xsa
TRACE::2026-08-04.21:19:15::SCWPlatform::DSA directory D:/Work/projects/zybo_z7_projects/DD_RF/vitis/RFsender_platform/hw
TRACE::2026-08-04.21:19:15::SCWPlatform:: Platform Path D:/Work/projects/zybo_z7_projects/DD_RF/vitis/RFsender_platform/hw/rfsender.xsa
TRACE::2026-08-04.21:19:15::SCWPlatform:: Unique name xilinx:zybo-z7-10::0.0
TRACE::2026-08-04.21:19:15::SCWPlatform::Trying to set the existing hwdb with name topSystem
TRACE::2026-08-04.21:19:15::SCWPlatform::Opened existing hwdb topSystem
TRACE::2026-08-04.21:19:15::SCWPlatform::Found the Hw Db part of the input DSA
TRACE::2026-08-04.21:19:15::SCWMssOS::Checking the sw design at  D:/Work/projects/zybo_z7_projects/DD_RF/vitis/RFsender_platform/zynq_fsbl/zynq_fsbl_bsp/system.mss
TRACE::2026-08-04.21:19:15::SCWMssOS::DEBUG:  swdes dump  D:/Work/projects/zybo_z7_projects/DD_RF/vitis/RFsender_platform/ps7_cortexa9_0/standalone_domain/bsp/system.mss|system_0||
D:/Work/projects/zybo_z7_projects/DD_RF/vitis/RFsender_platform/zynq_fsbl/zynq_fsbl_bsp/system.mss|system||

TRACE::2026-08-04.21:19:15::SCWMssOS::Sw design exists and opened at  D:/Work/projects/zybo_z7_projects/DD_RF/vitis/RFsender_platform/zynq_fsbl/zynq_fsbl_bsp/system.mss
TRACE::2026-08-04.21:19:15::SCWPlatform::Trying to open the hw design at D:/Work/projects/zybo_z7_projects/DD_RF/vitis/RFsender_platform/tempdsa/onlySender.xsa
TRACE::2026-08-04.21:19:15::SCWPlatform::DSA given D:/Work/projects/zybo_z7_projects/DD_RF/vitis/RFsender_platform/tempdsa/onlySender.xsa
TRACE::2026-08-04.21:19:15::SCWPlatform::DSA absoulate path D:/Work/projects/zybo_z7_projects/DD_RF/vitis/RFsender_platform/tempdsa/onlySender.xsa
TRACE::2026-08-04.21:19:15::SCWPlatform::DSA directory D:/Work/projects/zybo_z7_projects/DD_RF/vitis/RFsender_platform/tempdsa
TRACE::2026-08-04.21:19:15::SCWPlatform:: Platform Path D:/Work/projects/zybo_z7_projects/DD_RF/vitis/RFsender_platform/tempdsa/onlySender.xsa
TRACE::2026-08-04.21:19:15::SCWPlatform:: Unique name xilinx:zybo-z7-10::0.0
TRACE::2026-08-04.21:19:15::SCWPlatform::update - Opened existing hwdb topSystem_0
TRACE::2026-08-04.21:19:15::SCWPlatform::Found the Hw Db part of the input DSA
TRACE::2026-08-04.21:19:15::SCWMssOS::Doing hw sync for the mss in domain: standalone_domain
TRACE::2026-08-04.21:19:15::SCWPlatform::Trying to open the hw design at D:/Work/projects/zybo_z7_projects/DD_RF/vitis/RFsender_platform/hw/rfsender.xsa
TRACE::2026-08-04.21:19:15::SCWPlatform::DSA given D:/Work/projects/zybo_z7_projects/DD_RF/vitis/RFsender_platform/hw/rfsender.xsa
TRACE::2026-08-04.21:19:15::SCWPlatform::DSA absoulate path D:/Work/projects/zybo_z7_projects/DD_RF/vitis/RFsender_platform/hw/rfsender.xsa
TRACE::2026-08-04.21:19:15::SCWPlatform::DSA directory D:/Work/projects/zybo_z7_projects/DD_RF/vitis/RFsender_platform/hw
TRACE::2026-08-04.21:19:15::SCWPlatform:: Platform Path D:/Work/projects/zybo_z7_projects/DD_RF/vitis/RFsender_platform/hw/rfsender.xsa
TRACE::2026-08-04.21:19:15::SCWPlatform:: Unique name xilinx:zybo-z7-10::0.0
TRACE::2026-08-04.21:19:15::SCWPlatform::Trying to set the existing hwdb with name topSystem
TRACE::2026-08-04.21:19:15::SCWPlatform::Opened existing hwdb topSystem
TRACE::2026-08-04.21:19:15::SCWPlatform::Found the Hw Db part of the input DSA
TRACE::2026-08-04.21:19:15::SCWPlatform::Trying to open the hw design at D:/Work/projects/zybo_z7_projects/DD_RF/vitis/RFsender_platform/hw/rfsender.xsa
TRACE::2026-08-04.21:19:15::SCWPlatform::DSA given D:/Work/projects/zybo_z7_projects/DD_RF/vitis/RFsender_platform/hw/rfsender.xsa
TRACE::2026-08-04.21:19:15::SCWPlatform::DSA absoulate path D:/Work/projects/zybo_z7_projects/DD_RF/vitis/RFsender_platform/hw/rfsender.xsa
TRACE::2026-08-04.21:19:15::SCWPlatform::DSA directory D:/Work/projects/zybo_z7_projects/DD_RF/vitis/RFsender_platform/hw
TRACE::2026-08-04.21:19:15::SCWPlatform:: Platform Path D:/Work/projects/zybo_z7_projects/DD_RF/vitis/RFsender_platform/hw/rfsender.xsa
TRACE::2026-08-04.21:19:15::SCWPlatform:: Unique name xilinx:zybo-z7-10::0.0
TRACE::2026-08-04.21:19:15::SCWPlatform::Trying to set the existing hwdb with name topSystem
TRACE::2026-08-04.21:19:15::SCWPlatform::Opened existing hwdb topSystem
TRACE::2026-08-04.21:19:15::SCWPlatform::Found the Hw Db part of the input DSA
TRACE::2026-08-04.21:19:15::SCWMssOS::Checking the sw design at  D:/Work/projects/zybo_z7_projects/DD_RF/vitis/RFsender_platform/ps7_cortexa9_0/standalone_domain/bsp/system.mss
TRACE::2026-08-04.21:19:15::SCWMssOS::DEBUG:  swdes dump  D:/Work/projects/zybo_z7_projects/DD_RF/vitis/RFsender_platform/ps7_cortexa9_0/standalone_domain/bsp/system.mss|system_0||
D:/Work/projects/zybo_z7_projects/DD_RF/vitis/RFsender_platform/zynq_fsbl/zynq_fsbl_bsp/system.mss|system||

TRACE::2026-08-04.21:19:15::SCWMssOS::Sw design exists and opened at  D:/Work/projects/zybo_z7_projects/DD_RF/vitis/RFsender_platform/ps7_cortexa9_0/standalone_domain/bsp/system.mss
TRACE::2026-08-04.21:19:15::SCWPlatform::Trying to open the hw design at D:/Work/projects/zybo_z7_projects/DD_RF/vitis/RFsender_platform/tempdsa/onlySender.xsa
TRACE::2026-08-04.21:19:15::SCWPlatform::DSA given D:/Work/projects/zybo_z7_projects/DD_RF/vitis/RFsender_platform/tempdsa/onlySender.xsa
TRACE::2026-08-04.21:19:15::SCWPlatform::DSA absoulate path D:/Work/projects/zybo_z7_projects/DD_RF/vitis/RFsender_platform/tempdsa/onlySender.xsa
TRACE::2026-08-04.21:19:15::SCWPlatform::DSA directory D:/Work/projects/zybo_z7_projects/DD_RF/vitis/RFsender_platform/tempdsa
TRACE::2026-08-04.21:19:15::SCWPlatform:: Platform Path D:/Work/projects/zybo_z7_projects/DD_RF/vitis/RFsender_platform/tempdsa/onlySender.xsa
TRACE::2026-08-04.21:19:15::SCWPlatform:: Unique name xilinx:zybo-z7-10::0.0
TRACE::2026-08-04.21:19:15::SCWPlatform::update - Opened existing hwdb topSystem_0
TRACE::2026-08-04.21:19:15::SCWPlatform::Found the Hw Db part of the input DSA
TRACE::2026-08-04.21:19:15::SCWMssOS::Saving the mss changes D:/Work/projects/zybo_z7_projects/DD_RF/vitis/RFsender_platform/zynq_fsbl/zynq_fsbl_bsp/system.mss
TRACE::2026-08-04.21:19:15::SCWMssOS::Found a swdesign opened with the mssfile.
TRACE::2026-08-04.21:19:15::SCWMssOS::Completed writemss as part of save.
TRACE::2026-08-04.21:19:15::SCWMssOS::Commit changes completed.
TRACE::2026-08-04.21:19:15::SCWMssOS::Completed hw sync for the mss in domain: zynq_fsbl
TRACE::2026-08-04.21:19:15::SCWMssOS::Removing the swdes entry for  D:/Work/projects/zybo_z7_projects/DD_RF/vitis/RFsender_platform/zynq_fsbl/zynq_fsbl_bsp/system.mss
TRACE::2026-08-04.21:19:15::SCWMssOS::Saving the mss changes D:/Work/projects/zybo_z7_projects/DD_RF/vitis/RFsender_platform/ps7_cortexa9_0/standalone_domain/bsp/system.mss
TRACE::2026-08-04.21:19:15::SCWMssOS::Found a swdesign opened with the mssfile.
TRACE::2026-08-04.21:19:15::SCWMssOS::Completed writemss as part of save.
TRACE::2026-08-04.21:19:15::SCWMssOS::Commit changes completed.
TRACE::2026-08-04.21:19:15::SCWMssOS::Completed hw sync for the mss in domain: standalone_domain
TRACE::2026-08-04.21:19:15::SCWMssOS::Removing the swdes entry for  D:/Work/projects/zybo_z7_projects/DD_RF/vitis/RFsender_platform/ps7_cortexa9_0/standalone_domain/bsp/system.mss
TRACE::2026-08-04.21:19:15::SCWPlatform::Trying to open the hw design at D:/Work/projects/zybo_z7_projects/DD_RF/vitis/RFsender_platform/hw/onlySender.xsa
TRACE::2026-08-04.21:19:15::SCWPlatform::DSA given D:/Work/projects/zybo_z7_projects/DD_RF/vitis/RFsender_platform/hw/onlySender.xsa
TRACE::2026-08-04.21:19:15::SCWPlatform::DSA absoulate path D:/Work/projects/zybo_z7_projects/DD_RF/vitis/RFsender_platform/hw/onlySender.xsa
TRACE::2026-08-04.21:19:15::SCWPlatform::DSA directory D:/Work/projects/zybo_z7_projects/DD_RF/vitis/RFsender_platform/hw
TRACE::2026-08-04.21:19:15::SCWPlatform:: Platform Path D:/Work/projects/zybo_z7_projects/DD_RF/vitis/RFsender_platform/hw/onlySender.xsa
TRACE::2026-08-04.21:19:15::SCWPlatform:: Unique name xilinx:zybo-z7-10::0.0
TRACE::2026-08-04.21:19:15::SCWPlatform::Do not have an existing db opened. 
TRACE::2026-08-04.21:19:16::SCWPlatform::Opened new HwDB with name topSystem_1
TRACE::2026-08-04.21:19:16::SCWMssOS::Saving the mss changes D:/Work/projects/zybo_z7_projects/DD_RF/vitis/RFsender_platform/zynq_fsbl/zynq_fsbl_bsp/system.mss
TRACE::2026-08-04.21:19:16::SCWMssOS::Adding the swdes entry, mss present, able to open swdb D:/Work/projects/zybo_z7_projects/DD_RF/vitis/RFsender_platform/zynq_fsbl/zynq_fsbl_bsp/system.mss with des name system
TRACE::2026-08-04.21:19:16::SCWMssOS::Writing the mss file completed D:/Work/projects/zybo_z7_projects/DD_RF/vitis/RFsender_platform/zynq_fsbl/zynq_fsbl_bsp/system.mss
TRACE::2026-08-04.21:19:16::SCWMssOS::Commit changes completed.
TRACE::2026-08-04.21:19:16::SCWMssOS::Saving the mss changes D:/Work/projects/zybo_z7_projects/DD_RF/vitis/RFsender_platform/ps7_cortexa9_0/standalone_domain/bsp/system.mss
TRACE::2026-08-04.21:19:16::SCWMssOS::Adding the swdes entry, mss present, able to open swdb D:/Work/projects/zybo_z7_projects/DD_RF/vitis/RFsender_platform/ps7_cortexa9_0/standalone_domain/bsp/system.mss with des name system_0
TRACE::2026-08-04.21:19:16::SCWMssOS::Writing the mss file completed D:/Work/projects/zybo_z7_projects/DD_RF/vitis/RFsender_platform/ps7_cortexa9_0/standalone_domain/bsp/system.mss
TRACE::2026-08-04.21:19:16::SCWMssOS::Commit changes completed.
TRACE::2026-08-04.21:19:16::SCWPlatform::Trying to open the hw design at D:/Work/projects/zybo_z7_projects/DD_RF/vitis/RFsender_platform/hw/onlySender.xsa
TRACE::2026-08-04.21:19:16::SCWPlatform::DSA given D:/Work/projects/zybo_z7_projects/DD_RF/vitis/RFsender_platform/hw/onlySender.xsa
TRACE::2026-08-04.21:19:16::SCWPlatform::DSA absoulate path D:/Work/projects/zybo_z7_projects/DD_RF/vitis/RFsender_platform/hw/onlySender.xsa
TRACE::2026-08-04.21:19:16::SCWPlatform::DSA directory D:/Work/projects/zybo_z7_projects/DD_RF/vitis/RFsender_platform/hw
TRACE::2026-08-04.21:19:16::SCWPlatform:: Platform Path D:/Work/projects/zybo_z7_projects/DD_RF/vitis/RFsender_platform/hw/onlySender.xsa
TRACE::2026-08-04.21:19:16::SCWPlatform:: Unique name xilinx:zybo-z7-10::0.0
TRACE::2026-08-04.21:19:16::SCWPlatform::Trying to set the existing hwdb with name topSystem_1
TRACE::2026-08-04.21:19:16::SCWPlatform::Opened existing hwdb topSystem_1
TRACE::2026-08-04.21:19:16::SCWPlatform::Found the Hw Db part of the input DSA
TRACE::2026-08-04.21:19:16::SCWMssOS::Checking the sw design at  D:/Work/projects/zybo_z7_projects/DD_RF/vitis/RFsender_platform/zynq_fsbl/zynq_fsbl_bsp/system.mss
TRACE::2026-08-04.21:19:16::SCWMssOS::DEBUG:  swdes dump  D:/Work/projects/zybo_z7_projects/DD_RF/vitis/RFsender_platform/ps7_cortexa9_0/standalone_domain/bsp/system.mss|system_0||
D:/Work/projects/zybo_z7_projects/DD_RF/vitis/RFsender_platform/zynq_fsbl/zynq_fsbl_bsp/system.mss|system||

TRACE::2026-08-04.21:19:16::SCWMssOS::Sw design exists and opened at  D:/Work/projects/zybo_z7_projects/DD_RF/vitis/RFsender_platform/zynq_fsbl/zynq_fsbl_bsp/system.mss
TRACE::2026-08-04.21:19:16::SCWPlatform::Trying to open the hw design at D:/Work/projects/zybo_z7_projects/DD_RF/vitis/RFsender_platform/hw/onlySender.xsa
TRACE::2026-08-04.21:19:16::SCWPlatform::DSA given D:/Work/projects/zybo_z7_projects/DD_RF/vitis/RFsender_platform/hw/onlySender.xsa
TRACE::2026-08-04.21:19:16::SCWPlatform::DSA absoulate path D:/Work/projects/zybo_z7_projects/DD_RF/vitis/RFsender_platform/hw/onlySender.xsa
TRACE::2026-08-04.21:19:16::SCWPlatform::DSA directory D:/Work/projects/zybo_z7_projects/DD_RF/vitis/RFsender_platform/hw
TRACE::2026-08-04.21:19:16::SCWPlatform:: Platform Path D:/Work/projects/zybo_z7_projects/DD_RF/vitis/RFsender_platform/hw/onlySender.xsa
TRACE::2026-08-04.21:19:16::SCWPlatform:: Unique name xilinx:zybo-z7-10::0.0
TRACE::2026-08-04.21:19:16::SCWPlatform::Trying to set the existing hwdb with name topSystem_1
TRACE::2026-08-04.21:19:16::SCWPlatform::Opened existing hwdb topSystem_1
TRACE::2026-08-04.21:19:16::SCWPlatform::Found the Hw Db part of the input DSA
TRACE::2026-08-04.21:19:16::SCWMssOS::Checking the sw design at  D:/Work/projects/zybo_z7_projects/DD_RF/vitis/RFsender_platform/ps7_cortexa9_0/standalone_domain/bsp/system.mss
TRACE::2026-08-04.21:19:16::SCWMssOS::DEBUG:  swdes dump  D:/Work/projects/zybo_z7_projects/DD_RF/vitis/RFsender_platform/ps7_cortexa9_0/standalone_domain/bsp/system.mss|system_0||
D:/Work/projects/zybo_z7_projects/DD_RF/vitis/RFsender_platform/zynq_fsbl/zynq_fsbl_bsp/system.mss|system||

TRACE::2026-08-04.21:19:16::SCWMssOS::Sw design exists and opened at  D:/Work/projects/zybo_z7_projects/DD_RF/vitis/RFsender_platform/ps7_cortexa9_0/standalone_domain/bsp/system.mss
TRACE::2026-08-04.21:19:16::SCWWriter::formatted JSON is {
	"platformName":	"RFsender_platform",
	"sprVersion":	"2.0",
	"mode":	"gui",
	"dsaType":	"Fixed",
	"platformDesc":	"RFsender_platform",
	"platHandOff":	"D:/Work/projects/zybo_z7_projects/DD_RF/vivado/project_1/onlySender.xsa",
	"platIntHandOff":	"<platformDir>/hw/onlySender.xsa",
	"deviceType":	"zynq",
	"platIsPrebuiltAutogen":	"false",
	"platIsNoBootBsp":	"false",
	"hasFsblMakeHasChanges":	"false",
	"hasPmufwMakeHasChanges":	"false",
	"fsblExtraCompilerFlags":	"-MMD -MP       -mcpu=cortex-a9 -mfpu=vfpv3 -mfloat-abi=hard ",
	"platPreBuiltFlag":	false,
	"platformSamplesDir":	"",
	"platActiveSys":	"RFsender_platform",
	"systems":	[{
			"systemName":	"RFsender_platform",
			"systemDesc":	"RFsender_platform",
			"sysIsBootAutoGen":	"true",
			"systemDispName":	"RFsender_platform",
			"sysActiveDom":	"standalone_domain",
			"sysDefaultDom":	"standalone_domain",
			"domains":	[{
					"domainName":	"zynq_fsbl",
					"domainDispName":	"zynq_fsbl",
					"domainDesc":	"FSBL Application BSP - Auto Generated.",
					"processors":	"ps7_cortexa9_0",
					"os":	"standalone",
					"sdxOs":	"standalone",
					"debugEnable":	"",
					"domRuntimes":	["cpp"],
					"swRepo":	"",
					"mssOsVer":	"9.2",
					"mssFile":	"",
					"md5Digest":	"30215168a6860ec346c5df07b875ca911",
					"compatibleApp":	"zynq_fsbl",
					"domType":	"bootDomain",
					"arch":	"32-bit",
					"appSettings":	{
						"appCompilerFlags":	"",
						"appLinkerFlags":	""
					},
					"addedLibs":	["xilffs:5.3", "xilrsa:1.8"],
					"libOptions":	{
						"libsContainingOptions":	[]
					},
					"prebuiltLibs":	{
						"prebuiltIncPath":	[],
						"prebuiltLibPath":	[]
					},
					"isolation":	{
					}
				}, {
					"domainName":	"standalone_domain",
					"domainDispName":	"standalone on ps7_cortexa9_0",
					"domainDesc":	"standalone_domain",
					"processors":	"ps7_cortexa9_0",
					"os":	"standalone",
					"sdxOs":	"standalone",
					"qemuArgs":	"<platformDir>/resources/RFsender_platform/standalone_domain/qemu_args.txt",
					"qemuData":	"<platformDir>/resources/RFsender_platform/standalone_domain/qemu",
					"debugEnable":	"False",
					"domRuntimes":	["cpp"],
					"swRepo":	"",
					"mssOsVer":	"9.2",
					"mssFile":	"",
					"md5Digest":	"cdf1d043c3be5ad3d6f2b109f4a0d1611",
					"compatibleApp":	"",
					"domType":	"mssDomain",
					"appSettings":	{
						"appCompilerFlags":	"",
						"appLinkerFlags":	""
					},
					"addedLibs":	["xilffs:5.3"],
					"libOptions":	{
						"libsContainingOptions":	[]
					},
					"prebuiltLibs":	{
						"prebuiltIncPath":	[],
						"prebuiltLibPath":	[]
					},
					"isolation":	{
					}
				}]
		}]
}
LOG::2026-08-04.21:19:23::SCWPlatform::Started generating the artifacts platform RFsender_platform
TRACE::2026-08-04.21:19:23::SCWPlatform::Sanity checking of platform is completed
LOG::2026-08-04.21:19:24::SCWPlatform::Started generating the artifacts for system configuration RFsender_platform
LOG::2026-08-04.21:19:24::SCWSystem::Checking the domain zynq_fsbl
LOG::2026-08-04.21:19:24::SCWSystem::Doing application build for :  zynq_fsbl
TRACE::2026-08-04.21:19:24::SCWBDomain::Not a forced makefile updation, No changes are present. 
TRACE::2026-08-04.21:19:24::SCWDomain::Skipping the build for domain :  zynq_fsbl
LOG::2026-08-04.21:19:24::SCWSystem::Checking the domain standalone_domain
LOG::2026-08-04.21:19:24::SCWSystem::Not a boot domain 
LOG::2026-08-04.21:19:24::SCWSystem::Started Processing the domain standalone_domain
TRACE::2026-08-04.21:19:24::SCWDomain::Generating domain artifcats
TRACE::2026-08-04.21:19:24::SCWMssOS::Generating standalone artifcats
TRACE::2026-08-04.21:19:24::SCWMssOS::Copying the qemu file from  D:/Work/projects/zybo_z7_projects/DD_RF/vitis/RFsender_platform/resources/RFsender_platform/standalone_domain/qemu_args.txt To D:/Work/projects/zybo_z7_projects/DD_RF/vitis/RFsender_platform/export/RFsender_platform/sw/RFsender_platform/qemu/
TRACE::2026-08-04.21:19:24::SCWMssOS::Copying the qemu file from  D:/Work/projects/zybo_z7_projects/DD_RF/vitis/RFsender_platform/resources/RFsender_platform/standalone_domain/qemu_args.txt To D:/Work/projects/zybo_z7_projects/DD_RF/vitis/RFsender_platform/export/RFsender_platform/sw/RFsender_platform/standalone_domain/qemu/
TRACE::2026-08-04.21:19:24::SCWMssOS:: Copying the user libraries. 
TRACE::2026-08-04.21:19:24::SCWPlatform::Trying to open the hw design at D:/Work/projects/zybo_z7_projects/DD_RF/vitis/RFsender_platform/hw/onlySender.xsa
TRACE::2026-08-04.21:19:24::SCWPlatform::DSA given D:/Work/projects/zybo_z7_projects/DD_RF/vitis/RFsender_platform/hw/onlySender.xsa
TRACE::2026-08-04.21:19:24::SCWPlatform::DSA absoulate path D:/Work/projects/zybo_z7_projects/DD_RF/vitis/RFsender_platform/hw/onlySender.xsa
TRACE::2026-08-04.21:19:24::SCWPlatform::DSA directory D:/Work/projects/zybo_z7_projects/DD_RF/vitis/RFsender_platform/hw
TRACE::2026-08-04.21:19:24::SCWPlatform:: Platform Path D:/Work/projects/zybo_z7_projects/DD_RF/vitis/RFsender_platform/hw/onlySender.xsa
TRACE::2026-08-04.21:19:24::SCWPlatform:: Unique name xilinx:zybo-z7-10::0.0
TRACE::2026-08-04.21:19:24::SCWPlatform::Trying to set the existing hwdb with name topSystem_1
TRACE::2026-08-04.21:19:24::SCWPlatform::Opened existing hwdb topSystem_1
TRACE::2026-08-04.21:19:24::SCWPlatform::Found the Hw Db part of the input DSA
TRACE::2026-08-04.21:19:24::SCWMssOS::Checking the sw design at  D:/Work/projects/zybo_z7_projects/DD_RF/vitis/RFsender_platform/ps7_cortexa9_0/standalone_domain/bsp/system.mss
TRACE::2026-08-04.21:19:24::SCWMssOS::DEBUG:  swdes dump  D:/Work/projects/zybo_z7_projects/DD_RF/vitis/RFsender_platform/ps7_cortexa9_0/standalone_domain/bsp/system.mss|system_0||
D:/Work/projects/zybo_z7_projects/DD_RF/vitis/RFsender_platform/zynq_fsbl/zynq_fsbl_bsp/system.mss|system||

TRACE::2026-08-04.21:19:24::SCWMssOS::Sw design exists and opened at  D:/Work/projects/zybo_z7_projects/DD_RF/vitis/RFsender_platform/ps7_cortexa9_0/standalone_domain/bsp/system.mss
TRACE::2026-08-04.21:19:24::SCWMssOS::Completed writing the mss file at D:/Work/projects/zybo_z7_projects/DD_RF/vitis/RFsender_platform/ps7_cortexa9_0/standalone_domain/bsp
TRACE::2026-08-04.21:19:24::SCWMssOS::Mss edits present, copying mssfile into export location D:/Work/projects/zybo_z7_projects/DD_RF/vitis/RFsender_platform/ps7_cortexa9_0/standalone_domain/bsp/system.mss
TRACE::2026-08-04.21:19:24::SCWMssOS::bsp generated is stale removing and regenerating. 
TRACE::2026-08-04.21:19:27::SCWMssOS::doing bsp build ... 
TRACE::2026-08-04.21:19:27::SCWMssOS::System Command Ran  D: & cd  D:/Work/projects/zybo_z7_projects/DD_RF/vitis/RFsender_platform/ps7_cortexa9_0/standalone_domain/bsp & make 
TRACE::2026-08-04.21:19:28::SCWMssOS::make --no-print-directory seq_libs

TRACE::2026-08-04.21:19:28::SCWMssOS::'Finished building libraries sequentially.'

TRACE::2026-08-04.21:19:28::SCWMssOS::make -j 14 --no-print-directory par_libs

TRACE::2026-08-04.21:19:28::SCWMssOS::"Running Make include in ps7_cortexa9_0/libsrc/coresightps_dcc_v1_11/src"

TRACE::2026-08-04.21:19:29::SCWMssOS::make -C ps7_cortexa9_0/libsrc/coresightps_dcc_v1_11/src -s include  "SHELL=CMD" "COMPILER=arm-none-eabi-gcc" "ASSEMBLER=arm-non
TRACE::2026-08-04.21:19:29::SCWMssOS::e-eabi-as" "ARCHIVER=arm-none-eabi-ar" "COMPILER_FLAGS=  -O2 -c" "EXTRA_COMPILER_FLAGS=-mcpu=cortex-a9 -mfpu=vfpv3 -mfloat-abi=
TRACE::2026-08-04.21:19:29::SCWMssOS::hard -nostartfiles -g -Wall -Wextra -fno-tree-loop-distribute-patterns"

TRACE::2026-08-04.21:19:29::SCWMssOS::"Running Make include in ps7_cortexa9_0/libsrc/cpu_cortexa9_v2_12/src"

TRACE::2026-08-04.21:19:29::SCWMssOS::make -C ps7_cortexa9_0/libsrc/cpu_cortexa9_v2_12/src -s include  "SHELL=CMD" "COMPILER=arm-none-eabi-gcc" "ASSEMBLER=arm-none-e
TRACE::2026-08-04.21:19:29::SCWMssOS::abi-as" "ARCHIVER=arm-none-eabi-ar" "COMPILER_FLAGS=  -O2 -c" "EXTRA_COMPILER_FLAGS=-mcpu=cortex-a9 -mfpu=vfpv3 -mfloat-abi=har
TRACE::2026-08-04.21:19:29::SCWMssOS::d -nostartfiles -g -Wall -Wextra -fno-tree-loop-distribute-patterns"

TRACE::2026-08-04.21:19:29::SCWMssOS::"Running Make include in ps7_cortexa9_0/libsrc/ddrps_v1_2/src"

TRACE::2026-08-04.21:19:29::SCWMssOS::make -C ps7_cortexa9_0/libsrc/ddrps_v1_2/src -s include  "SHELL=CMD" "COMPILER=arm-none-eabi-gcc" "ASSEMBLER=arm-none-eabi-as" 
TRACE::2026-08-04.21:19:29::SCWMssOS::"ARCHIVER=arm-none-eabi-ar" "COMPILER_FLAGS=  -O2 -c" "EXTRA_COMPILER_FLAGS=-mcpu=cortex-a9 -mfpu=vfpv3 -mfloat-abi=hard -nosta
TRACE::2026-08-04.21:19:29::SCWMssOS::rtfiles -g -Wall -Wextra -fno-tree-loop-distribute-patterns"

TRACE::2026-08-04.21:19:29::SCWMssOS::"Running Make include in ps7_cortexa9_0/libsrc/devcfg_v3_8/src"

TRACE::2026-08-04.21:19:29::SCWMssOS::make -C ps7_cortexa9_0/libsrc/devcfg_v3_8/src -s include  "SHELL=CMD" "COMPILER=arm-none-eabi-gcc" "ASSEMBLER=arm-none-eabi-as"
TRACE::2026-08-04.21:19:29::SCWMssOS:: "ARCHIVER=arm-none-eabi-ar" "COMPILER_FLAGS=  -O2 -c" "EXTRA_COMPILER_FLAGS=-mcpu=cortex-a9 -mfpu=vfpv3 -mfloat-abi=hard -nost
TRACE::2026-08-04.21:19:29::SCWMssOS::artfiles -g -Wall -Wextra -fno-tree-loop-distribute-patterns"

TRACE::2026-08-04.21:19:29::SCWMssOS::"Running Make include in ps7_cortexa9_0/libsrc/dmaps_v2_11/src"

TRACE::2026-08-04.21:19:29::SCWMssOS::make -C ps7_cortexa9_0/libsrc/dmaps_v2_11/src -s include  "SHELL=CMD" "COMPILER=arm-none-eabi-gcc" "ASSEMBLER=arm-none-eabi-as"
TRACE::2026-08-04.21:19:29::SCWMssOS:: "ARCHIVER=arm-none-eabi-ar" "COMPILER_FLAGS=  -O2 -c" "EXTRA_COMPILER_FLAGS=-mcpu=cortex-a9 -mfpu=vfpv3 -mfloat-abi=hard -nost
TRACE::2026-08-04.21:19:29::SCWMssOS::artfiles -g -Wall -Wextra -fno-tree-loop-distribute-patterns"

TRACE::2026-08-04.21:19:29::SCWMssOS::"Running Make include in ps7_cortexa9_0/libsrc/emacps_v3_21/src"

TRACE::2026-08-04.21:19:29::SCWMssOS::make -C ps7_cortexa9_0/libsrc/emacps_v3_21/src -s include  "SHELL=CMD" "COMPILER=arm-none-eabi-gcc" "ASSEMBLER=arm-none-eabi-as
TRACE::2026-08-04.21:19:29::SCWMssOS::" "ARCHIVER=arm-none-eabi-ar" "COMPILER_FLAGS=  -O2 -c" "EXTRA_COMPILER_FLAGS=-mcpu=cortex-a9 -mfpu=vfpv3 -mfloat-abi=hard -nos
TRACE::2026-08-04.21:19:29::SCWMssOS::tartfiles -g -Wall -Wextra -fno-tree-loop-distribute-patterns"

TRACE::2026-08-04.21:19:29::SCWMssOS::"Running Make include in ps7_cortexa9_0/libsrc/gpiops_v3_13/src"

TRACE::2026-08-04.21:19:29::SCWMssOS::make -C ps7_cortexa9_0/libsrc/gpiops_v3_13/src -s include  "SHELL=CMD" "COMPILER=arm-none-eabi-gcc" "ASSEMBLER=arm-none-eabi-as
TRACE::2026-08-04.21:19:29::SCWMssOS::" "ARCHIVER=arm-none-eabi-ar" "COMPILER_FLAGS=  -O2 -c" "EXTRA_COMPILER_FLAGS=-mcpu=cortex-a9 -mfpu=vfpv3 -mfloat-abi=hard -nos
TRACE::2026-08-04.21:19:29::SCWMssOS::tartfiles -g -Wall -Wextra -fno-tree-loop-distribute-patterns"

TRACE::2026-08-04.21:19:29::SCWMssOS::"Running Make include in ps7_cortexa9_0/libsrc/qspips_v3_13/src"

TRACE::2026-08-04.21:19:29::SCWMssOS::make -C ps7_cortexa9_0/libsrc/qspips_v3_13/src -s include  "SHELL=CMD" "COMPILER=arm-none-eabi-gcc" "ASSEMBLER=arm-none-eabi-as
TRACE::2026-08-04.21:19:29::SCWMssOS::" "ARCHIVER=arm-none-eabi-ar" "COMPILER_FLAGS=  -O2 -c" "EXTRA_COMPILER_FLAGS=-mcpu=cortex-a9 -mfpu=vfpv3 -mfloat-abi=hard -nos
TRACE::2026-08-04.21:19:29::SCWMssOS::tartfiles -g -Wall -Wextra -fno-tree-loop-distribute-patterns"

TRACE::2026-08-04.21:19:29::SCWMssOS::"Running Make include in ps7_cortexa9_0/libsrc/scugic_v5_4/src"

TRACE::2026-08-04.21:19:29::SCWMssOS::make -C ps7_cortexa9_0/libsrc/scugic_v5_4/src -s include  "SHELL=CMD" "COMPILER=arm-none-eabi-gcc" "ASSEMBLER=arm-none-eabi-as"
TRACE::2026-08-04.21:19:29::SCWMssOS:: "ARCHIVER=arm-none-eabi-ar" "COMPILER_FLAGS=  -O2 -c" "EXTRA_COMPILER_FLAGS=-mcpu=cortex-a9 -mfpu=vfpv3 -mfloat-abi=hard -nost
TRACE::2026-08-04.21:19:29::SCWMssOS::artfiles -g -Wall -Wextra -fno-tree-loop-distribute-patterns"

TRACE::2026-08-04.21:19:29::SCWMssOS::"Running Make include in ps7_cortexa9_0/libsrc/scutimer_v2_6/src"

TRACE::2026-08-04.21:19:29::SCWMssOS::make -C ps7_cortexa9_0/libsrc/scutimer_v2_6/src -s include  "SHELL=CMD" "COMPILER=arm-none-eabi-gcc" "ASSEMBLER=arm-none-eabi-a
TRACE::2026-08-04.21:19:29::SCWMssOS::s" "ARCHIVER=arm-none-eabi-ar" "COMPILER_FLAGS=  -O2 -c" "EXTRA_COMPILER_FLAGS=-mcpu=cortex-a9 -mfpu=vfpv3 -mfloat-abi=hard -no
TRACE::2026-08-04.21:19:29::SCWMssOS::startfiles -g -Wall -Wextra -fno-tree-loop-distribute-patterns"

TRACE::2026-08-04.21:19:29::SCWMssOS::"Running Make include in ps7_cortexa9_0/libsrc/scuwdt_v2_6/src"

TRACE::2026-08-04.21:19:29::SCWMssOS::make -C ps7_cortexa9_0/libsrc/scuwdt_v2_6/src -s include  "SHELL=CMD" "COMPILER=arm-none-eabi-gcc" "ASSEMBLER=arm-none-eabi-as"
TRACE::2026-08-04.21:19:29::SCWMssOS:: "ARCHIVER=arm-none-eabi-ar" "COMPILER_FLAGS=  -O2 -c" "EXTRA_COMPILER_FLAGS=-mcpu=cortex-a9 -mfpu=vfpv3 -mfloat-abi=hard -nost
TRACE::2026-08-04.21:19:29::SCWMssOS::artfiles -g -Wall -Wextra -fno-tree-loop-distribute-patterns"

TRACE::2026-08-04.21:19:29::SCWMssOS::"Running Make include in ps7_cortexa9_0/libsrc/sdps_v4_4/src"

TRACE::2026-08-04.21:19:29::SCWMssOS::make -C ps7_cortexa9_0/libsrc/sdps_v4_4/src -s include  "SHELL=CMD" "COMPILER=arm-none-eabi-gcc" "ASSEMBLER=arm-none-eabi-as" "
TRACE::2026-08-04.21:19:29::SCWMssOS::ARCHIVER=arm-none-eabi-ar" "COMPILER_FLAGS=  -O2 -c" "EXTRA_COMPILER_FLAGS=-mcpu=cortex-a9 -mfpu=vfpv3 -mfloat-abi=hard -nostar
TRACE::2026-08-04.21:19:29::SCWMssOS::tfiles -g -Wall -Wextra -fno-tree-loop-distribute-patterns"

TRACE::2026-08-04.21:19:29::SCWMssOS::"Running Make include in ps7_cortexa9_0/libsrc/standalone_v9_2/src"

TRACE::2026-08-04.21:19:29::SCWMssOS::make -C ps7_cortexa9_0/libsrc/standalone_v9_2/src -s include  "SHELL=CMD" "COMPILER=arm-none-eabi-gcc" "ASSEMBLER=arm-none-eabi
TRACE::2026-08-04.21:19:29::SCWMssOS::-as" "ARCHIVER=arm-none-eabi-ar" "COMPILER_FLAGS=  -O2 -c" "EXTRA_COMPILER_FLAGS=-mcpu=cortex-a9 -mfpu=vfpv3 -mfloat-abi=hard -
TRACE::2026-08-04.21:19:29::SCWMssOS::nostartfiles -g -Wall -Wextra -fno-tree-loop-distribute-patterns"

TRACE::2026-08-04.21:19:29::SCWMssOS::"Running Make include in ps7_cortexa9_0/libsrc/uartps_v3_15/src"

TRACE::2026-08-04.21:19:29::SCWMssOS::make -C ps7_cortexa9_0/libsrc/uartps_v3_15/src -s include  "SHELL=CMD" "COMPILER=arm-none-eabi-gcc" "ASSEMBLER=arm-none-eabi-as
TRACE::2026-08-04.21:19:29::SCWMssOS::" "ARCHIVER=arm-none-eabi-ar" "COMPILER_FLAGS=  -O2 -c" "EXTRA_COMPILER_FLAGS=-mcpu=cortex-a9 -mfpu=vfpv3 -mfloat-abi=hard -nos
TRACE::2026-08-04.21:19:29::SCWMssOS::tartfiles -g -Wall -Wextra -fno-tree-loop-distribute-patterns"

TRACE::2026-08-04.21:19:29::SCWMssOS::"Running Make include in ps7_cortexa9_0/libsrc/usbps_v2_9/src"

TRACE::2026-08-04.21:19:29::SCWMssOS::make -C ps7_cortexa9_0/libsrc/usbps_v2_9/src -s include  "SHELL=CMD" "COMPILER=arm-none-eabi-gcc" "ASSEMBLER=arm-none-eabi-as" 
TRACE::2026-08-04.21:19:29::SCWMssOS::"ARCHIVER=arm-none-eabi-ar" "COMPILER_FLAGS=  -O2 -c" "EXTRA_COMPILER_FLAGS=-mcpu=cortex-a9 -mfpu=vfpv3 -mfloat-abi=hard -nosta
TRACE::2026-08-04.21:19:29::SCWMssOS::rtfiles -g -Wall -Wextra -fno-tree-loop-distribute-patterns"

TRACE::2026-08-04.21:19:29::SCWMssOS::"Running Make include in ps7_cortexa9_0/libsrc/xadcps_v2_7/src"

TRACE::2026-08-04.21:19:29::SCWMssOS::make -C ps7_cortexa9_0/libsrc/xadcps_v2_7/src -s include  "SHELL=CMD" "COMPILER=arm-none-eabi-gcc" "ASSEMBLER=arm-none-eabi-as"
TRACE::2026-08-04.21:19:29::SCWMssOS:: "ARCHIVER=arm-none-eabi-ar" "COMPILER_FLAGS=  -O2 -c" "EXTRA_COMPILER_FLAGS=-mcpu=cortex-a9 -mfpu=vfpv3 -mfloat-abi=hard -nost
TRACE::2026-08-04.21:19:29::SCWMssOS::artfiles -g -Wall -Wextra -fno-tree-loop-distribute-patterns"

TRACE::2026-08-04.21:19:29::SCWMssOS::"Running Make include in ps7_cortexa9_0/libsrc/xilffs_v5_3/src"

TRACE::2026-08-04.21:19:29::SCWMssOS::make -C ps7_cortexa9_0/libsrc/xilffs_v5_3/src -s include  "SHELL=CMD" "COMPILER=arm-none-eabi-gcc" "ASSEMBLER=arm-none-eabi-as"
TRACE::2026-08-04.21:19:29::SCWMssOS:: "ARCHIVER=arm-none-eabi-ar" "COMPILER_FLAGS=  -O2 -c" "EXTRA_COMPILER_FLAGS=-mcpu=cortex-a9 -mfpu=vfpv3 -mfloat-abi=hard -nost
TRACE::2026-08-04.21:19:29::SCWMssOS::artfiles -g -Wall -Wextra -fno-tree-loop-distribute-patterns"

TRACE::2026-08-04.21:19:30::SCWMssOS::"Running Make libs in ps7_cortexa9_0/libsrc/coresightps_dcc_v1_11/src"

TRACE::2026-08-04.21:19:30::SCWMssOS::make -C ps7_cortexa9_0/libsrc/coresightps_dcc_v1_11/src -s libs  "SHELL=CMD" "COMPILER=arm-none-eabi-gcc" "ASSEMBLER=arm-none-e
TRACE::2026-08-04.21:19:30::SCWMssOS::abi-as" "ARCHIVER=arm-none-eabi-ar" "COMPILER_FLAGS=  -O2 -c" "EXTRA_COMPILER_FLAGS=-mcpu=cortex-a9 -mfpu=vfpv3 -mfloat-abi=har
TRACE::2026-08-04.21:19:30::SCWMssOS::d -nostartfiles -g -Wall -Wextra -fno-tree-loop-distribute-patterns"

TRACE::2026-08-04.21:19:30::SCWMssOS::"Running Make libs in ps7_cortexa9_0/libsrc/cpu_cortexa9_v2_12/src"

TRACE::2026-08-04.21:19:30::SCWMssOS::make -C ps7_cortexa9_0/libsrc/cpu_cortexa9_v2_12/src -s libs  "SHELL=CMD" "COMPILER=arm-none-eabi-gcc" "ASSEMBLER=arm-none-eabi
TRACE::2026-08-04.21:19:30::SCWMssOS::-as" "ARCHIVER=arm-none-eabi-ar" "COMPILER_FLAGS=  -O2 -c" "EXTRA_COMPILER_FLAGS=-mcpu=cortex-a9 -mfpu=vfpv3 -mfloat-abi=hard -
TRACE::2026-08-04.21:19:30::SCWMssOS::nostartfiles -g -Wall -Wextra -fno-tree-loop-distribute-patterns"

TRACE::2026-08-04.21:19:30::SCWMssOS::"Running Make libs in ps7_cortexa9_0/libsrc/ddrps_v1_2/src"

TRACE::2026-08-04.21:19:30::SCWMssOS::make -C ps7_cortexa9_0/libsrc/ddrps_v1_2/src -s libs  "SHELL=CMD" "COMPILER=arm-none-eabi-gcc" "ASSEMBLER=arm-none-eabi-as" "AR
TRACE::2026-08-04.21:19:30::SCWMssOS::CHIVER=arm-none-eabi-ar" "COMPILER_FLAGS=  -O2 -c" "EXTRA_COMPILER_FLAGS=-mcpu=cortex-a9 -mfpu=vfpv3 -mfloat-abi=hard -nostartf
TRACE::2026-08-04.21:19:30::SCWMssOS::iles -g -Wall -Wextra -fno-tree-loop-distribute-patterns"

TRACE::2026-08-04.21:19:30::SCWMssOS::"Running Make libs in ps7_cortexa9_0/libsrc/devcfg_v3_8/src"

TRACE::2026-08-04.21:19:30::SCWMssOS::make -C ps7_cortexa9_0/libsrc/devcfg_v3_8/src -s libs  "SHELL=CMD" "COMPILER=arm-none-eabi-gcc" "ASSEMBLER=arm-none-eabi-as" "A
TRACE::2026-08-04.21:19:30::SCWMssOS::RCHIVER=arm-none-eabi-ar" "COMPILER_FLAGS=  -O2 -c" "EXTRA_COMPILER_FLAGS=-mcpu=cortex-a9 -mfpu=vfpv3 -mfloat-abi=hard -nostart
TRACE::2026-08-04.21:19:30::SCWMssOS::files -g -Wall -Wextra -fno-tree-loop-distribute-patterns"

TRACE::2026-08-04.21:19:30::SCWMssOS::"Running Make libs in ps7_cortexa9_0/libsrc/dmaps_v2_11/src"

TRACE::2026-08-04.21:19:30::SCWMssOS::make -C ps7_cortexa9_0/libsrc/dmaps_v2_11/src -s libs  "SHELL=CMD" "COMPILER=arm-none-eabi-gcc" "ASSEMBLER=arm-none-eabi-as" "A
TRACE::2026-08-04.21:19:30::SCWMssOS::RCHIVER=arm-none-eabi-ar" "COMPILER_FLAGS=  -O2 -c" "EXTRA_COMPILER_FLAGS=-mcpu=cortex-a9 -mfpu=vfpv3 -mfloat-abi=hard -nostart
TRACE::2026-08-04.21:19:30::SCWMssOS::files -g -Wall -Wextra -fno-tree-loop-distribute-patterns"

TRACE::2026-08-04.21:19:30::SCWMssOS::"Running Make libs in ps7_cortexa9_0/libsrc/emacps_v3_21/src"

TRACE::2026-08-04.21:19:30::SCWMssOS::make -C ps7_cortexa9_0/libsrc/emacps_v3_21/src -s libs  "SHELL=CMD" "COMPILER=arm-none-eabi-gcc" "ASSEMBLER=arm-none-eabi-as" "
TRACE::2026-08-04.21:19:30::SCWMssOS::ARCHIVER=arm-none-eabi-ar" "COMPILER_FLAGS=  -O2 -c" "EXTRA_COMPILER_FLAGS=-mcpu=cortex-a9 -mfpu=vfpv3 -mfloat-abi=hard -nostar
TRACE::2026-08-04.21:19:30::SCWMssOS::tfiles -g -Wall -Wextra -fno-tree-loop-distribute-patterns"

TRACE::2026-08-04.21:19:30::SCWMssOS::"Running Make libs in ps7_cortexa9_0/libsrc/gpiops_v3_13/src"

TRACE::2026-08-04.21:19:30::SCWMssOS::make -C ps7_cortexa9_0/libsrc/gpiops_v3_13/src -s libs  "SHELL=CMD" "COMPILER=arm-none-eabi-gcc" "ASSEMBLER=arm-none-eabi-as" "
TRACE::2026-08-04.21:19:30::SCWMssOS::ARCHIVER=arm-none-eabi-ar" "COMPILER_FLAGS=  -O2 -c" "EXTRA_COMPILER_FLAGS=-mcpu=cortex-a9 -mfpu=vfpv3 -mfloat-abi=hard -nostar
TRACE::2026-08-04.21:19:30::SCWMssOS::tfiles -g -Wall -Wextra -fno-tree-loop-distribute-patterns"

TRACE::2026-08-04.21:19:30::SCWMssOS::"Running Make libs in ps7_cortexa9_0/libsrc/qspips_v3_13/src"

TRACE::2026-08-04.21:19:30::SCWMssOS::make -C ps7_cortexa9_0/libsrc/qspips_v3_13/src -s libs  "SHELL=CMD" "COMPILER=arm-none-eabi-gcc" "ASSEMBLER=arm-none-eabi-as" "
TRACE::2026-08-04.21:19:30::SCWMssOS::ARCHIVER=arm-none-eabi-ar" "COMPILER_FLAGS=  -O2 -c" "EXTRA_COMPILER_FLAGS=-mcpu=cortex-a9 -mfpu=vfpv3 -mfloat-abi=hard -nostar
TRACE::2026-08-04.21:19:30::SCWMssOS::tfiles -g -Wall -Wextra -fno-tree-loop-distribute-patterns"

TRACE::2026-08-04.21:19:31::SCWMssOS::"Running Make libs in ps7_cortexa9_0/libsrc/scugic_v5_4/src"

TRACE::2026-08-04.21:19:31::SCWMssOS::make -C ps7_cortexa9_0/libsrc/scugic_v5_4/src -s libs  "SHELL=CMD" "COMPILER=arm-none-eabi-gcc" "ASSEMBLER=arm-none-eabi-as" "A
TRACE::2026-08-04.21:19:31::SCWMssOS::RCHIVER=arm-none-eabi-ar" "COMPILER_FLAGS=  -O2 -c" "EXTRA_COMPILER_FLAGS=-mcpu=cortex-a9 -mfpu=vfpv3 -mfloat-abi=hard -nostart
TRACE::2026-08-04.21:19:31::SCWMssOS::files -g -Wall -Wextra -fno-tree-loop-distribute-patterns"

TRACE::2026-08-04.21:19:31::SCWMssOS::"Running Make libs in ps7_cortexa9_0/libsrc/scutimer_v2_6/src"

TRACE::2026-08-04.21:19:31::SCWMssOS::make -C ps7_cortexa9_0/libsrc/scutimer_v2_6/src -s libs  "SHELL=CMD" "COMPILER=arm-none-eabi-gcc" "ASSEMBLER=arm-none-eabi-as" 
TRACE::2026-08-04.21:19:31::SCWMssOS::"ARCHIVER=arm-none-eabi-ar" "COMPILER_FLAGS=  -O2 -c" "EXTRA_COMPILER_FLAGS=-mcpu=cortex-a9 -mfpu=vfpv3 -mfloat-abi=hard -nosta
TRACE::2026-08-04.21:19:31::SCWMssOS::rtfiles -g -Wall -Wextra -fno-tree-loop-distribute-patterns"

TRACE::2026-08-04.21:19:31::SCWMssOS::"Running Make libs in ps7_cortexa9_0/libsrc/scuwdt_v2_6/src"

TRACE::2026-08-04.21:19:31::SCWMssOS::make -C ps7_cortexa9_0/libsrc/scuwdt_v2_6/src -s libs  "SHELL=CMD" "COMPILER=arm-none-eabi-gcc" "ASSEMBLER=arm-none-eabi-as" "A
TRACE::2026-08-04.21:19:31::SCWMssOS::RCHIVER=arm-none-eabi-ar" "COMPILER_FLAGS=  -O2 -c" "EXTRA_COMPILER_FLAGS=-mcpu=cortex-a9 -mfpu=vfpv3 -mfloat-abi=hard -nostart
TRACE::2026-08-04.21:19:31::SCWMssOS::files -g -Wall -Wextra -fno-tree-loop-distribute-patterns"

TRACE::2026-08-04.21:19:31::SCWMssOS::"Running Make libs in ps7_cortexa9_0/libsrc/sdps_v4_4/src"

TRACE::2026-08-04.21:19:31::SCWMssOS::make -C ps7_cortexa9_0/libsrc/sdps_v4_4/src -s libs  "SHELL=CMD" "COMPILER=arm-none-eabi-gcc" "ASSEMBLER=arm-none-eabi-as" "ARC
TRACE::2026-08-04.21:19:31::SCWMssOS::HIVER=arm-none-eabi-ar" "COMPILER_FLAGS=  -O2 -c" "EXTRA_COMPILER_FLAGS=-mcpu=cortex-a9 -mfpu=vfpv3 -mfloat-abi=hard -nostartfi
TRACE::2026-08-04.21:19:31::SCWMssOS::les -g -Wall -Wextra -fno-tree-loop-distribute-patterns"

TRACE::2026-08-04.21:19:31::SCWMssOS::"Running Make libs in ps7_cortexa9_0/libsrc/standalone_v9_2/src"

TRACE::2026-08-04.21:19:31::SCWMssOS::make -C ps7_cortexa9_0/libsrc/standalone_v9_2/src -s libs  "SHELL=CMD" "COMPILER=arm-none-eabi-gcc" "ASSEMBLER=arm-none-eabi-as
TRACE::2026-08-04.21:19:31::SCWMssOS::" "ARCHIVER=arm-none-eabi-ar" "COMPILER_FLAGS=  -O2 -c" "EXTRA_COMPILER_FLAGS=-mcpu=cortex-a9 -mfpu=vfpv3 -mfloat-abi=hard -nos
TRACE::2026-08-04.21:19:31::SCWMssOS::tartfiles -g -Wall -Wextra -fno-tree-loop-distribute-patterns"

TRACE::2026-08-04.21:19:31::SCWMssOS::"Running Make libs in ps7_cortexa9_0/libsrc/uartps_v3_15/src"

TRACE::2026-08-04.21:19:31::SCWMssOS::make -C ps7_cortexa9_0/libsrc/uartps_v3_15/src -s libs  "SHELL=CMD" "COMPILER=arm-none-eabi-gcc" "ASSEMBLER=arm-none-eabi-as" "
TRACE::2026-08-04.21:19:31::SCWMssOS::ARCHIVER=arm-none-eabi-ar" "COMPILER_FLAGS=  -O2 -c" "EXTRA_COMPILER_FLAGS=-mcpu=cortex-a9 -mfpu=vfpv3 -mfloat-abi=hard -nostar
TRACE::2026-08-04.21:19:31::SCWMssOS::tfiles -g -Wall -Wextra -fno-tree-loop-distribute-patterns"

TRACE::2026-08-04.21:19:31::SCWMssOS::"Running Make libs in ps7_cortexa9_0/libsrc/usbps_v2_9/src"

TRACE::2026-08-04.21:19:31::SCWMssOS::make -C ps7_cortexa9_0/libsrc/usbps_v2_9/src -s libs  "SHELL=CMD" "COMPILER=arm-none-eabi-gcc" "ASSEMBLER=arm-none-eabi-as" "AR
TRACE::2026-08-04.21:19:31::SCWMssOS::CHIVER=arm-none-eabi-ar" "COMPILER_FLAGS=  -O2 -c" "EXTRA_COMPILER_FLAGS=-mcpu=cortex-a9 -mfpu=vfpv3 -mfloat-abi=hard -nostartf
TRACE::2026-08-04.21:19:31::SCWMssOS::iles -g -Wall -Wextra -fno-tree-loop-distribute-patterns"

TRACE::2026-08-04.21:19:32::SCWMssOS::"Running Make libs in ps7_cortexa9_0/libsrc/xadcps_v2_7/src"

TRACE::2026-08-04.21:19:32::SCWMssOS::make -C ps7_cortexa9_0/libsrc/xadcps_v2_7/src -s libs  "SHELL=CMD" "COMPILER=arm-none-eabi-gcc" "ASSEMBLER=arm-none-eabi-as" "A
TRACE::2026-08-04.21:19:32::SCWMssOS::RCHIVER=arm-none-eabi-ar" "COMPILER_FLAGS=  -O2 -c" "EXTRA_COMPILER_FLAGS=-mcpu=cortex-a9 -mfpu=vfpv3 -mfloat-abi=hard -nostart
TRACE::2026-08-04.21:19:32::SCWMssOS::files -g -Wall -Wextra -fno-tree-loop-distribute-patterns"

TRACE::2026-08-04.21:19:32::SCWMssOS::"Running Make libs in ps7_cortexa9_0/libsrc/xilffs_v5_3/src"

TRACE::2026-08-04.21:19:32::SCWMssOS::make -C ps7_cortexa9_0/libsrc/xilffs_v5_3/src -s libs  "SHELL=CMD" "COMPILER=arm-none-eabi-gcc" "ASSEMBLER=arm-none-eabi-as" "A
TRACE::2026-08-04.21:19:32::SCWMssOS::RCHIVER=arm-none-eabi-ar" "COMPILER_FLAGS=  -O2 -c" "EXTRA_COMPILER_FLAGS=-mcpu=cortex-a9 -mfpu=vfpv3 -mfloat-abi=hard -nostart
TRACE::2026-08-04.21:19:32::SCWMssOS::files -g -Wall -Wextra -fno-tree-loop-distribute-patterns"

TRACE::2026-08-04.21:19:33::SCWMssOS::'Finished building libraries parallelly.'

TRACE::2026-08-04.21:19:33::SCWMssOS::make --no-print-directory archive

TRACE::2026-08-04.21:19:33::SCWMssOS::arm-none-eabi-ar -r  ps7_cortexa9_0/lib/libxil.a ps7_cortexa9_0/lib/_exit.o ps7_cortexa9_0/lib/_open.o ps7_cortexa9_0/lib/_sbrk
TRACE::2026-08-04.21:19:33::SCWMssOS::.o ps7_cortexa9_0/lib/abort.o ps7_cortexa9_0/lib/asm_vectors.o ps7_cortexa9_0/lib/boot.o ps7_cortexa9_0/lib/close.o ps7_cortexa
TRACE::2026-08-04.21:19:33::SCWMssOS::9_0/lib/cpputest_time.o ps7_cortexa9_0/lib/cpu_init.o ps7_cortexa9_0/lib/errno.o ps7_cortexa9_0/lib/fcntl.o ps7_cortexa9_0/lib/
TRACE::2026-08-04.21:19:33::SCWMssOS::fstat.o ps7_cortexa9_0/lib/getentropy.o ps7_cortexa9_0/lib/getpid.o ps7_cortexa9_0/lib/gettimeofday.o ps7_cortexa9_0/lib/inbyte
TRACE::2026-08-04.21:19:33::SCWMssOS::.o ps7_cortexa9_0/lib/isatty.o ps7_cortexa9_0/lib/kill.o ps7_cortexa9_0/lib/lseek.o ps7_cortexa9_0/lib/open.o ps7_cortexa9_0/li
TRACE::2026-08-04.21:19:33::SCWMssOS::b/outbyte.o ps7_cortexa9_0/lib/print.o ps7_cortexa9_0/lib/putnum.o ps7_cortexa9_0/lib/read.o ps7_cortexa9_0/lib/sbrk.o ps7_cort
TRACE::2026-08-04.21:19:33::SCWMssOS::exa9_0/lib/sleep.o ps7_cortexa9_0/lib/time.o ps7_cortexa9_0/lib/translation_table.o ps7_cortexa9_0/lib/unlink.o ps7_cortexa9_0/
TRACE::2026-08-04.21:19:33::SCWMssOS::lib/usleep.o ps7_cortexa9_0/lib/vectors.o ps7_cortexa9_0/lib/write.o ps7_cortexa9_0/lib/xadcps.o ps7_cortexa9_0/lib/xadcps_g.o 
TRACE::2026-08-04.21:19:33::SCWMssOS::ps7_cortexa9_0/lib/xadcps_intr.o ps7_cortexa9_0/lib/xadcps_selftest.o ps7_cortexa9_0/lib/xadcps_sinit.o ps7_cortexa9_0/lib/xcor
TRACE::2026-08-04.21:19:33::SCWMssOS::esightpsdcc.o ps7_cortexa9_0/lib/xdevcfg.o ps7_cortexa9_0/lib/xdevcfg_g.o ps7_cortexa9_0/lib/xdevcfg_hw.o ps7_cortexa9_0/lib/xd
TRACE::2026-08-04.21:19:33::SCWMssOS::evcfg_intr.o ps7_cortexa9_0/lib/xdevcfg_selftest.o ps7_cortexa9_0/lib/xdevcfg_sinit.o ps7_cortexa9_0/lib/xdmaps.o ps7_cortexa9_
TRACE::2026-08-04.21:19:33::SCWMssOS::0/lib/xdmaps_g.o ps7_cortexa9_0/lib/xdmaps_hw.o ps7_cortexa9_0/lib/xdmaps_selftest.o ps7_cortexa9_0/lib/xdmaps_sinit.o ps7_cort
TRACE::2026-08-04.21:19:33::SCWMssOS::exa9_0/lib/xemacps.o ps7_cortexa9_0/lib/xemacps_bdring.o ps7_cortexa9_0/lib/xemacps_control.o ps7_cortexa9_0/lib/xemacps_g.o ps
TRACE::2026-08-04.21:19:33::SCWMssOS::7_cortexa9_0/lib/xemacps_hw.o ps7_cortexa9_0/lib/xemacps_intr.o ps7_cortexa9_0/lib/xemacps_sinit.o ps7_cortexa9_0/lib/xgpiops.o
TRACE::2026-08-04.21:19:33::SCWMssOS:: ps7_cortexa9_0/lib/xgpiops_g.o ps7_cortexa9_0/lib/xgpiops_hw.o ps7_cortexa9_0/lib/xgpiops_intr.o ps7_cortexa9_0/lib/xgpiops_se
TRACE::2026-08-04.21:19:33::SCWMssOS::lftest.o ps7_cortexa9_0/lib/xgpiops_sinit.o ps7_cortexa9_0/lib/xil-crt0.o ps7_cortexa9_0/lib/xil_assert.o ps7_cortexa9_0/lib/xi
TRACE::2026-08-04.21:19:33::SCWMssOS::l_cache.o ps7_cortexa9_0/lib/xil_clocking.o ps7_cortexa9_0/lib/xil_exception.o ps7_cortexa9_0/lib/xil_mem.o ps7_cortexa9_0/lib/
TRACE::2026-08-04.21:19:33::SCWMssOS::xil_misc_psreset_api.o ps7_cortexa9_0/lib/xil_mmu.o ps7_cortexa9_0/lib/xil_printf.o ps7_cortexa9_0/lib/xil_sleepcommon.o ps7_co
TRACE::2026-08-04.21:19:33::SCWMssOS::rtexa9_0/lib/xil_sleeptimer.o ps7_cortexa9_0/lib/xil_spinlock.o ps7_cortexa9_0/lib/xil_sutil.o ps7_cortexa9_0/lib/xil_testcache
TRACE::2026-08-04.21:19:33::SCWMssOS::.o ps7_cortexa9_0/lib/xil_testio.o ps7_cortexa9_0/lib/xil_testmem.o ps7_cortexa9_0/lib/xil_util.o ps7_cortexa9_0/lib/xinterrupt
TRACE::2026-08-04.21:19:33::SCWMssOS::_wrap.o ps7_cortexa9_0/lib/xl2cc_counter.o ps7_cortexa9_0/lib/xplatform_info.o ps7_cortexa9_0/lib/xpm_counter.o ps7_cortexa9_0/
TRACE::2026-08-04.21:19:33::SCWMssOS::lib/xpm_init.o ps7_cortexa9_0/lib/xqspips.o ps7_cortexa9_0/lib/xqspips_g.o ps7_cortexa9_0/lib/xqspips_hw.o ps7_cortexa9_0/lib/x
TRACE::2026-08-04.21:19:33::SCWMssOS::qspips_options.o ps7_cortexa9_0/lib/xqspips_selftest.o ps7_cortexa9_0/lib/xqspips_sinit.o ps7_cortexa9_0/lib/xscugic.o ps7_cort
TRACE::2026-08-04.21:19:33::SCWMssOS::exa9_0/lib/xscugic_g.o ps7_cortexa9_0/lib/xscugic_hw.o ps7_cortexa9_0/lib/xscugic_intr.o ps7_cortexa9_0/lib/xscugic_selftest.o 
TRACE::2026-08-04.21:19:33::SCWMssOS::ps7_cortexa9_0/lib/xscugic_sinit.o ps7_cortexa9_0/lib/xscutimer.o ps7_cortexa9_0/lib/xscutimer_g.o ps7_cortexa9_0/lib/xscutimer
TRACE::2026-08-04.21:19:33::SCWMssOS::_selftest.o ps7_cortexa9_0/lib/xscutimer_sinit.o ps7_cortexa9_0/lib/xscuwdt.o ps7_cortexa9_0/lib/xscuwdt_g.o ps7_cortexa9_0/lib
TRACE::2026-08-04.21:19:33::SCWMssOS::/xscuwdt_selftest.o ps7_cortexa9_0/lib/xscuwdt_sinit.o ps7_cortexa9_0/lib/xsdps.o ps7_cortexa9_0/lib/xsdps_card.o ps7_cortexa9_
TRACE::2026-08-04.21:19:33::SCWMssOS::0/lib/xsdps_g.o ps7_cortexa9_0/lib/xsdps_host.o ps7_cortexa9_0/lib/xsdps_options.o ps7_cortexa9_0/lib/xsdps_sinit.o ps7_cortexa
TRACE::2026-08-04.21:19:33::SCWMssOS::9_0/lib/xtime_l.o ps7_cortexa9_0/lib/xuartps.o ps7_cortexa9_0/lib/xuartps_g.o ps7_cortexa9_0/lib/xuartps_hw.o ps7_cortexa9_0/li
TRACE::2026-08-04.21:19:33::SCWMssOS::b/xuartps_intr.o ps7_cortexa9_0/lib/xuartps_options.o ps7_cortexa9_0/lib/xuartps_selftest.o ps7_cortexa9_0/lib/xuartps_sinit.o 
TRACE::2026-08-04.21:19:33::SCWMssOS::ps7_cortexa9_0/lib/xusbps.o ps7_cortexa9_0/lib/xusbps_endpoint.o ps7_cortexa9_0/lib/xusbps_g.o ps7_cortexa9_0/lib/xusbps_hw.o p
TRACE::2026-08-04.21:19:33::SCWMssOS::s7_cortexa9_0/lib/xusbps_intr.o ps7_cortexa9_0/lib/xusbps_sinit.o

TRACE::2026-08-04.21:19:34::SCWMssOS::'Finished building libraries'

TRACE::2026-08-04.21:19:34::SCWMssOS:: Checking if to create the Supporting Applications
TRACE::2026-08-04.21:19:34::SCWMssOS:: No Linux domain exists, trying to generate FSBL 
LOG::2026-08-04.21:19:34::SCWSystem::Completed Processing the domain standalone_domain
LOG::2026-08-04.21:19:34::SCWSystem::Completed Processing the sysconfig RFsender_platform
LOG::2026-08-04.21:19:34::SCWPlatform::Completed generating the artifacts for system configuration RFsender_platform
TRACE::2026-08-04.21:19:34::SCWPlatform::Started preparing the platform 
TRACE::2026-08-04.21:19:34::SCWSystem::Writing the bif file for system config RFsender_platform
TRACE::2026-08-04.21:19:34::SCWSystem::dir created 
TRACE::2026-08-04.21:19:34::SCWSystem::Writing the bif 
TRACE::2026-08-04.21:19:34::SCWPlatform::Started writing the spfm file 
TRACE::2026-08-04.21:19:34::SCWPlatform::Started writing the xpfm file 
TRACE::2026-08-04.21:19:34::SCWPlatform::Completed generating the platform
TRACE::2026-08-04.21:19:34::SCWMssOS::Saving the mss changes D:/Work/projects/zybo_z7_projects/DD_RF/vitis/RFsender_platform/zynq_fsbl/zynq_fsbl_bsp/system.mss
TRACE::2026-08-04.21:19:34::SCWMssOS::Found a swdesign opened with the mssfile.
TRACE::2026-08-04.21:19:34::SCWMssOS::Completed writemss as part of save.
TRACE::2026-08-04.21:19:34::SCWMssOS::Commit changes completed.
TRACE::2026-08-04.21:19:34::SCWMssOS::Saving the mss changes D:/Work/projects/zybo_z7_projects/DD_RF/vitis/RFsender_platform/ps7_cortexa9_0/standalone_domain/bsp/system.mss
TRACE::2026-08-04.21:19:34::SCWMssOS::Adding the swdes entry, mss present, able to open swdb D:/Work/projects/zybo_z7_projects/DD_RF/vitis/RFsender_platform/ps7_cortexa9_0/standalone_domain/bsp/system.mss with des name system_0
TRACE::2026-08-04.21:19:34::SCWMssOS::Writing the mss file completed D:/Work/projects/zybo_z7_projects/DD_RF/vitis/RFsender_platform/ps7_cortexa9_0/standalone_domain/bsp/system.mss
TRACE::2026-08-04.21:19:34::SCWMssOS::Commit changes completed.
TRACE::2026-08-04.21:19:34::SCWPlatform::Trying to open the hw design at D:/Work/projects/zybo_z7_projects/DD_RF/vitis/RFsender_platform/hw/onlySender.xsa
TRACE::2026-08-04.21:19:34::SCWPlatform::DSA given D:/Work/projects/zybo_z7_projects/DD_RF/vitis/RFsender_platform/hw/onlySender.xsa
TRACE::2026-08-04.21:19:34::SCWPlatform::DSA absoulate path D:/Work/projects/zybo_z7_projects/DD_RF/vitis/RFsender_platform/hw/onlySender.xsa
TRACE::2026-08-04.21:19:34::SCWPlatform::DSA directory D:/Work/projects/zybo_z7_projects/DD_RF/vitis/RFsender_platform/hw
TRACE::2026-08-04.21:19:34::SCWPlatform:: Platform Path D:/Work/projects/zybo_z7_projects/DD_RF/vitis/RFsender_platform/hw/onlySender.xsa
TRACE::2026-08-04.21:19:34::SCWPlatform:: Unique name xilinx:zybo-z7-10::0.0
TRACE::2026-08-04.21:19:34::SCWPlatform::Trying to set the existing hwdb with name topSystem_1
TRACE::2026-08-04.21:19:34::SCWPlatform::Opened existing hwdb topSystem_1
TRACE::2026-08-04.21:19:34::SCWPlatform::Found the Hw Db part of the input DSA
TRACE::2026-08-04.21:19:34::SCWMssOS::Checking the sw design at  D:/Work/projects/zybo_z7_projects/DD_RF/vitis/RFsender_platform/zynq_fsbl/zynq_fsbl_bsp/system.mss
TRACE::2026-08-04.21:19:34::SCWMssOS::DEBUG:  swdes dump  D:/Work/projects/zybo_z7_projects/DD_RF/vitis/RFsender_platform/ps7_cortexa9_0/standalone_domain/bsp/system.mss|system_0||
D:/Work/projects/zybo_z7_projects/DD_RF/vitis/RFsender_platform/zynq_fsbl/zynq_fsbl_bsp/system.mss|system||

TRACE::2026-08-04.21:19:34::SCWMssOS::Sw design exists and opened at  D:/Work/projects/zybo_z7_projects/DD_RF/vitis/RFsender_platform/zynq_fsbl/zynq_fsbl_bsp/system.mss
TRACE::2026-08-04.21:19:34::SCWPlatform::Trying to open the hw design at D:/Work/projects/zybo_z7_projects/DD_RF/vitis/RFsender_platform/hw/onlySender.xsa
TRACE::2026-08-04.21:19:34::SCWPlatform::DSA given D:/Work/projects/zybo_z7_projects/DD_RF/vitis/RFsender_platform/hw/onlySender.xsa
TRACE::2026-08-04.21:19:34::SCWPlatform::DSA absoulate path D:/Work/projects/zybo_z7_projects/DD_RF/vitis/RFsender_platform/hw/onlySender.xsa
TRACE::2026-08-04.21:19:34::SCWPlatform::DSA directory D:/Work/projects/zybo_z7_projects/DD_RF/vitis/RFsender_platform/hw
TRACE::2026-08-04.21:19:34::SCWPlatform:: Platform Path D:/Work/projects/zybo_z7_projects/DD_RF/vitis/RFsender_platform/hw/onlySender.xsa
TRACE::2026-08-04.21:19:34::SCWPlatform:: Unique name xilinx:zybo-z7-10::0.0
TRACE::2026-08-04.21:19:34::SCWPlatform::Trying to set the existing hwdb with name topSystem_1
TRACE::2026-08-04.21:19:34::SCWPlatform::Opened existing hwdb topSystem_1
TRACE::2026-08-04.21:19:34::SCWPlatform::Found the Hw Db part of the input DSA
TRACE::2026-08-04.21:19:34::SCWMssOS::Checking the sw design at  D:/Work/projects/zybo_z7_projects/DD_RF/vitis/RFsender_platform/ps7_cortexa9_0/standalone_domain/bsp/system.mss
TRACE::2026-08-04.21:19:34::SCWMssOS::DEBUG:  swdes dump  D:/Work/projects/zybo_z7_projects/DD_RF/vitis/RFsender_platform/ps7_cortexa9_0/standalone_domain/bsp/system.mss|system_0||
D:/Work/projects/zybo_z7_projects/DD_RF/vitis/RFsender_platform/zynq_fsbl/zynq_fsbl_bsp/system.mss|system||

TRACE::2026-08-04.21:19:34::SCWMssOS::Sw design exists and opened at  D:/Work/projects/zybo_z7_projects/DD_RF/vitis/RFsender_platform/ps7_cortexa9_0/standalone_domain/bsp/system.mss
TRACE::2026-08-04.21:19:34::SCWWriter::formatted JSON is {
	"platformName":	"RFsender_platform",
	"sprVersion":	"2.0",
	"mode":	"gui",
	"dsaType":	"Fixed",
	"platformDesc":	"RFsender_platform",
	"platHandOff":	"D:/Work/projects/zybo_z7_projects/DD_RF/vivado/project_1/onlySender.xsa",
	"platIntHandOff":	"<platformDir>/hw/onlySender.xsa",
	"deviceType":	"zynq",
	"platIsPrebuiltAutogen":	"false",
	"platIsNoBootBsp":	"false",
	"hasFsblMakeHasChanges":	"false",
	"hasPmufwMakeHasChanges":	"false",
	"fsblExtraCompilerFlags":	"-MMD -MP       -mcpu=cortex-a9 -mfpu=vfpv3 -mfloat-abi=hard ",
	"platPreBuiltFlag":	false,
	"platformSamplesDir":	"",
	"platActiveSys":	"RFsender_platform",
	"systems":	[{
			"systemName":	"RFsender_platform",
			"systemDesc":	"RFsender_platform",
			"sysIsBootAutoGen":	"true",
			"systemDispName":	"RFsender_platform",
			"sysActiveDom":	"standalone_domain",
			"sysDefaultDom":	"standalone_domain",
			"domains":	[{
					"domainName":	"zynq_fsbl",
					"domainDispName":	"zynq_fsbl",
					"domainDesc":	"FSBL Application BSP - Auto Generated.",
					"processors":	"ps7_cortexa9_0",
					"os":	"standalone",
					"sdxOs":	"standalone",
					"debugEnable":	"",
					"domRuntimes":	["cpp"],
					"swRepo":	"",
					"mssOsVer":	"9.2",
					"mssFile":	"",
					"md5Digest":	"30215168a6860ec346c5df07b875ca911",
					"compatibleApp":	"zynq_fsbl",
					"domType":	"bootDomain",
					"arch":	"32-bit",
					"appSettings":	{
						"appCompilerFlags":	"",
						"appLinkerFlags":	""
					},
					"addedLibs":	["xilffs:5.3", "xilrsa:1.8"],
					"libOptions":	{
						"libsContainingOptions":	[]
					},
					"prebuiltLibs":	{
						"prebuiltIncPath":	[],
						"prebuiltLibPath":	[]
					},
					"isolation":	{
					}
				}, {
					"domainName":	"standalone_domain",
					"domainDispName":	"standalone on ps7_cortexa9_0",
					"domainDesc":	"standalone_domain",
					"processors":	"ps7_cortexa9_0",
					"os":	"standalone",
					"sdxOs":	"standalone",
					"qemuArgs":	"<platformDir>/resources/RFsender_platform/standalone_domain/qemu_args.txt",
					"qemuData":	"<platformDir>/resources/RFsender_platform/standalone_domain/qemu",
					"debugEnable":	"False",
					"domRuntimes":	["cpp"],
					"swRepo":	"",
					"mssOsVer":	"9.2",
					"mssFile":	"",
					"md5Digest":	"cdf1d043c3be5ad3d6f2b109f4a0d161",
					"compatibleApp":	"",
					"domType":	"mssDomain",
					"appSettings":	{
						"appCompilerFlags":	"",
						"appLinkerFlags":	""
					},
					"addedLibs":	["xilffs:5.3"],
					"libOptions":	{
						"libsContainingOptions":	[]
					},
					"prebuiltLibs":	{
						"prebuiltIncPath":	[],
						"prebuiltLibPath":	[]
					},
					"isolation":	{
					}
				}]
		}]
}
KEYINFO::2026-08-04.21:19:34::SCWPlatform::updated the xpfm file.
TRACE::2026-08-04.21:19:34::SCWPlatform::Trying to open the hw design at D:/Work/projects/zybo_z7_projects/DD_RF/vitis/RFsender_platform/hw/onlySender.xsa
TRACE::2026-08-04.21:19:34::SCWPlatform::DSA given D:/Work/projects/zybo_z7_projects/DD_RF/vitis/RFsender_platform/hw/onlySender.xsa
TRACE::2026-08-04.21:19:34::SCWPlatform::DSA absoulate path D:/Work/projects/zybo_z7_projects/DD_RF/vitis/RFsender_platform/hw/onlySender.xsa
TRACE::2026-08-04.21:19:34::SCWPlatform::DSA directory D:/Work/projects/zybo_z7_projects/DD_RF/vitis/RFsender_platform/hw
TRACE::2026-08-04.21:19:34::SCWPlatform:: Platform Path D:/Work/projects/zybo_z7_projects/DD_RF/vitis/RFsender_platform/hw/onlySender.xsa
TRACE::2026-08-04.21:19:34::SCWPlatform:: Unique name xilinx:zybo-z7-10::0.0
TRACE::2026-08-04.21:19:34::SCWPlatform::Trying to set the existing hwdb with name topSystem_1
TRACE::2026-08-04.21:19:34::SCWPlatform::Opened existing hwdb topSystem_1
TRACE::2026-08-04.21:19:34::SCWPlatform::Found the Hw Db part of the input DSA
TRACE::2026-08-04.21:19:34::SCWMssOS::Checking the sw design at  D:/Work/projects/zybo_z7_projects/DD_RF/vitis/RFsender_platform/ps7_cortexa9_0/standalone_domain/bsp/system.mss
TRACE::2026-08-04.21:19:34::SCWMssOS::DEBUG:  swdes dump  D:/Work/projects/zybo_z7_projects/DD_RF/vitis/RFsender_platform/ps7_cortexa9_0/standalone_domain/bsp/system.mss|system_0||
D:/Work/projects/zybo_z7_projects/DD_RF/vitis/RFsender_platform/zynq_fsbl/zynq_fsbl_bsp/system.mss|system||

TRACE::2026-08-04.21:19:34::SCWMssOS::Sw design exists and opened at  D:/Work/projects/zybo_z7_projects/DD_RF/vitis/RFsender_platform/ps7_cortexa9_0/standalone_domain/bsp/system.mss
TRACE::2026-08-04.21:41:11::SCWPlatform::Clearing the existing platform
TRACE::2026-08-04.21:41:11::SCWSystem::Clearing the existing sysconfig
TRACE::2026-08-04.21:41:11::SCWBDomain::clearing the fsbl build
TRACE::2026-08-04.21:41:11::SCWMssOS::Removing the swdes entry for  D:/Work/projects/zybo_z7_projects/DD_RF/vitis/RFsender_platform/zynq_fsbl/zynq_fsbl_bsp/system.mss
TRACE::2026-08-04.21:41:11::SCWMssOS::Removing the swdes entry for  D:/Work/projects/zybo_z7_projects/DD_RF/vitis/RFsender_platform/ps7_cortexa9_0/standalone_domain/bsp/system.mss
TRACE::2026-08-04.21:41:11::SCWSystem::Clearing the domains completed.
TRACE::2026-08-04.21:41:11::SCWPlatform::Clearing the opened hw db.
TRACE::2026-08-04.21:41:11::SCWPlatform::DSA given D:/Work/projects/zybo_z7_projects/DD_RF/vitis/RFsender_platform/hw/onlySender.xsa
TRACE::2026-08-04.21:41:11::SCWPlatform::DSA absoulate path D:/Work/projects/zybo_z7_projects/DD_RF/vitis/RFsender_platform/hw/onlySender.xsa
TRACE::2026-08-04.21:41:11::SCWPlatform:: Platform location is D:/Work/projects/zybo_z7_projects/DD_RF/vitis/RFsender_platform/hw
TRACE::2026-08-04.21:41:11::SCWPlatform:: Platform Path D:/Work/projects/zybo_z7_projects/DD_RF/vitis/RFsender_platform/hw/onlySender.xsa
TRACE::2026-08-04.21:41:11::SCWPlatform:: Unique name xilinx:zybo-z7-10::0.0
TRACE::2026-08-04.21:41:11::SCWPlatform::Removing the HwDB with name D:/Work/projects/zybo_z7_projects/DD_RF/vitis/RFsender_platform/hw/onlySender.xsa
TRACE::2026-08-04.21:41:11::SCWPlatform::Trying to open the hw design at D:/Work/projects/zybo_z7_projects/DD_RF/vitis/RFsender_platform/hw/onlySender.xsa
TRACE::2026-08-04.21:41:11::SCWPlatform::DSA given D:/Work/projects/zybo_z7_projects/DD_RF/vitis/RFsender_platform/hw/onlySender.xsa
TRACE::2026-08-04.21:41:11::SCWPlatform::DSA absoulate path D:/Work/projects/zybo_z7_projects/DD_RF/vitis/RFsender_platform/hw/onlySender.xsa
TRACE::2026-08-04.21:41:11::SCWPlatform::DSA directory D:/Work/projects/zybo_z7_projects/DD_RF/vitis/RFsender_platform/hw
TRACE::2026-08-04.21:41:11::SCWPlatform:: Platform Path D:/Work/projects/zybo_z7_projects/DD_RF/vitis/RFsender_platform/hw/onlySender.xsa
TRACE::2026-08-04.21:41:11::SCWPlatform:: Unique name xilinx:zybo-z7-10::0.0
TRACE::2026-08-04.21:41:11::SCWPlatform::Do not have an existing db opened. 
TRACE::2026-08-04.21:41:13::SCWPlatform::Opened new HwDB with name topSystem_3
TRACE::2026-08-04.21:41:13::SCWReader::Active system found as  RFsender_platform
TRACE::2026-08-04.21:41:13::SCWReader::Handling sysconfig RFsender_platform
TRACE::2026-08-04.21:41:13::SCWDomain::checking for install qemu data   : 
TRACE::2026-08-04.21:41:13::SCWDomain:: Using the QEMU Data from install at  : D:/Applications/Xilinx/Vitis/2024.2/data/emulation/platforms/zynq/sw/a9_standalone/qemu/
TRACE::2026-08-04.21:41:13::SCWDomain:: Using the QEMU args  from install at  : D:/Applications/Xilinx/Vitis/2024.2/data/emulation/platforms/zynq/sw/a9_standalone/qemu/qemu_args.txt
TRACE::2026-08-04.21:41:13::SCWPlatform::Trying to open the hw design at D:/Work/projects/zybo_z7_projects/DD_RF/vitis/RFsender_platform/hw/onlySender.xsa
TRACE::2026-08-04.21:41:13::SCWPlatform::DSA given D:/Work/projects/zybo_z7_projects/DD_RF/vitis/RFsender_platform/hw/onlySender.xsa
TRACE::2026-08-04.21:41:13::SCWPlatform::DSA absoulate path D:/Work/projects/zybo_z7_projects/DD_RF/vitis/RFsender_platform/hw/onlySender.xsa
TRACE::2026-08-04.21:41:13::SCWPlatform::DSA directory D:/Work/projects/zybo_z7_projects/DD_RF/vitis/RFsender_platform/hw
TRACE::2026-08-04.21:41:13::SCWPlatform:: Platform Path D:/Work/projects/zybo_z7_projects/DD_RF/vitis/RFsender_platform/hw/onlySender.xsa
TRACE::2026-08-04.21:41:13::SCWPlatform:: Unique name xilinx:zybo-z7-10::0.0
TRACE::2026-08-04.21:41:13::SCWPlatform::Trying to set the existing hwdb with name topSystem_3
TRACE::2026-08-04.21:41:13::SCWPlatform::Opened existing hwdb topSystem_3
TRACE::2026-08-04.21:41:13::SCWPlatform::Found the Hw Db part of the input DSA
TRACE::2026-08-04.21:41:13::SCWPlatform::Trying to open the hw design at D:/Work/projects/zybo_z7_projects/DD_RF/vitis/RFsender_platform/hw/onlySender.xsa
TRACE::2026-08-04.21:41:13::SCWPlatform::DSA given D:/Work/projects/zybo_z7_projects/DD_RF/vitis/RFsender_platform/hw/onlySender.xsa
TRACE::2026-08-04.21:41:13::SCWPlatform::DSA absoulate path D:/Work/projects/zybo_z7_projects/DD_RF/vitis/RFsender_platform/hw/onlySender.xsa
TRACE::2026-08-04.21:41:13::SCWPlatform::DSA directory D:/Work/projects/zybo_z7_projects/DD_RF/vitis/RFsender_platform/hw
TRACE::2026-08-04.21:41:13::SCWPlatform:: Platform Path D:/Work/projects/zybo_z7_projects/DD_RF/vitis/RFsender_platform/hw/onlySender.xsa
TRACE::2026-08-04.21:41:13::SCWPlatform:: Unique name xilinx:zybo-z7-10::0.0
TRACE::2026-08-04.21:41:13::SCWPlatform::Trying to set the existing hwdb with name topSystem_3
TRACE::2026-08-04.21:41:13::SCWPlatform::Opened existing hwdb topSystem_3
TRACE::2026-08-04.21:41:13::SCWPlatform::Found the Hw Db part of the input DSA
TRACE::2026-08-04.21:41:13::SCWPlatform::Trying to open the hw design at D:/Work/projects/zybo_z7_projects/DD_RF/vitis/RFsender_platform/hw/onlySender.xsa
TRACE::2026-08-04.21:41:13::SCWPlatform::DSA given D:/Work/projects/zybo_z7_projects/DD_RF/vitis/RFsender_platform/hw/onlySender.xsa
TRACE::2026-08-04.21:41:13::SCWPlatform::DSA absoulate path D:/Work/projects/zybo_z7_projects/DD_RF/vitis/RFsender_platform/hw/onlySender.xsa
TRACE::2026-08-04.21:41:13::SCWPlatform::DSA directory D:/Work/projects/zybo_z7_projects/DD_RF/vitis/RFsender_platform/hw
TRACE::2026-08-04.21:41:13::SCWPlatform:: Platform Path D:/Work/projects/zybo_z7_projects/DD_RF/vitis/RFsender_platform/hw/onlySender.xsa
TRACE::2026-08-04.21:41:13::SCWPlatform:: Unique name xilinx:zybo-z7-10::0.0
TRACE::2026-08-04.21:41:13::SCWPlatform::Trying to set the existing hwdb with name topSystem_3
TRACE::2026-08-04.21:41:13::SCWPlatform::Opened existing hwdb topSystem_3
TRACE::2026-08-04.21:41:13::SCWPlatform::Found the Hw Db part of the input DSA
TRACE::2026-08-04.21:41:13::SCWReader::Boot application domain added for zynq_fsbl
TRACE::2026-08-04.21:41:13::SCWPlatform::Trying to open the hw design at D:/Work/projects/zybo_z7_projects/DD_RF/vitis/RFsender_platform/hw/onlySender.xsa
TRACE::2026-08-04.21:41:13::SCWPlatform::DSA given D:/Work/projects/zybo_z7_projects/DD_RF/vitis/RFsender_platform/hw/onlySender.xsa
TRACE::2026-08-04.21:41:13::SCWPlatform::DSA absoulate path D:/Work/projects/zybo_z7_projects/DD_RF/vitis/RFsender_platform/hw/onlySender.xsa
TRACE::2026-08-04.21:41:13::SCWPlatform::DSA directory D:/Work/projects/zybo_z7_projects/DD_RF/vitis/RFsender_platform/hw
TRACE::2026-08-04.21:41:13::SCWPlatform:: Platform Path D:/Work/projects/zybo_z7_projects/DD_RF/vitis/RFsender_platform/hw/onlySender.xsa
TRACE::2026-08-04.21:41:13::SCWPlatform:: Unique name xilinx:zybo-z7-10::0.0
TRACE::2026-08-04.21:41:13::SCWPlatform::Trying to set the existing hwdb with name topSystem_3
TRACE::2026-08-04.21:41:13::SCWPlatform::Opened existing hwdb topSystem_3
TRACE::2026-08-04.21:41:13::SCWPlatform::Found the Hw Db part of the input DSA
TRACE::2026-08-04.21:41:13::SCWMssOS::Checking the sw design at  D:/Work/projects/zybo_z7_projects/DD_RF/vitis/RFsender_platform/zynq_fsbl/zynq_fsbl_bsp/system.mss
TRACE::2026-08-04.21:41:13::SCWMssOS::DEBUG:  swdes dump  
TRACE::2026-08-04.21:41:13::SCWMssOS::No sw design opened at  D:/Work/projects/zybo_z7_projects/DD_RF/vitis/RFsender_platform/zynq_fsbl/zynq_fsbl_bsp/system.mss
TRACE::2026-08-04.21:41:13::SCWMssOS::mss exists loading the mss file  D:/Work/projects/zybo_z7_projects/DD_RF/vitis/RFsender_platform/zynq_fsbl/zynq_fsbl_bsp/system.mss
TRACE::2026-08-04.21:41:13::SCWMssOS::Opened the sw design from mss  D:/Work/projects/zybo_z7_projects/DD_RF/vitis/RFsender_platform/zynq_fsbl/zynq_fsbl_bsp/system.mss
TRACE::2026-08-04.21:41:13::SCWMssOS::Adding the swdes entry D:/Work/projects/zybo_z7_projects/DD_RF/vitis/RFsender_platform/zynq_fsbl/zynq_fsbl_bsp/system.mss with des name system
TRACE::2026-08-04.21:41:13::SCWMssOS::updating the scw layer about changes
TRACE::2026-08-04.21:41:13::SCWMssOS::Opened the sw design.  D:/Work/projects/zybo_z7_projects/DD_RF/vitis/RFsender_platform/zynq_fsbl/zynq_fsbl_bsp/system.mss
TRACE::2026-08-04.21:41:13::SCWPlatform::Trying to open the hw design at D:/Work/projects/zybo_z7_projects/DD_RF/vitis/RFsender_platform/hw/onlySender.xsa
TRACE::2026-08-04.21:41:13::SCWPlatform::DSA given D:/Work/projects/zybo_z7_projects/DD_RF/vitis/RFsender_platform/hw/onlySender.xsa
TRACE::2026-08-04.21:41:13::SCWPlatform::DSA absoulate path D:/Work/projects/zybo_z7_projects/DD_RF/vitis/RFsender_platform/hw/onlySender.xsa
TRACE::2026-08-04.21:41:13::SCWPlatform::DSA directory D:/Work/projects/zybo_z7_projects/DD_RF/vitis/RFsender_platform/hw
TRACE::2026-08-04.21:41:13::SCWPlatform:: Platform Path D:/Work/projects/zybo_z7_projects/DD_RF/vitis/RFsender_platform/hw/onlySender.xsa
TRACE::2026-08-04.21:41:13::SCWPlatform:: Unique name xilinx:zybo-z7-10::0.0
TRACE::2026-08-04.21:41:13::SCWPlatform::Trying to set the existing hwdb with name topSystem_3
TRACE::2026-08-04.21:41:13::SCWPlatform::Opened existing hwdb topSystem_3
TRACE::2026-08-04.21:41:13::SCWPlatform::Found the Hw Db part of the input DSA
TRACE::2026-08-04.21:41:13::SCWMssOS::Checking the sw design at  D:/Work/projects/zybo_z7_projects/DD_RF/vitis/RFsender_platform/zynq_fsbl/zynq_fsbl_bsp/system.mss
TRACE::2026-08-04.21:41:13::SCWMssOS::DEBUG:  swdes dump  D:/Work/projects/zybo_z7_projects/DD_RF/vitis/RFsender_platform/zynq_fsbl/zynq_fsbl_bsp/system.mss|system||

TRACE::2026-08-04.21:41:13::SCWMssOS::Sw design exists and opened at  D:/Work/projects/zybo_z7_projects/DD_RF/vitis/RFsender_platform/zynq_fsbl/zynq_fsbl_bsp/system.mss
TRACE::2026-08-04.21:41:13::SCWMssOS:: library already available in sw design:  xilffs:5.3
TRACE::2026-08-04.21:41:13::SCWPlatform::Trying to open the hw design at D:/Work/projects/zybo_z7_projects/DD_RF/vitis/RFsender_platform/hw/onlySender.xsa
TRACE::2026-08-04.21:41:13::SCWPlatform::DSA given D:/Work/projects/zybo_z7_projects/DD_RF/vitis/RFsender_platform/hw/onlySender.xsa
TRACE::2026-08-04.21:41:13::SCWPlatform::DSA absoulate path D:/Work/projects/zybo_z7_projects/DD_RF/vitis/RFsender_platform/hw/onlySender.xsa
TRACE::2026-08-04.21:41:13::SCWPlatform::DSA directory D:/Work/projects/zybo_z7_projects/DD_RF/vitis/RFsender_platform/hw
TRACE::2026-08-04.21:41:13::SCWPlatform:: Platform Path D:/Work/projects/zybo_z7_projects/DD_RF/vitis/RFsender_platform/hw/onlySender.xsa
TRACE::2026-08-04.21:41:13::SCWPlatform:: Unique name xilinx:zybo-z7-10::0.0
TRACE::2026-08-04.21:41:13::SCWPlatform::Trying to set the existing hwdb with name topSystem_3
TRACE::2026-08-04.21:41:13::SCWPlatform::Opened existing hwdb topSystem_3
TRACE::2026-08-04.21:41:13::SCWPlatform::Found the Hw Db part of the input DSA
TRACE::2026-08-04.21:41:13::SCWMssOS::Checking the sw design at  D:/Work/projects/zybo_z7_projects/DD_RF/vitis/RFsender_platform/zynq_fsbl/zynq_fsbl_bsp/system.mss
TRACE::2026-08-04.21:41:13::SCWMssOS::DEBUG:  swdes dump  D:/Work/projects/zybo_z7_projects/DD_RF/vitis/RFsender_platform/zynq_fsbl/zynq_fsbl_bsp/system.mss|system||

TRACE::2026-08-04.21:41:13::SCWMssOS::Sw design exists and opened at  D:/Work/projects/zybo_z7_projects/DD_RF/vitis/RFsender_platform/zynq_fsbl/zynq_fsbl_bsp/system.mss
TRACE::2026-08-04.21:41:13::SCWMssOS:: library already available in sw design:  xilrsa:1.8
TRACE::2026-08-04.21:41:13::SCWMssOS::Saving the mss changes D:/Work/projects/zybo_z7_projects/DD_RF/vitis/RFsender_platform/zynq_fsbl/zynq_fsbl_bsp/system.mss
TRACE::2026-08-04.21:41:13::SCWMssOS::Found a swdesign opened with the mssfile.
TRACE::2026-08-04.21:41:13::SCWMssOS::Completed writemss as part of save.
TRACE::2026-08-04.21:41:13::SCWMssOS::Commit changes completed.
TRACE::2026-08-04.21:41:13::SCWReader::Adding prebuilt librarypaths as   
TRACE::2026-08-04.21:41:13::SCWReader::Adding prebuilt incpaths  as   
TRACE::2026-08-04.21:41:13::SCWPlatform::Trying to open the hw design at D:/Work/projects/zybo_z7_projects/DD_RF/vitis/RFsender_platform/hw/onlySender.xsa
TRACE::2026-08-04.21:41:13::SCWPlatform::DSA given D:/Work/projects/zybo_z7_projects/DD_RF/vitis/RFsender_platform/hw/onlySender.xsa
TRACE::2026-08-04.21:41:13::SCWPlatform::DSA absoulate path D:/Work/projects/zybo_z7_projects/DD_RF/vitis/RFsender_platform/hw/onlySender.xsa
TRACE::2026-08-04.21:41:13::SCWPlatform::DSA directory D:/Work/projects/zybo_z7_projects/DD_RF/vitis/RFsender_platform/hw
TRACE::2026-08-04.21:41:13::SCWPlatform:: Platform Path D:/Work/projects/zybo_z7_projects/DD_RF/vitis/RFsender_platform/hw/onlySender.xsa
TRACE::2026-08-04.21:41:13::SCWPlatform:: Unique name xilinx:zybo-z7-10::0.0
TRACE::2026-08-04.21:41:13::SCWPlatform::Trying to set the existing hwdb with name topSystem_3
TRACE::2026-08-04.21:41:13::SCWPlatform::Opened existing hwdb topSystem_3
TRACE::2026-08-04.21:41:13::SCWPlatform::Found the Hw Db part of the input DSA
TRACE::2026-08-04.21:41:13::SCWMssOS::Checking the sw design at  D:/Work/projects/zybo_z7_projects/DD_RF/vitis/RFsender_platform/zynq_fsbl/zynq_fsbl_bsp/system.mss
TRACE::2026-08-04.21:41:13::SCWMssOS::DEBUG:  swdes dump  D:/Work/projects/zybo_z7_projects/DD_RF/vitis/RFsender_platform/zynq_fsbl/zynq_fsbl_bsp/system.mss|system||

TRACE::2026-08-04.21:41:13::SCWMssOS::Sw design exists and opened at  D:/Work/projects/zybo_z7_projects/DD_RF/vitis/RFsender_platform/zynq_fsbl/zynq_fsbl_bsp/system.mss
TRACE::2026-08-04.21:41:13::SCWReader::No isolation master present  
TRACE::2026-08-04.21:41:13::SCWDomain::checking for install qemu data   : 
TRACE::2026-08-04.21:41:13::SCWDomain:: Using the QEMU Data from install at  : D:/Applications/Xilinx/Vitis/2024.2/data/emulation/platforms/zynq/sw/a9_standalone/qemu/
TRACE::2026-08-04.21:41:13::SCWDomain:: Using the QEMU args  from install at  : D:/Applications/Xilinx/Vitis/2024.2/data/emulation/platforms/zynq/sw/a9_standalone/qemu/qemu_args.txt
TRACE::2026-08-04.21:41:13::SCWPlatform::Trying to open the hw design at D:/Work/projects/zybo_z7_projects/DD_RF/vitis/RFsender_platform/hw/onlySender.xsa
TRACE::2026-08-04.21:41:13::SCWPlatform::DSA given D:/Work/projects/zybo_z7_projects/DD_RF/vitis/RFsender_platform/hw/onlySender.xsa
TRACE::2026-08-04.21:41:13::SCWPlatform::DSA absoulate path D:/Work/projects/zybo_z7_projects/DD_RF/vitis/RFsender_platform/hw/onlySender.xsa
TRACE::2026-08-04.21:41:13::SCWPlatform::DSA directory D:/Work/projects/zybo_z7_projects/DD_RF/vitis/RFsender_platform/hw
TRACE::2026-08-04.21:41:13::SCWPlatform:: Platform Path D:/Work/projects/zybo_z7_projects/DD_RF/vitis/RFsender_platform/hw/onlySender.xsa
TRACE::2026-08-04.21:41:13::SCWPlatform:: Unique name xilinx:zybo-z7-10::0.0
TRACE::2026-08-04.21:41:13::SCWPlatform::Trying to set the existing hwdb with name topSystem_3
TRACE::2026-08-04.21:41:13::SCWPlatform::Opened existing hwdb topSystem_3
TRACE::2026-08-04.21:41:13::SCWPlatform::Found the Hw Db part of the input DSA
TRACE::2026-08-04.21:41:13::SCWPlatform::Trying to open the hw design at D:/Work/projects/zybo_z7_projects/DD_RF/vitis/RFsender_platform/hw/onlySender.xsa
TRACE::2026-08-04.21:41:13::SCWPlatform::DSA given D:/Work/projects/zybo_z7_projects/DD_RF/vitis/RFsender_platform/hw/onlySender.xsa
TRACE::2026-08-04.21:41:13::SCWPlatform::DSA absoulate path D:/Work/projects/zybo_z7_projects/DD_RF/vitis/RFsender_platform/hw/onlySender.xsa
TRACE::2026-08-04.21:41:13::SCWPlatform::DSA directory D:/Work/projects/zybo_z7_projects/DD_RF/vitis/RFsender_platform/hw
TRACE::2026-08-04.21:41:13::SCWPlatform:: Platform Path D:/Work/projects/zybo_z7_projects/DD_RF/vitis/RFsender_platform/hw/onlySender.xsa
TRACE::2026-08-04.21:41:13::SCWPlatform:: Unique name xilinx:zybo-z7-10::0.0
TRACE::2026-08-04.21:41:13::SCWPlatform::Trying to set the existing hwdb with name topSystem_3
TRACE::2026-08-04.21:41:13::SCWPlatform::Opened existing hwdb topSystem_3
TRACE::2026-08-04.21:41:13::SCWPlatform::Found the Hw Db part of the input DSA
TRACE::2026-08-04.21:41:13::SCWPlatform::Trying to open the hw design at D:/Work/projects/zybo_z7_projects/DD_RF/vitis/RFsender_platform/hw/onlySender.xsa
TRACE::2026-08-04.21:41:13::SCWPlatform::DSA given D:/Work/projects/zybo_z7_projects/DD_RF/vitis/RFsender_platform/hw/onlySender.xsa
TRACE::2026-08-04.21:41:13::SCWPlatform::DSA absoulate path D:/Work/projects/zybo_z7_projects/DD_RF/vitis/RFsender_platform/hw/onlySender.xsa
TRACE::2026-08-04.21:41:13::SCWPlatform::DSA directory D:/Work/projects/zybo_z7_projects/DD_RF/vitis/RFsender_platform/hw
TRACE::2026-08-04.21:41:13::SCWPlatform:: Platform Path D:/Work/projects/zybo_z7_projects/DD_RF/vitis/RFsender_platform/hw/onlySender.xsa
TRACE::2026-08-04.21:41:13::SCWPlatform:: Unique name xilinx:zybo-z7-10::0.0
TRACE::2026-08-04.21:41:13::SCWPlatform::Trying to set the existing hwdb with name topSystem_3
TRACE::2026-08-04.21:41:13::SCWPlatform::Opened existing hwdb topSystem_3
TRACE::2026-08-04.21:41:13::SCWPlatform::Found the Hw Db part of the input DSA
TRACE::2026-08-04.21:41:13::SCWMssOS::Checking the sw design at  D:/Work/projects/zybo_z7_projects/DD_RF/vitis/RFsender_platform/ps7_cortexa9_0/standalone_domain/bsp/system.mss
TRACE::2026-08-04.21:41:13::SCWMssOS::DEBUG:  swdes dump  D:/Work/projects/zybo_z7_projects/DD_RF/vitis/RFsender_platform/zynq_fsbl/zynq_fsbl_bsp/system.mss|system||

TRACE::2026-08-04.21:41:13::SCWMssOS::No sw design opened at  D:/Work/projects/zybo_z7_projects/DD_RF/vitis/RFsender_platform/ps7_cortexa9_0/standalone_domain/bsp/system.mss
TRACE::2026-08-04.21:41:13::SCWMssOS::mss exists loading the mss file  D:/Work/projects/zybo_z7_projects/DD_RF/vitis/RFsender_platform/ps7_cortexa9_0/standalone_domain/bsp/system.mss
TRACE::2026-08-04.21:41:13::SCWMssOS::Opened the sw design from mss  D:/Work/projects/zybo_z7_projects/DD_RF/vitis/RFsender_platform/ps7_cortexa9_0/standalone_domain/bsp/system.mss
TRACE::2026-08-04.21:41:13::SCWMssOS::Adding the swdes entry D:/Work/projects/zybo_z7_projects/DD_RF/vitis/RFsender_platform/ps7_cortexa9_0/standalone_domain/bsp/system.mss with des name system_0
TRACE::2026-08-04.21:41:13::SCWMssOS::updating the scw layer about changes
TRACE::2026-08-04.21:41:13::SCWMssOS::Opened the sw design.  D:/Work/projects/zybo_z7_projects/DD_RF/vitis/RFsender_platform/ps7_cortexa9_0/standalone_domain/bsp/system.mss
TRACE::2026-08-04.21:41:13::SCWPlatform::Trying to open the hw design at D:/Work/projects/zybo_z7_projects/DD_RF/vitis/RFsender_platform/hw/onlySender.xsa
TRACE::2026-08-04.21:41:13::SCWPlatform::DSA given D:/Work/projects/zybo_z7_projects/DD_RF/vitis/RFsender_platform/hw/onlySender.xsa
TRACE::2026-08-04.21:41:13::SCWPlatform::DSA absoulate path D:/Work/projects/zybo_z7_projects/DD_RF/vitis/RFsender_platform/hw/onlySender.xsa
TRACE::2026-08-04.21:41:13::SCWPlatform::DSA directory D:/Work/projects/zybo_z7_projects/DD_RF/vitis/RFsender_platform/hw
TRACE::2026-08-04.21:41:13::SCWPlatform:: Platform Path D:/Work/projects/zybo_z7_projects/DD_RF/vitis/RFsender_platform/hw/onlySender.xsa
TRACE::2026-08-04.21:41:13::SCWPlatform:: Unique name xilinx:zybo-z7-10::0.0
TRACE::2026-08-04.21:41:13::SCWPlatform::Trying to set the existing hwdb with name topSystem_3
TRACE::2026-08-04.21:41:13::SCWPlatform::Opened existing hwdb topSystem_3
TRACE::2026-08-04.21:41:13::SCWPlatform::Found the Hw Db part of the input DSA
TRACE::2026-08-04.21:41:13::SCWMssOS::Checking the sw design at  D:/Work/projects/zybo_z7_projects/DD_RF/vitis/RFsender_platform/ps7_cortexa9_0/standalone_domain/bsp/system.mss
TRACE::2026-08-04.21:41:13::SCWMssOS::DEBUG:  swdes dump  D:/Work/projects/zybo_z7_projects/DD_RF/vitis/RFsender_platform/ps7_cortexa9_0/standalone_domain/bsp/system.mss|system_0||
D:/Work/projects/zybo_z7_projects/DD_RF/vitis/RFsender_platform/zynq_fsbl/zynq_fsbl_bsp/system.mss|system||

TRACE::2026-08-04.21:41:13::SCWMssOS::Sw design exists and opened at  D:/Work/projects/zybo_z7_projects/DD_RF/vitis/RFsender_platform/ps7_cortexa9_0/standalone_domain/bsp/system.mss
TRACE::2026-08-04.21:41:13::SCWMssOS:: library already available in sw design:  xilffs:5.3
TRACE::2026-08-04.21:41:13::SCWMssOS::Saving the mss changes D:/Work/projects/zybo_z7_projects/DD_RF/vitis/RFsender_platform/ps7_cortexa9_0/standalone_domain/bsp/system.mss
TRACE::2026-08-04.21:41:13::SCWMssOS::Found a swdesign opened with the mssfile.
TRACE::2026-08-04.21:41:13::SCWMssOS::Completed writemss as part of save.
TRACE::2026-08-04.21:41:13::SCWMssOS::Commit changes completed.
TRACE::2026-08-04.21:41:13::SCWReader::Adding prebuilt librarypaths as   
TRACE::2026-08-04.21:41:13::SCWReader::Adding prebuilt incpaths  as   
TRACE::2026-08-04.21:41:13::SCWPlatform::Trying to open the hw design at D:/Work/projects/zybo_z7_projects/DD_RF/vitis/RFsender_platform/hw/onlySender.xsa
TRACE::2026-08-04.21:41:13::SCWPlatform::DSA given D:/Work/projects/zybo_z7_projects/DD_RF/vitis/RFsender_platform/hw/onlySender.xsa
TRACE::2026-08-04.21:41:13::SCWPlatform::DSA absoulate path D:/Work/projects/zybo_z7_projects/DD_RF/vitis/RFsender_platform/hw/onlySender.xsa
TRACE::2026-08-04.21:41:13::SCWPlatform::DSA directory D:/Work/projects/zybo_z7_projects/DD_RF/vitis/RFsender_platform/hw
TRACE::2026-08-04.21:41:13::SCWPlatform:: Platform Path D:/Work/projects/zybo_z7_projects/DD_RF/vitis/RFsender_platform/hw/onlySender.xsa
TRACE::2026-08-04.21:41:13::SCWPlatform:: Unique name xilinx:zybo-z7-10::0.0
TRACE::2026-08-04.21:41:13::SCWPlatform::Trying to set the existing hwdb with name topSystem_3
TRACE::2026-08-04.21:41:13::SCWPlatform::Opened existing hwdb topSystem_3
TRACE::2026-08-04.21:41:13::SCWPlatform::Found the Hw Db part of the input DSA
TRACE::2026-08-04.21:41:13::SCWMssOS::Checking the sw design at  D:/Work/projects/zybo_z7_projects/DD_RF/vitis/RFsender_platform/ps7_cortexa9_0/standalone_domain/bsp/system.mss
TRACE::2026-08-04.21:41:13::SCWMssOS::DEBUG:  swdes dump  D:/Work/projects/zybo_z7_projects/DD_RF/vitis/RFsender_platform/ps7_cortexa9_0/standalone_domain/bsp/system.mss|system_0||
D:/Work/projects/zybo_z7_projects/DD_RF/vitis/RFsender_platform/zynq_fsbl/zynq_fsbl_bsp/system.mss|system||

TRACE::2026-08-04.21:41:13::SCWMssOS::Sw design exists and opened at  D:/Work/projects/zybo_z7_projects/DD_RF/vitis/RFsender_platform/ps7_cortexa9_0/standalone_domain/bsp/system.mss
TRACE::2026-08-04.21:41:13::SCWReader::No isolation master present  
TRACE::2026-08-04.21:41:19::SCWPlatform::DSA given D:/Work/projects/zybo_z7_projects/DD_RF/vitis/RFsender_platform/tempdsa/onlySender.xsa
TRACE::2026-08-04.21:41:19::SCWPlatform::DSA absoulate path D:/Work/projects/zybo_z7_projects/DD_RF/vitis/RFsender_platform/tempdsa/onlySender.xsa
TRACE::2026-08-04.21:41:19::SCWPlatform:: Platform location is D:/Work/projects/zybo_z7_projects/DD_RF/vitis/RFsender_platform/tempdsa
TRACE::2026-08-04.21:41:19::SCWPlatform:: Platform Path D:/Work/projects/zybo_z7_projects/DD_RF/vitis/RFsender_platform/tempdsa/onlySender.xsa
TRACE::2026-08-04.21:41:19::SCWPlatform:: Unique name xilinx:zybo-z7-10::0.0
ERROR::2026-08-04.21:41:19::SCWPlatform::Error: Hw specification provided does not have the HwDb, please check: D:/Work/projects/zybo_z7_projects/DD_RF/vivado/project_1/onlySender.xsa
TRACE::2026-08-04.21:41:25::SCWPlatform::Clearing the existing platform
TRACE::2026-08-04.21:41:25::SCWSystem::Clearing the existing sysconfig
TRACE::2026-08-04.21:41:25::SCWBDomain::clearing the fsbl build
TRACE::2026-08-04.21:41:25::SCWMssOS::Removing the swdes entry for  D:/Work/projects/zybo_z7_projects/DD_RF/vitis/RFsender_platform/zynq_fsbl/zynq_fsbl_bsp/system.mss
TRACE::2026-08-04.21:41:25::SCWMssOS::Removing the swdes entry for  D:/Work/projects/zybo_z7_projects/DD_RF/vitis/RFsender_platform/ps7_cortexa9_0/standalone_domain/bsp/system.mss
TRACE::2026-08-04.21:41:25::SCWSystem::Clearing the domains completed.
TRACE::2026-08-04.21:41:25::SCWPlatform::Clearing the opened hw db.
TRACE::2026-08-04.21:41:25::SCWPlatform::DSA given D:/Work/projects/zybo_z7_projects/DD_RF/vitis/RFsender_platform/hw/onlySender.xsa
TRACE::2026-08-04.21:41:25::SCWPlatform::DSA absoulate path D:/Work/projects/zybo_z7_projects/DD_RF/vitis/RFsender_platform/hw/onlySender.xsa
TRACE::2026-08-04.21:41:25::SCWPlatform:: Platform location is D:/Work/projects/zybo_z7_projects/DD_RF/vitis/RFsender_platform/hw
TRACE::2026-08-04.21:41:25::SCWPlatform:: Platform Path D:/Work/projects/zybo_z7_projects/DD_RF/vitis/RFsender_platform/hw/onlySender.xsa
TRACE::2026-08-04.21:41:25::SCWPlatform:: Unique name xilinx:zybo-z7-10::0.0
TRACE::2026-08-04.21:41:25::SCWPlatform::Removing the HwDB with name D:/Work/projects/zybo_z7_projects/DD_RF/vitis/RFsender_platform/hw/onlySender.xsa
TRACE::2026-08-04.21:41:25::SCWPlatform::Trying to open the hw design at D:/Work/projects/zybo_z7_projects/DD_RF/vitis/RFsender_platform/hw/onlySender.xsa
TRACE::2026-08-04.21:41:25::SCWPlatform::DSA given D:/Work/projects/zybo_z7_projects/DD_RF/vitis/RFsender_platform/hw/onlySender.xsa
TRACE::2026-08-04.21:41:25::SCWPlatform::DSA absoulate path D:/Work/projects/zybo_z7_projects/DD_RF/vitis/RFsender_platform/hw/onlySender.xsa
TRACE::2026-08-04.21:41:25::SCWPlatform::DSA directory D:/Work/projects/zybo_z7_projects/DD_RF/vitis/RFsender_platform/hw
TRACE::2026-08-04.21:41:25::SCWPlatform:: Platform Path D:/Work/projects/zybo_z7_projects/DD_RF/vitis/RFsender_platform/hw/onlySender.xsa
TRACE::2026-08-04.21:41:25::SCWPlatform:: Unique name xilinx:zybo-z7-10::0.0
TRACE::2026-08-04.21:41:25::SCWPlatform::Do not have an existing db opened. 
TRACE::2026-08-04.21:41:27::SCWPlatform::Opened new HwDB with name topSystem_4
TRACE::2026-08-04.21:41:27::SCWReader::Active system found as  RFsender_platform
TRACE::2026-08-04.21:41:27::SCWReader::Handling sysconfig RFsender_platform
TRACE::2026-08-04.21:41:27::SCWDomain::checking for install qemu data   : 
TRACE::2026-08-04.21:41:27::SCWDomain:: Using the QEMU Data from install at  : D:/Applications/Xilinx/Vitis/2024.2/data/emulation/platforms/zynq/sw/a9_standalone/qemu/
TRACE::2026-08-04.21:41:27::SCWDomain:: Using the QEMU args  from install at  : D:/Applications/Xilinx/Vitis/2024.2/data/emulation/platforms/zynq/sw/a9_standalone/qemu/qemu_args.txt
TRACE::2026-08-04.21:41:27::SCWPlatform::Trying to open the hw design at D:/Work/projects/zybo_z7_projects/DD_RF/vitis/RFsender_platform/hw/onlySender.xsa
TRACE::2026-08-04.21:41:27::SCWPlatform::DSA given D:/Work/projects/zybo_z7_projects/DD_RF/vitis/RFsender_platform/hw/onlySender.xsa
TRACE::2026-08-04.21:41:27::SCWPlatform::DSA absoulate path D:/Work/projects/zybo_z7_projects/DD_RF/vitis/RFsender_platform/hw/onlySender.xsa
TRACE::2026-08-04.21:41:27::SCWPlatform::DSA directory D:/Work/projects/zybo_z7_projects/DD_RF/vitis/RFsender_platform/hw
TRACE::2026-08-04.21:41:27::SCWPlatform:: Platform Path D:/Work/projects/zybo_z7_projects/DD_RF/vitis/RFsender_platform/hw/onlySender.xsa
TRACE::2026-08-04.21:41:27::SCWPlatform:: Unique name xilinx:zybo-z7-10::0.0
TRACE::2026-08-04.21:41:27::SCWPlatform::Trying to set the existing hwdb with name topSystem_4
TRACE::2026-08-04.21:41:27::SCWPlatform::Opened existing hwdb topSystem_4
TRACE::2026-08-04.21:41:27::SCWPlatform::Found the Hw Db part of the input DSA
TRACE::2026-08-04.21:41:27::SCWPlatform::Trying to open the hw design at D:/Work/projects/zybo_z7_projects/DD_RF/vitis/RFsender_platform/hw/onlySender.xsa
TRACE::2026-08-04.21:41:27::SCWPlatform::DSA given D:/Work/projects/zybo_z7_projects/DD_RF/vitis/RFsender_platform/hw/onlySender.xsa
TRACE::2026-08-04.21:41:27::SCWPlatform::DSA absoulate path D:/Work/projects/zybo_z7_projects/DD_RF/vitis/RFsender_platform/hw/onlySender.xsa
TRACE::2026-08-04.21:41:27::SCWPlatform::DSA directory D:/Work/projects/zybo_z7_projects/DD_RF/vitis/RFsender_platform/hw
TRACE::2026-08-04.21:41:27::SCWPlatform:: Platform Path D:/Work/projects/zybo_z7_projects/DD_RF/vitis/RFsender_platform/hw/onlySender.xsa
TRACE::2026-08-04.21:41:27::SCWPlatform:: Unique name xilinx:zybo-z7-10::0.0
TRACE::2026-08-04.21:41:27::SCWPlatform::Trying to set the existing hwdb with name topSystem_4
TRACE::2026-08-04.21:41:27::SCWPlatform::Opened existing hwdb topSystem_4
TRACE::2026-08-04.21:41:27::SCWPlatform::Found the Hw Db part of the input DSA
TRACE::2026-08-04.21:41:27::SCWPlatform::Trying to open the hw design at D:/Work/projects/zybo_z7_projects/DD_RF/vitis/RFsender_platform/hw/onlySender.xsa
TRACE::2026-08-04.21:41:27::SCWPlatform::DSA given D:/Work/projects/zybo_z7_projects/DD_RF/vitis/RFsender_platform/hw/onlySender.xsa
TRACE::2026-08-04.21:41:27::SCWPlatform::DSA absoulate path D:/Work/projects/zybo_z7_projects/DD_RF/vitis/RFsender_platform/hw/onlySender.xsa
TRACE::2026-08-04.21:41:27::SCWPlatform::DSA directory D:/Work/projects/zybo_z7_projects/DD_RF/vitis/RFsender_platform/hw
TRACE::2026-08-04.21:41:27::SCWPlatform:: Platform Path D:/Work/projects/zybo_z7_projects/DD_RF/vitis/RFsender_platform/hw/onlySender.xsa
TRACE::2026-08-04.21:41:27::SCWPlatform:: Unique name xilinx:zybo-z7-10::0.0
TRACE::2026-08-04.21:41:27::SCWPlatform::Trying to set the existing hwdb with name topSystem_4
TRACE::2026-08-04.21:41:27::SCWPlatform::Opened existing hwdb topSystem_4
TRACE::2026-08-04.21:41:27::SCWPlatform::Found the Hw Db part of the input DSA
TRACE::2026-08-04.21:41:27::SCWReader::Boot application domain added for zynq_fsbl
TRACE::2026-08-04.21:41:27::SCWPlatform::Trying to open the hw design at D:/Work/projects/zybo_z7_projects/DD_RF/vitis/RFsender_platform/hw/onlySender.xsa
TRACE::2026-08-04.21:41:27::SCWPlatform::DSA given D:/Work/projects/zybo_z7_projects/DD_RF/vitis/RFsender_platform/hw/onlySender.xsa
TRACE::2026-08-04.21:41:27::SCWPlatform::DSA absoulate path D:/Work/projects/zybo_z7_projects/DD_RF/vitis/RFsender_platform/hw/onlySender.xsa
TRACE::2026-08-04.21:41:27::SCWPlatform::DSA directory D:/Work/projects/zybo_z7_projects/DD_RF/vitis/RFsender_platform/hw
TRACE::2026-08-04.21:41:27::SCWPlatform:: Platform Path D:/Work/projects/zybo_z7_projects/DD_RF/vitis/RFsender_platform/hw/onlySender.xsa
TRACE::2026-08-04.21:41:27::SCWPlatform:: Unique name xilinx:zybo-z7-10::0.0
TRACE::2026-08-04.21:41:27::SCWPlatform::Trying to set the existing hwdb with name topSystem_4
TRACE::2026-08-04.21:41:27::SCWPlatform::Opened existing hwdb topSystem_4
TRACE::2026-08-04.21:41:27::SCWPlatform::Found the Hw Db part of the input DSA
TRACE::2026-08-04.21:41:27::SCWMssOS::Checking the sw design at  D:/Work/projects/zybo_z7_projects/DD_RF/vitis/RFsender_platform/zynq_fsbl/zynq_fsbl_bsp/system.mss
TRACE::2026-08-04.21:41:27::SCWMssOS::DEBUG:  swdes dump  
TRACE::2026-08-04.21:41:27::SCWMssOS::No sw design opened at  D:/Work/projects/zybo_z7_projects/DD_RF/vitis/RFsender_platform/zynq_fsbl/zynq_fsbl_bsp/system.mss
TRACE::2026-08-04.21:41:27::SCWMssOS::mss exists loading the mss file  D:/Work/projects/zybo_z7_projects/DD_RF/vitis/RFsender_platform/zynq_fsbl/zynq_fsbl_bsp/system.mss
TRACE::2026-08-04.21:41:27::SCWMssOS::Opened the sw design from mss  D:/Work/projects/zybo_z7_projects/DD_RF/vitis/RFsender_platform/zynq_fsbl/zynq_fsbl_bsp/system.mss
TRACE::2026-08-04.21:41:27::SCWMssOS::Adding the swdes entry D:/Work/projects/zybo_z7_projects/DD_RF/vitis/RFsender_platform/zynq_fsbl/zynq_fsbl_bsp/system.mss with des name system
TRACE::2026-08-04.21:41:27::SCWMssOS::updating the scw layer about changes
TRACE::2026-08-04.21:41:27::SCWMssOS::Opened the sw design.  D:/Work/projects/zybo_z7_projects/DD_RF/vitis/RFsender_platform/zynq_fsbl/zynq_fsbl_bsp/system.mss
TRACE::2026-08-04.21:41:27::SCWPlatform::Trying to open the hw design at D:/Work/projects/zybo_z7_projects/DD_RF/vitis/RFsender_platform/hw/onlySender.xsa
TRACE::2026-08-04.21:41:27::SCWPlatform::DSA given D:/Work/projects/zybo_z7_projects/DD_RF/vitis/RFsender_platform/hw/onlySender.xsa
TRACE::2026-08-04.21:41:27::SCWPlatform::DSA absoulate path D:/Work/projects/zybo_z7_projects/DD_RF/vitis/RFsender_platform/hw/onlySender.xsa
TRACE::2026-08-04.21:41:27::SCWPlatform::DSA directory D:/Work/projects/zybo_z7_projects/DD_RF/vitis/RFsender_platform/hw
TRACE::2026-08-04.21:41:27::SCWPlatform:: Platform Path D:/Work/projects/zybo_z7_projects/DD_RF/vitis/RFsender_platform/hw/onlySender.xsa
TRACE::2026-08-04.21:41:27::SCWPlatform:: Unique name xilinx:zybo-z7-10::0.0
TRACE::2026-08-04.21:41:27::SCWPlatform::Trying to set the existing hwdb with name topSystem_4
TRACE::2026-08-04.21:41:27::SCWPlatform::Opened existing hwdb topSystem_4
TRACE::2026-08-04.21:41:27::SCWPlatform::Found the Hw Db part of the input DSA
TRACE::2026-08-04.21:41:27::SCWMssOS::Checking the sw design at  D:/Work/projects/zybo_z7_projects/DD_RF/vitis/RFsender_platform/zynq_fsbl/zynq_fsbl_bsp/system.mss
TRACE::2026-08-04.21:41:27::SCWMssOS::DEBUG:  swdes dump  D:/Work/projects/zybo_z7_projects/DD_RF/vitis/RFsender_platform/zynq_fsbl/zynq_fsbl_bsp/system.mss|system||

TRACE::2026-08-04.21:41:27::SCWMssOS::Sw design exists and opened at  D:/Work/projects/zybo_z7_projects/DD_RF/vitis/RFsender_platform/zynq_fsbl/zynq_fsbl_bsp/system.mss
TRACE::2026-08-04.21:41:27::SCWMssOS:: library already available in sw design:  xilffs:5.3
TRACE::2026-08-04.21:41:27::SCWPlatform::Trying to open the hw design at D:/Work/projects/zybo_z7_projects/DD_RF/vitis/RFsender_platform/hw/onlySender.xsa
TRACE::2026-08-04.21:41:27::SCWPlatform::DSA given D:/Work/projects/zybo_z7_projects/DD_RF/vitis/RFsender_platform/hw/onlySender.xsa
TRACE::2026-08-04.21:41:27::SCWPlatform::DSA absoulate path D:/Work/projects/zybo_z7_projects/DD_RF/vitis/RFsender_platform/hw/onlySender.xsa
TRACE::2026-08-04.21:41:27::SCWPlatform::DSA directory D:/Work/projects/zybo_z7_projects/DD_RF/vitis/RFsender_platform/hw
TRACE::2026-08-04.21:41:27::SCWPlatform:: Platform Path D:/Work/projects/zybo_z7_projects/DD_RF/vitis/RFsender_platform/hw/onlySender.xsa
TRACE::2026-08-04.21:41:27::SCWPlatform:: Unique name xilinx:zybo-z7-10::0.0
TRACE::2026-08-04.21:41:27::SCWPlatform::Trying to set the existing hwdb with name topSystem_4
TRACE::2026-08-04.21:41:27::SCWPlatform::Opened existing hwdb topSystem_4
TRACE::2026-08-04.21:41:27::SCWPlatform::Found the Hw Db part of the input DSA
TRACE::2026-08-04.21:41:27::SCWMssOS::Checking the sw design at  D:/Work/projects/zybo_z7_projects/DD_RF/vitis/RFsender_platform/zynq_fsbl/zynq_fsbl_bsp/system.mss
TRACE::2026-08-04.21:41:27::SCWMssOS::DEBUG:  swdes dump  D:/Work/projects/zybo_z7_projects/DD_RF/vitis/RFsender_platform/zynq_fsbl/zynq_fsbl_bsp/system.mss|system||

TRACE::2026-08-04.21:41:27::SCWMssOS::Sw design exists and opened at  D:/Work/projects/zybo_z7_projects/DD_RF/vitis/RFsender_platform/zynq_fsbl/zynq_fsbl_bsp/system.mss
TRACE::2026-08-04.21:41:27::SCWMssOS:: library already available in sw design:  xilrsa:1.8
TRACE::2026-08-04.21:41:27::SCWMssOS::Saving the mss changes D:/Work/projects/zybo_z7_projects/DD_RF/vitis/RFsender_platform/zynq_fsbl/zynq_fsbl_bsp/system.mss
TRACE::2026-08-04.21:41:27::SCWMssOS::Found a swdesign opened with the mssfile.
TRACE::2026-08-04.21:41:27::SCWMssOS::Completed writemss as part of save.
TRACE::2026-08-04.21:41:27::SCWMssOS::Commit changes completed.
TRACE::2026-08-04.21:41:27::SCWReader::Adding prebuilt librarypaths as   
TRACE::2026-08-04.21:41:27::SCWReader::Adding prebuilt incpaths  as   
TRACE::2026-08-04.21:41:27::SCWPlatform::Trying to open the hw design at D:/Work/projects/zybo_z7_projects/DD_RF/vitis/RFsender_platform/hw/onlySender.xsa
TRACE::2026-08-04.21:41:27::SCWPlatform::DSA given D:/Work/projects/zybo_z7_projects/DD_RF/vitis/RFsender_platform/hw/onlySender.xsa
TRACE::2026-08-04.21:41:27::SCWPlatform::DSA absoulate path D:/Work/projects/zybo_z7_projects/DD_RF/vitis/RFsender_platform/hw/onlySender.xsa
TRACE::2026-08-04.21:41:27::SCWPlatform::DSA directory D:/Work/projects/zybo_z7_projects/DD_RF/vitis/RFsender_platform/hw
TRACE::2026-08-04.21:41:27::SCWPlatform:: Platform Path D:/Work/projects/zybo_z7_projects/DD_RF/vitis/RFsender_platform/hw/onlySender.xsa
TRACE::2026-08-04.21:41:27::SCWPlatform:: Unique name xilinx:zybo-z7-10::0.0
TRACE::2026-08-04.21:41:27::SCWPlatform::Trying to set the existing hwdb with name topSystem_4
TRACE::2026-08-04.21:41:27::SCWPlatform::Opened existing hwdb topSystem_4
TRACE::2026-08-04.21:41:27::SCWPlatform::Found the Hw Db part of the input DSA
TRACE::2026-08-04.21:41:27::SCWMssOS::Checking the sw design at  D:/Work/projects/zybo_z7_projects/DD_RF/vitis/RFsender_platform/zynq_fsbl/zynq_fsbl_bsp/system.mss
TRACE::2026-08-04.21:41:27::SCWMssOS::DEBUG:  swdes dump  D:/Work/projects/zybo_z7_projects/DD_RF/vitis/RFsender_platform/zynq_fsbl/zynq_fsbl_bsp/system.mss|system||

TRACE::2026-08-04.21:41:27::SCWMssOS::Sw design exists and opened at  D:/Work/projects/zybo_z7_projects/DD_RF/vitis/RFsender_platform/zynq_fsbl/zynq_fsbl_bsp/system.mss
TRACE::2026-08-04.21:41:27::SCWReader::No isolation master present  
TRACE::2026-08-04.21:41:27::SCWDomain::checking for install qemu data   : 
TRACE::2026-08-04.21:41:27::SCWDomain:: Using the QEMU Data from install at  : D:/Applications/Xilinx/Vitis/2024.2/data/emulation/platforms/zynq/sw/a9_standalone/qemu/
TRACE::2026-08-04.21:41:27::SCWDomain:: Using the QEMU args  from install at  : D:/Applications/Xilinx/Vitis/2024.2/data/emulation/platforms/zynq/sw/a9_standalone/qemu/qemu_args.txt
TRACE::2026-08-04.21:41:27::SCWPlatform::Trying to open the hw design at D:/Work/projects/zybo_z7_projects/DD_RF/vitis/RFsender_platform/hw/onlySender.xsa
TRACE::2026-08-04.21:41:27::SCWPlatform::DSA given D:/Work/projects/zybo_z7_projects/DD_RF/vitis/RFsender_platform/hw/onlySender.xsa
TRACE::2026-08-04.21:41:27::SCWPlatform::DSA absoulate path D:/Work/projects/zybo_z7_projects/DD_RF/vitis/RFsender_platform/hw/onlySender.xsa
TRACE::2026-08-04.21:41:27::SCWPlatform::DSA directory D:/Work/projects/zybo_z7_projects/DD_RF/vitis/RFsender_platform/hw
TRACE::2026-08-04.21:41:27::SCWPlatform:: Platform Path D:/Work/projects/zybo_z7_projects/DD_RF/vitis/RFsender_platform/hw/onlySender.xsa
TRACE::2026-08-04.21:41:27::SCWPlatform:: Unique name xilinx:zybo-z7-10::0.0
TRACE::2026-08-04.21:41:27::SCWPlatform::Trying to set the existing hwdb with name topSystem_4
TRACE::2026-08-04.21:41:27::SCWPlatform::Opened existing hwdb topSystem_4
TRACE::2026-08-04.21:41:27::SCWPlatform::Found the Hw Db part of the input DSA
TRACE::2026-08-04.21:41:27::SCWPlatform::Trying to open the hw design at D:/Work/projects/zybo_z7_projects/DD_RF/vitis/RFsender_platform/hw/onlySender.xsa
TRACE::2026-08-04.21:41:27::SCWPlatform::DSA given D:/Work/projects/zybo_z7_projects/DD_RF/vitis/RFsender_platform/hw/onlySender.xsa
TRACE::2026-08-04.21:41:27::SCWPlatform::DSA absoulate path D:/Work/projects/zybo_z7_projects/DD_RF/vitis/RFsender_platform/hw/onlySender.xsa
TRACE::2026-08-04.21:41:27::SCWPlatform::DSA directory D:/Work/projects/zybo_z7_projects/DD_RF/vitis/RFsender_platform/hw
TRACE::2026-08-04.21:41:27::SCWPlatform:: Platform Path D:/Work/projects/zybo_z7_projects/DD_RF/vitis/RFsender_platform/hw/onlySender.xsa
TRACE::2026-08-04.21:41:27::SCWPlatform:: Unique name xilinx:zybo-z7-10::0.0
TRACE::2026-08-04.21:41:27::SCWPlatform::Trying to set the existing hwdb with name topSystem_4
TRACE::2026-08-04.21:41:27::SCWPlatform::Opened existing hwdb topSystem_4
TRACE::2026-08-04.21:41:27::SCWPlatform::Found the Hw Db part of the input DSA
TRACE::2026-08-04.21:41:27::SCWPlatform::Trying to open the hw design at D:/Work/projects/zybo_z7_projects/DD_RF/vitis/RFsender_platform/hw/onlySender.xsa
TRACE::2026-08-04.21:41:27::SCWPlatform::DSA given D:/Work/projects/zybo_z7_projects/DD_RF/vitis/RFsender_platform/hw/onlySender.xsa
TRACE::2026-08-04.21:41:27::SCWPlatform::DSA absoulate path D:/Work/projects/zybo_z7_projects/DD_RF/vitis/RFsender_platform/hw/onlySender.xsa
TRACE::2026-08-04.21:41:27::SCWPlatform::DSA directory D:/Work/projects/zybo_z7_projects/DD_RF/vitis/RFsender_platform/hw
TRACE::2026-08-04.21:41:27::SCWPlatform:: Platform Path D:/Work/projects/zybo_z7_projects/DD_RF/vitis/RFsender_platform/hw/onlySender.xsa
TRACE::2026-08-04.21:41:27::SCWPlatform:: Unique name xilinx:zybo-z7-10::0.0
TRACE::2026-08-04.21:41:27::SCWPlatform::Trying to set the existing hwdb with name topSystem_4
TRACE::2026-08-04.21:41:27::SCWPlatform::Opened existing hwdb topSystem_4
TRACE::2026-08-04.21:41:27::SCWPlatform::Found the Hw Db part of the input DSA
TRACE::2026-08-04.21:41:27::SCWMssOS::Checking the sw design at  D:/Work/projects/zybo_z7_projects/DD_RF/vitis/RFsender_platform/ps7_cortexa9_0/standalone_domain/bsp/system.mss
TRACE::2026-08-04.21:41:27::SCWMssOS::DEBUG:  swdes dump  D:/Work/projects/zybo_z7_projects/DD_RF/vitis/RFsender_platform/zynq_fsbl/zynq_fsbl_bsp/system.mss|system||

TRACE::2026-08-04.21:41:27::SCWMssOS::No sw design opened at  D:/Work/projects/zybo_z7_projects/DD_RF/vitis/RFsender_platform/ps7_cortexa9_0/standalone_domain/bsp/system.mss
TRACE::2026-08-04.21:41:27::SCWMssOS::mss exists loading the mss file  D:/Work/projects/zybo_z7_projects/DD_RF/vitis/RFsender_platform/ps7_cortexa9_0/standalone_domain/bsp/system.mss
TRACE::2026-08-04.21:41:27::SCWMssOS::Opened the sw design from mss  D:/Work/projects/zybo_z7_projects/DD_RF/vitis/RFsender_platform/ps7_cortexa9_0/standalone_domain/bsp/system.mss
TRACE::2026-08-04.21:41:27::SCWMssOS::Adding the swdes entry D:/Work/projects/zybo_z7_projects/DD_RF/vitis/RFsender_platform/ps7_cortexa9_0/standalone_domain/bsp/system.mss with des name system_0
TRACE::2026-08-04.21:41:27::SCWMssOS::updating the scw layer about changes
TRACE::2026-08-04.21:41:27::SCWMssOS::Opened the sw design.  D:/Work/projects/zybo_z7_projects/DD_RF/vitis/RFsender_platform/ps7_cortexa9_0/standalone_domain/bsp/system.mss
TRACE::2026-08-04.21:41:27::SCWPlatform::Trying to open the hw design at D:/Work/projects/zybo_z7_projects/DD_RF/vitis/RFsender_platform/hw/onlySender.xsa
TRACE::2026-08-04.21:41:27::SCWPlatform::DSA given D:/Work/projects/zybo_z7_projects/DD_RF/vitis/RFsender_platform/hw/onlySender.xsa
TRACE::2026-08-04.21:41:27::SCWPlatform::DSA absoulate path D:/Work/projects/zybo_z7_projects/DD_RF/vitis/RFsender_platform/hw/onlySender.xsa
TRACE::2026-08-04.21:41:27::SCWPlatform::DSA directory D:/Work/projects/zybo_z7_projects/DD_RF/vitis/RFsender_platform/hw
TRACE::2026-08-04.21:41:27::SCWPlatform:: Platform Path D:/Work/projects/zybo_z7_projects/DD_RF/vitis/RFsender_platform/hw/onlySender.xsa
TRACE::2026-08-04.21:41:27::SCWPlatform:: Unique name xilinx:zybo-z7-10::0.0
TRACE::2026-08-04.21:41:27::SCWPlatform::Trying to set the existing hwdb with name topSystem_4
TRACE::2026-08-04.21:41:27::SCWPlatform::Opened existing hwdb topSystem_4
TRACE::2026-08-04.21:41:27::SCWPlatform::Found the Hw Db part of the input DSA
TRACE::2026-08-04.21:41:27::SCWMssOS::Checking the sw design at  D:/Work/projects/zybo_z7_projects/DD_RF/vitis/RFsender_platform/ps7_cortexa9_0/standalone_domain/bsp/system.mss
TRACE::2026-08-04.21:41:27::SCWMssOS::DEBUG:  swdes dump  D:/Work/projects/zybo_z7_projects/DD_RF/vitis/RFsender_platform/ps7_cortexa9_0/standalone_domain/bsp/system.mss|system_0||
D:/Work/projects/zybo_z7_projects/DD_RF/vitis/RFsender_platform/zynq_fsbl/zynq_fsbl_bsp/system.mss|system||

TRACE::2026-08-04.21:41:27::SCWMssOS::Sw design exists and opened at  D:/Work/projects/zybo_z7_projects/DD_RF/vitis/RFsender_platform/ps7_cortexa9_0/standalone_domain/bsp/system.mss
TRACE::2026-08-04.21:41:27::SCWMssOS:: library already available in sw design:  xilffs:5.3
TRACE::2026-08-04.21:41:27::SCWMssOS::Saving the mss changes D:/Work/projects/zybo_z7_projects/DD_RF/vitis/RFsender_platform/ps7_cortexa9_0/standalone_domain/bsp/system.mss
TRACE::2026-08-04.21:41:27::SCWMssOS::Found a swdesign opened with the mssfile.
TRACE::2026-08-04.21:41:27::SCWMssOS::Completed writemss as part of save.
TRACE::2026-08-04.21:41:27::SCWMssOS::Commit changes completed.
TRACE::2026-08-04.21:41:27::SCWReader::Adding prebuilt librarypaths as   
TRACE::2026-08-04.21:41:27::SCWReader::Adding prebuilt incpaths  as   
TRACE::2026-08-04.21:41:27::SCWPlatform::Trying to open the hw design at D:/Work/projects/zybo_z7_projects/DD_RF/vitis/RFsender_platform/hw/onlySender.xsa
TRACE::2026-08-04.21:41:27::SCWPlatform::DSA given D:/Work/projects/zybo_z7_projects/DD_RF/vitis/RFsender_platform/hw/onlySender.xsa
TRACE::2026-08-04.21:41:27::SCWPlatform::DSA absoulate path D:/Work/projects/zybo_z7_projects/DD_RF/vitis/RFsender_platform/hw/onlySender.xsa
TRACE::2026-08-04.21:41:27::SCWPlatform::DSA directory D:/Work/projects/zybo_z7_projects/DD_RF/vitis/RFsender_platform/hw
TRACE::2026-08-04.21:41:27::SCWPlatform:: Platform Path D:/Work/projects/zybo_z7_projects/DD_RF/vitis/RFsender_platform/hw/onlySender.xsa
TRACE::2026-08-04.21:41:27::SCWPlatform:: Unique name xilinx:zybo-z7-10::0.0
TRACE::2026-08-04.21:41:27::SCWPlatform::Trying to set the existing hwdb with name topSystem_4
TRACE::2026-08-04.21:41:27::SCWPlatform::Opened existing hwdb topSystem_4
TRACE::2026-08-04.21:41:27::SCWPlatform::Found the Hw Db part of the input DSA
TRACE::2026-08-04.21:41:27::SCWMssOS::Checking the sw design at  D:/Work/projects/zybo_z7_projects/DD_RF/vitis/RFsender_platform/ps7_cortexa9_0/standalone_domain/bsp/system.mss
TRACE::2026-08-04.21:41:27::SCWMssOS::DEBUG:  swdes dump  D:/Work/projects/zybo_z7_projects/DD_RF/vitis/RFsender_platform/ps7_cortexa9_0/standalone_domain/bsp/system.mss|system_0||
D:/Work/projects/zybo_z7_projects/DD_RF/vitis/RFsender_platform/zynq_fsbl/zynq_fsbl_bsp/system.mss|system||

TRACE::2026-08-04.21:41:27::SCWMssOS::Sw design exists and opened at  D:/Work/projects/zybo_z7_projects/DD_RF/vitis/RFsender_platform/ps7_cortexa9_0/standalone_domain/bsp/system.mss
TRACE::2026-08-04.21:41:27::SCWReader::No isolation master present  
TRACE::2026-08-04.21:41:33::SCWPlatform::DSA given D:/Work/projects/zybo_z7_projects/DD_RF/vitis/RFsender_platform/tempdsa/topSystem.xsa
TRACE::2026-08-04.21:41:33::SCWPlatform::DSA absoulate path D:/Work/projects/zybo_z7_projects/DD_RF/vitis/RFsender_platform/tempdsa/topSystem.xsa
TRACE::2026-08-04.21:41:33::SCWPlatform:: Platform location is D:/Work/projects/zybo_z7_projects/DD_RF/vitis/RFsender_platform/tempdsa
TRACE::2026-08-04.21:41:33::SCWPlatform:: Platform Path D:/Work/projects/zybo_z7_projects/DD_RF/vitis/RFsender_platform/tempdsa/topSystem.xsa
TRACE::2026-08-04.21:41:33::SCWPlatform:: Unique name xilinx:zybo-z7-10::0.0
TRACE::2026-08-04.21:41:34::SCWPlatform::Found the Hw Db part of the input DSA
TRACE::2026-08-04.21:41:34::SCWMssOS::Doing hw sync for the mss in domain: zynq_fsbl
TRACE::2026-08-04.21:41:34::SCWPlatform::Trying to open the hw design at D:/Work/projects/zybo_z7_projects/DD_RF/vitis/RFsender_platform/hw/onlySender.xsa
TRACE::2026-08-04.21:41:34::SCWPlatform::DSA given D:/Work/projects/zybo_z7_projects/DD_RF/vitis/RFsender_platform/hw/onlySender.xsa
TRACE::2026-08-04.21:41:34::SCWPlatform::DSA absoulate path D:/Work/projects/zybo_z7_projects/DD_RF/vitis/RFsender_platform/hw/onlySender.xsa
TRACE::2026-08-04.21:41:34::SCWPlatform::DSA directory D:/Work/projects/zybo_z7_projects/DD_RF/vitis/RFsender_platform/hw
TRACE::2026-08-04.21:41:34::SCWPlatform:: Platform Path D:/Work/projects/zybo_z7_projects/DD_RF/vitis/RFsender_platform/hw/onlySender.xsa
TRACE::2026-08-04.21:41:34::SCWPlatform:: Unique name xilinx:zybo-z7-10::0.0
TRACE::2026-08-04.21:41:34::SCWPlatform::Trying to set the existing hwdb with name topSystem_4
TRACE::2026-08-04.21:41:34::SCWPlatform::Opened existing hwdb topSystem_4
TRACE::2026-08-04.21:41:34::SCWPlatform::Found the Hw Db part of the input DSA
TRACE::2026-08-04.21:41:34::SCWPlatform::Trying to open the hw design at D:/Work/projects/zybo_z7_projects/DD_RF/vitis/RFsender_platform/hw/onlySender.xsa
TRACE::2026-08-04.21:41:34::SCWPlatform::DSA given D:/Work/projects/zybo_z7_projects/DD_RF/vitis/RFsender_platform/hw/onlySender.xsa
TRACE::2026-08-04.21:41:34::SCWPlatform::DSA absoulate path D:/Work/projects/zybo_z7_projects/DD_RF/vitis/RFsender_platform/hw/onlySender.xsa
TRACE::2026-08-04.21:41:34::SCWPlatform::DSA directory D:/Work/projects/zybo_z7_projects/DD_RF/vitis/RFsender_platform/hw
TRACE::2026-08-04.21:41:34::SCWPlatform:: Platform Path D:/Work/projects/zybo_z7_projects/DD_RF/vitis/RFsender_platform/hw/onlySender.xsa
TRACE::2026-08-04.21:41:34::SCWPlatform:: Unique name xilinx:zybo-z7-10::0.0
TRACE::2026-08-04.21:41:34::SCWPlatform::Trying to set the existing hwdb with name topSystem_4
TRACE::2026-08-04.21:41:34::SCWPlatform::Opened existing hwdb topSystem_4
TRACE::2026-08-04.21:41:34::SCWPlatform::Found the Hw Db part of the input DSA
TRACE::2026-08-04.21:41:34::SCWMssOS::Checking the sw design at  D:/Work/projects/zybo_z7_projects/DD_RF/vitis/RFsender_platform/zynq_fsbl/zynq_fsbl_bsp/system.mss
TRACE::2026-08-04.21:41:34::SCWMssOS::DEBUG:  swdes dump  D:/Work/projects/zybo_z7_projects/DD_RF/vitis/RFsender_platform/ps7_cortexa9_0/standalone_domain/bsp/system.mss|system_0||
D:/Work/projects/zybo_z7_projects/DD_RF/vitis/RFsender_platform/zynq_fsbl/zynq_fsbl_bsp/system.mss|system||

TRACE::2026-08-04.21:41:34::SCWMssOS::Sw design exists and opened at  D:/Work/projects/zybo_z7_projects/DD_RF/vitis/RFsender_platform/zynq_fsbl/zynq_fsbl_bsp/system.mss
TRACE::2026-08-04.21:41:34::SCWPlatform::Trying to open the hw design at D:/Work/projects/zybo_z7_projects/DD_RF/vitis/RFsender_platform/tempdsa/topSystem.xsa
TRACE::2026-08-04.21:41:34::SCWPlatform::DSA given D:/Work/projects/zybo_z7_projects/DD_RF/vitis/RFsender_platform/tempdsa/topSystem.xsa
TRACE::2026-08-04.21:41:34::SCWPlatform::DSA absoulate path D:/Work/projects/zybo_z7_projects/DD_RF/vitis/RFsender_platform/tempdsa/topSystem.xsa
TRACE::2026-08-04.21:41:34::SCWPlatform::DSA directory D:/Work/projects/zybo_z7_projects/DD_RF/vitis/RFsender_platform/tempdsa
TRACE::2026-08-04.21:41:34::SCWPlatform:: Platform Path D:/Work/projects/zybo_z7_projects/DD_RF/vitis/RFsender_platform/tempdsa/topSystem.xsa
TRACE::2026-08-04.21:41:34::SCWPlatform:: Unique name xilinx:zybo-z7-10::0.0
TRACE::2026-08-04.21:41:34::SCWPlatform::update - Opened existing hwdb topSystem_5
TRACE::2026-08-04.21:41:34::SCWPlatform::Found the Hw Db part of the input DSA
TRACE::2026-08-04.21:41:34::SCWMssOS::Doing hw sync for the mss in domain: standalone_domain
TRACE::2026-08-04.21:41:34::SCWPlatform::Trying to open the hw design at D:/Work/projects/zybo_z7_projects/DD_RF/vitis/RFsender_platform/hw/onlySender.xsa
TRACE::2026-08-04.21:41:34::SCWPlatform::DSA given D:/Work/projects/zybo_z7_projects/DD_RF/vitis/RFsender_platform/hw/onlySender.xsa
TRACE::2026-08-04.21:41:34::SCWPlatform::DSA absoulate path D:/Work/projects/zybo_z7_projects/DD_RF/vitis/RFsender_platform/hw/onlySender.xsa
TRACE::2026-08-04.21:41:34::SCWPlatform::DSA directory D:/Work/projects/zybo_z7_projects/DD_RF/vitis/RFsender_platform/hw
TRACE::2026-08-04.21:41:34::SCWPlatform:: Platform Path D:/Work/projects/zybo_z7_projects/DD_RF/vitis/RFsender_platform/hw/onlySender.xsa
TRACE::2026-08-04.21:41:34::SCWPlatform:: Unique name xilinx:zybo-z7-10::0.0
TRACE::2026-08-04.21:41:34::SCWPlatform::Trying to set the existing hwdb with name topSystem_4
TRACE::2026-08-04.21:41:34::SCWPlatform::Opened existing hwdb topSystem_4
TRACE::2026-08-04.21:41:34::SCWPlatform::Found the Hw Db part of the input DSA
TRACE::2026-08-04.21:41:34::SCWPlatform::Trying to open the hw design at D:/Work/projects/zybo_z7_projects/DD_RF/vitis/RFsender_platform/hw/onlySender.xsa
TRACE::2026-08-04.21:41:34::SCWPlatform::DSA given D:/Work/projects/zybo_z7_projects/DD_RF/vitis/RFsender_platform/hw/onlySender.xsa
TRACE::2026-08-04.21:41:34::SCWPlatform::DSA absoulate path D:/Work/projects/zybo_z7_projects/DD_RF/vitis/RFsender_platform/hw/onlySender.xsa
TRACE::2026-08-04.21:41:34::SCWPlatform::DSA directory D:/Work/projects/zybo_z7_projects/DD_RF/vitis/RFsender_platform/hw
TRACE::2026-08-04.21:41:34::SCWPlatform:: Platform Path D:/Work/projects/zybo_z7_projects/DD_RF/vitis/RFsender_platform/hw/onlySender.xsa
TRACE::2026-08-04.21:41:34::SCWPlatform:: Unique name xilinx:zybo-z7-10::0.0
TRACE::2026-08-04.21:41:34::SCWPlatform::Trying to set the existing hwdb with name topSystem_4
TRACE::2026-08-04.21:41:34::SCWPlatform::Opened existing hwdb topSystem_4
TRACE::2026-08-04.21:41:34::SCWPlatform::Found the Hw Db part of the input DSA
TRACE::2026-08-04.21:41:34::SCWMssOS::Checking the sw design at  D:/Work/projects/zybo_z7_projects/DD_RF/vitis/RFsender_platform/ps7_cortexa9_0/standalone_domain/bsp/system.mss
TRACE::2026-08-04.21:41:34::SCWMssOS::DEBUG:  swdes dump  D:/Work/projects/zybo_z7_projects/DD_RF/vitis/RFsender_platform/ps7_cortexa9_0/standalone_domain/bsp/system.mss|system_0||
D:/Work/projects/zybo_z7_projects/DD_RF/vitis/RFsender_platform/zynq_fsbl/zynq_fsbl_bsp/system.mss|system||

TRACE::2026-08-04.21:41:34::SCWMssOS::Sw design exists and opened at  D:/Work/projects/zybo_z7_projects/DD_RF/vitis/RFsender_platform/ps7_cortexa9_0/standalone_domain/bsp/system.mss
TRACE::2026-08-04.21:41:34::SCWPlatform::Trying to open the hw design at D:/Work/projects/zybo_z7_projects/DD_RF/vitis/RFsender_platform/tempdsa/topSystem.xsa
TRACE::2026-08-04.21:41:34::SCWPlatform::DSA given D:/Work/projects/zybo_z7_projects/DD_RF/vitis/RFsender_platform/tempdsa/topSystem.xsa
TRACE::2026-08-04.21:41:34::SCWPlatform::DSA absoulate path D:/Work/projects/zybo_z7_projects/DD_RF/vitis/RFsender_platform/tempdsa/topSystem.xsa
TRACE::2026-08-04.21:41:34::SCWPlatform::DSA directory D:/Work/projects/zybo_z7_projects/DD_RF/vitis/RFsender_platform/tempdsa
TRACE::2026-08-04.21:41:34::SCWPlatform:: Platform Path D:/Work/projects/zybo_z7_projects/DD_RF/vitis/RFsender_platform/tempdsa/topSystem.xsa
TRACE::2026-08-04.21:41:34::SCWPlatform:: Unique name xilinx:zybo-z7-10::0.0
TRACE::2026-08-04.21:41:34::SCWPlatform::update - Opened existing hwdb topSystem_5
TRACE::2026-08-04.21:41:34::SCWPlatform::Found the Hw Db part of the input DSA
TRACE::2026-08-04.21:41:34::SCWMssOS::Saving the mss changes D:/Work/projects/zybo_z7_projects/DD_RF/vitis/RFsender_platform/zynq_fsbl/zynq_fsbl_bsp/system.mss
TRACE::2026-08-04.21:41:34::SCWMssOS::Found a swdesign opened with the mssfile.
TRACE::2026-08-04.21:41:34::SCWMssOS::Completed writemss as part of save.
TRACE::2026-08-04.21:41:34::SCWMssOS::Commit changes completed.
TRACE::2026-08-04.21:41:34::SCWMssOS::Completed hw sync for the mss in domain: zynq_fsbl
TRACE::2026-08-04.21:41:34::SCWMssOS::Removing the swdes entry for  D:/Work/projects/zybo_z7_projects/DD_RF/vitis/RFsender_platform/zynq_fsbl/zynq_fsbl_bsp/system.mss
TRACE::2026-08-04.21:41:34::SCWMssOS::Saving the mss changes D:/Work/projects/zybo_z7_projects/DD_RF/vitis/RFsender_platform/ps7_cortexa9_0/standalone_domain/bsp/system.mss
TRACE::2026-08-04.21:41:34::SCWMssOS::Found a swdesign opened with the mssfile.
TRACE::2026-08-04.21:41:34::SCWMssOS::Completed writemss as part of save.
TRACE::2026-08-04.21:41:34::SCWMssOS::Commit changes completed.
TRACE::2026-08-04.21:41:34::SCWMssOS::Completed hw sync for the mss in domain: standalone_domain
TRACE::2026-08-04.21:41:34::SCWMssOS::Removing the swdes entry for  D:/Work/projects/zybo_z7_projects/DD_RF/vitis/RFsender_platform/ps7_cortexa9_0/standalone_domain/bsp/system.mss
TRACE::2026-08-04.21:41:34::SCWPlatform::Trying to open the hw design at D:/Work/projects/zybo_z7_projects/DD_RF/vitis/RFsender_platform/hw/topSystem.xsa
TRACE::2026-08-04.21:41:34::SCWPlatform::DSA given D:/Work/projects/zybo_z7_projects/DD_RF/vitis/RFsender_platform/hw/topSystem.xsa
TRACE::2026-08-04.21:41:34::SCWPlatform::DSA absoulate path D:/Work/projects/zybo_z7_projects/DD_RF/vitis/RFsender_platform/hw/topSystem.xsa
TRACE::2026-08-04.21:41:34::SCWPlatform::DSA directory D:/Work/projects/zybo_z7_projects/DD_RF/vitis/RFsender_platform/hw
TRACE::2026-08-04.21:41:34::SCWPlatform:: Platform Path D:/Work/projects/zybo_z7_projects/DD_RF/vitis/RFsender_platform/hw/topSystem.xsa
TRACE::2026-08-04.21:41:34::SCWPlatform:: Unique name xilinx:zybo-z7-10::0.0
TRACE::2026-08-04.21:41:34::SCWPlatform::Do not have an existing db opened. 
TRACE::2026-08-04.21:41:36::SCWPlatform::Opened new HwDB with name topSystem_6
TRACE::2026-08-04.21:41:36::SCWMssOS::Saving the mss changes D:/Work/projects/zybo_z7_projects/DD_RF/vitis/RFsender_platform/zynq_fsbl/zynq_fsbl_bsp/system.mss
TRACE::2026-08-04.21:41:36::SCWMssOS::Adding the swdes entry, mss present, able to open swdb D:/Work/projects/zybo_z7_projects/DD_RF/vitis/RFsender_platform/zynq_fsbl/zynq_fsbl_bsp/system.mss with des name system
TRACE::2026-08-04.21:41:36::SCWMssOS::Writing the mss file completed D:/Work/projects/zybo_z7_projects/DD_RF/vitis/RFsender_platform/zynq_fsbl/zynq_fsbl_bsp/system.mss
TRACE::2026-08-04.21:41:36::SCWMssOS::Commit changes completed.
TRACE::2026-08-04.21:41:36::SCWMssOS::Saving the mss changes D:/Work/projects/zybo_z7_projects/DD_RF/vitis/RFsender_platform/ps7_cortexa9_0/standalone_domain/bsp/system.mss
TRACE::2026-08-04.21:41:36::SCWMssOS::Adding the swdes entry, mss present, able to open swdb D:/Work/projects/zybo_z7_projects/DD_RF/vitis/RFsender_platform/ps7_cortexa9_0/standalone_domain/bsp/system.mss with des name system_0
TRACE::2026-08-04.21:41:36::SCWMssOS::Writing the mss file completed D:/Work/projects/zybo_z7_projects/DD_RF/vitis/RFsender_platform/ps7_cortexa9_0/standalone_domain/bsp/system.mss
TRACE::2026-08-04.21:41:36::SCWMssOS::Commit changes completed.
TRACE::2026-08-04.21:41:36::SCWPlatform::Trying to open the hw design at D:/Work/projects/zybo_z7_projects/DD_RF/vitis/RFsender_platform/hw/topSystem.xsa
TRACE::2026-08-04.21:41:36::SCWPlatform::DSA given D:/Work/projects/zybo_z7_projects/DD_RF/vitis/RFsender_platform/hw/topSystem.xsa
TRACE::2026-08-04.21:41:36::SCWPlatform::DSA absoulate path D:/Work/projects/zybo_z7_projects/DD_RF/vitis/RFsender_platform/hw/topSystem.xsa
TRACE::2026-08-04.21:41:36::SCWPlatform::DSA directory D:/Work/projects/zybo_z7_projects/DD_RF/vitis/RFsender_platform/hw
TRACE::2026-08-04.21:41:36::SCWPlatform:: Platform Path D:/Work/projects/zybo_z7_projects/DD_RF/vitis/RFsender_platform/hw/topSystem.xsa
TRACE::2026-08-04.21:41:36::SCWPlatform:: Unique name xilinx:zybo-z7-10::0.0
TRACE::2026-08-04.21:41:36::SCWPlatform::Trying to set the existing hwdb with name topSystem_6
TRACE::2026-08-04.21:41:36::SCWPlatform::Opened existing hwdb topSystem_6
TRACE::2026-08-04.21:41:36::SCWPlatform::Found the Hw Db part of the input DSA
TRACE::2026-08-04.21:41:36::SCWMssOS::Checking the sw design at  D:/Work/projects/zybo_z7_projects/DD_RF/vitis/RFsender_platform/zynq_fsbl/zynq_fsbl_bsp/system.mss
TRACE::2026-08-04.21:41:36::SCWMssOS::DEBUG:  swdes dump  D:/Work/projects/zybo_z7_projects/DD_RF/vitis/RFsender_platform/ps7_cortexa9_0/standalone_domain/bsp/system.mss|system_0||
D:/Work/projects/zybo_z7_projects/DD_RF/vitis/RFsender_platform/zynq_fsbl/zynq_fsbl_bsp/system.mss|system||

TRACE::2026-08-04.21:41:36::SCWMssOS::Sw design exists and opened at  D:/Work/projects/zybo_z7_projects/DD_RF/vitis/RFsender_platform/zynq_fsbl/zynq_fsbl_bsp/system.mss
TRACE::2026-08-04.21:41:36::SCWPlatform::Trying to open the hw design at D:/Work/projects/zybo_z7_projects/DD_RF/vitis/RFsender_platform/hw/topSystem.xsa
TRACE::2026-08-04.21:41:36::SCWPlatform::DSA given D:/Work/projects/zybo_z7_projects/DD_RF/vitis/RFsender_platform/hw/topSystem.xsa
TRACE::2026-08-04.21:41:36::SCWPlatform::DSA absoulate path D:/Work/projects/zybo_z7_projects/DD_RF/vitis/RFsender_platform/hw/topSystem.xsa
TRACE::2026-08-04.21:41:36::SCWPlatform::DSA directory D:/Work/projects/zybo_z7_projects/DD_RF/vitis/RFsender_platform/hw
TRACE::2026-08-04.21:41:36::SCWPlatform:: Platform Path D:/Work/projects/zybo_z7_projects/DD_RF/vitis/RFsender_platform/hw/topSystem.xsa
TRACE::2026-08-04.21:41:36::SCWPlatform:: Unique name xilinx:zybo-z7-10::0.0
TRACE::2026-08-04.21:41:36::SCWPlatform::Trying to set the existing hwdb with name topSystem_6
TRACE::2026-08-04.21:41:36::SCWPlatform::Opened existing hwdb topSystem_6
TRACE::2026-08-04.21:41:36::SCWPlatform::Found the Hw Db part of the input DSA
TRACE::2026-08-04.21:41:36::SCWMssOS::Checking the sw design at  D:/Work/projects/zybo_z7_projects/DD_RF/vitis/RFsender_platform/ps7_cortexa9_0/standalone_domain/bsp/system.mss
TRACE::2026-08-04.21:41:36::SCWMssOS::DEBUG:  swdes dump  D:/Work/projects/zybo_z7_projects/DD_RF/vitis/RFsender_platform/ps7_cortexa9_0/standalone_domain/bsp/system.mss|system_0||
D:/Work/projects/zybo_z7_projects/DD_RF/vitis/RFsender_platform/zynq_fsbl/zynq_fsbl_bsp/system.mss|system||

TRACE::2026-08-04.21:41:36::SCWMssOS::Sw design exists and opened at  D:/Work/projects/zybo_z7_projects/DD_RF/vitis/RFsender_platform/ps7_cortexa9_0/standalone_domain/bsp/system.mss
TRACE::2026-08-04.21:41:36::SCWWriter::formatted JSON is {
	"platformName":	"RFsender_platform",
	"sprVersion":	"2.0",
	"mode":	"gui",
	"dsaType":	"Fixed",
	"platformDesc":	"RFsender_platform",
	"platHandOff":	"D:/Work/projects/zybo_z7_projects/DD_RF/vivado/project_1/topSystem.xsa",
	"platIntHandOff":	"<platformDir>/hw/topSystem.xsa",
	"deviceType":	"zynq",
	"platIsPrebuiltAutogen":	"false",
	"platIsNoBootBsp":	"false",
	"hasFsblMakeHasChanges":	"false",
	"hasPmufwMakeHasChanges":	"false",
	"fsblExtraCompilerFlags":	"-MMD -MP       -mcpu=cortex-a9 -mfpu=vfpv3 -mfloat-abi=hard ",
	"platPreBuiltFlag":	false,
	"platformSamplesDir":	"",
	"platActiveSys":	"RFsender_platform",
	"systems":	[{
			"systemName":	"RFsender_platform",
			"systemDesc":	"RFsender_platform",
			"sysIsBootAutoGen":	"true",
			"systemDispName":	"RFsender_platform",
			"sysActiveDom":	"standalone_domain",
			"sysDefaultDom":	"standalone_domain",
			"domains":	[{
					"domainName":	"zynq_fsbl",
					"domainDispName":	"zynq_fsbl",
					"domainDesc":	"FSBL Application BSP - Auto Generated.",
					"processors":	"ps7_cortexa9_0",
					"os":	"standalone",
					"sdxOs":	"standalone",
					"debugEnable":	"",
					"domRuntimes":	["cpp"],
					"swRepo":	"",
					"mssOsVer":	"9.2",
					"mssFile":	"",
					"md5Digest":	"30215168a6860ec346c5df07b875ca911",
					"compatibleApp":	"zynq_fsbl",
					"domType":	"bootDomain",
					"arch":	"32-bit",
					"appSettings":	{
						"appCompilerFlags":	"",
						"appLinkerFlags":	""
					},
					"addedLibs":	["xilffs:5.3", "xilrsa:1.8"],
					"libOptions":	{
						"libsContainingOptions":	[]
					},
					"prebuiltLibs":	{
						"prebuiltIncPath":	[],
						"prebuiltLibPath":	[]
					},
					"isolation":	{
					}
				}, {
					"domainName":	"standalone_domain",
					"domainDispName":	"standalone on ps7_cortexa9_0",
					"domainDesc":	"standalone_domain",
					"processors":	"ps7_cortexa9_0",
					"os":	"standalone",
					"sdxOs":	"standalone",
					"qemuArgs":	"<platformDir>/resources/RFsender_platform/standalone_domain/qemu_args.txt",
					"qemuData":	"<platformDir>/resources/RFsender_platform/standalone_domain/qemu",
					"debugEnable":	"False",
					"domRuntimes":	["cpp"],
					"swRepo":	"",
					"mssOsVer":	"9.2",
					"mssFile":	"",
					"md5Digest":	"cdf1d043c3be5ad3d6f2b109f4a0d1611",
					"compatibleApp":	"",
					"domType":	"mssDomain",
					"appSettings":	{
						"appCompilerFlags":	"",
						"appLinkerFlags":	""
					},
					"addedLibs":	["xilffs:5.3"],
					"libOptions":	{
						"libsContainingOptions":	[]
					},
					"prebuiltLibs":	{
						"prebuiltIncPath":	[],
						"prebuiltLibPath":	[]
					},
					"isolation":	{
					}
				}]
		}]
}
TRACE::2026-08-04.21:41:45::SCWPlatform::Clearing the existing platform
TRACE::2026-08-04.21:41:45::SCWSystem::Clearing the existing sysconfig
TRACE::2026-08-04.21:41:45::SCWBDomain::clearing the fsbl build
TRACE::2026-08-04.21:41:45::SCWMssOS::Removing the swdes entry for  D:/Work/projects/zybo_z7_projects/DD_RF/vitis/RFsender_platform/zynq_fsbl/zynq_fsbl_bsp/system.mss
TRACE::2026-08-04.21:41:45::SCWMssOS::Removing the swdes entry for  D:/Work/projects/zybo_z7_projects/DD_RF/vitis/RFsender_platform/ps7_cortexa9_0/standalone_domain/bsp/system.mss
TRACE::2026-08-04.21:41:45::SCWSystem::Clearing the domains completed.
TRACE::2026-08-04.21:41:45::SCWPlatform::Clearing the opened hw db.
TRACE::2026-08-04.21:41:45::SCWPlatform::DSA given D:/Work/projects/zybo_z7_projects/DD_RF/vitis/RFsender_platform/hw/topSystem.xsa
TRACE::2026-08-04.21:41:45::SCWPlatform::DSA absoulate path D:/Work/projects/zybo_z7_projects/DD_RF/vitis/RFsender_platform/hw/topSystem.xsa
TRACE::2026-08-04.21:41:45::SCWPlatform:: Platform location is D:/Work/projects/zybo_z7_projects/DD_RF/vitis/RFsender_platform/hw
TRACE::2026-08-04.21:41:45::SCWPlatform:: Platform Path D:/Work/projects/zybo_z7_projects/DD_RF/vitis/RFsender_platform/hw/topSystem.xsa
TRACE::2026-08-04.21:41:45::SCWPlatform:: Unique name xilinx:zybo-z7-10::0.0
TRACE::2026-08-04.21:41:45::SCWPlatform::Removing the HwDB with name D:/Work/projects/zybo_z7_projects/DD_RF/vitis/RFsender_platform/hw/topSystem.xsa
TRACE::2026-08-04.21:41:45::SCWPlatform::Trying to open the hw design at D:/Work/projects/zybo_z7_projects/DD_RF/vitis/RFsender_platform/hw/topSystem.xsa
TRACE::2026-08-04.21:41:45::SCWPlatform::DSA given D:/Work/projects/zybo_z7_projects/DD_RF/vitis/RFsender_platform/hw/topSystem.xsa
TRACE::2026-08-04.21:41:45::SCWPlatform::DSA absoulate path D:/Work/projects/zybo_z7_projects/DD_RF/vitis/RFsender_platform/hw/topSystem.xsa
TRACE::2026-08-04.21:41:45::SCWPlatform::DSA directory D:/Work/projects/zybo_z7_projects/DD_RF/vitis/RFsender_platform/hw
TRACE::2026-08-04.21:41:45::SCWPlatform:: Platform Path D:/Work/projects/zybo_z7_projects/DD_RF/vitis/RFsender_platform/hw/topSystem.xsa
TRACE::2026-08-04.21:41:45::SCWPlatform:: Unique name xilinx:zybo-z7-10::0.0
TRACE::2026-08-04.21:41:45::SCWPlatform::Do not have an existing db opened. 
TRACE::2026-08-04.21:41:46::SCWPlatform::Opened new HwDB with name topSystem_7
TRACE::2026-08-04.21:41:46::SCWReader::Active system found as  RFsender_platform
TRACE::2026-08-04.21:41:46::SCWReader::Handling sysconfig RFsender_platform
TRACE::2026-08-04.21:41:46::SCWDomain::checking for install qemu data   : 
TRACE::2026-08-04.21:41:46::SCWDomain:: Using the QEMU Data from install at  : D:/Applications/Xilinx/Vitis/2024.2/data/emulation/platforms/zynq/sw/a9_standalone/qemu/
TRACE::2026-08-04.21:41:46::SCWDomain:: Using the QEMU args  from install at  : D:/Applications/Xilinx/Vitis/2024.2/data/emulation/platforms/zynq/sw/a9_standalone/qemu/qemu_args.txt
TRACE::2026-08-04.21:41:46::SCWPlatform::Trying to open the hw design at D:/Work/projects/zybo_z7_projects/DD_RF/vitis/RFsender_platform/hw/topSystem.xsa
TRACE::2026-08-04.21:41:46::SCWPlatform::DSA given D:/Work/projects/zybo_z7_projects/DD_RF/vitis/RFsender_platform/hw/topSystem.xsa
TRACE::2026-08-04.21:41:46::SCWPlatform::DSA absoulate path D:/Work/projects/zybo_z7_projects/DD_RF/vitis/RFsender_platform/hw/topSystem.xsa
TRACE::2026-08-04.21:41:46::SCWPlatform::DSA directory D:/Work/projects/zybo_z7_projects/DD_RF/vitis/RFsender_platform/hw
TRACE::2026-08-04.21:41:46::SCWPlatform:: Platform Path D:/Work/projects/zybo_z7_projects/DD_RF/vitis/RFsender_platform/hw/topSystem.xsa
TRACE::2026-08-04.21:41:46::SCWPlatform:: Unique name xilinx:zybo-z7-10::0.0
TRACE::2026-08-04.21:41:46::SCWPlatform::Trying to set the existing hwdb with name topSystem_7
TRACE::2026-08-04.21:41:46::SCWPlatform::Opened existing hwdb topSystem_7
TRACE::2026-08-04.21:41:46::SCWPlatform::Found the Hw Db part of the input DSA
TRACE::2026-08-04.21:41:46::SCWPlatform::Trying to open the hw design at D:/Work/projects/zybo_z7_projects/DD_RF/vitis/RFsender_platform/hw/topSystem.xsa
TRACE::2026-08-04.21:41:46::SCWPlatform::DSA given D:/Work/projects/zybo_z7_projects/DD_RF/vitis/RFsender_platform/hw/topSystem.xsa
TRACE::2026-08-04.21:41:46::SCWPlatform::DSA absoulate path D:/Work/projects/zybo_z7_projects/DD_RF/vitis/RFsender_platform/hw/topSystem.xsa
TRACE::2026-08-04.21:41:46::SCWPlatform::DSA directory D:/Work/projects/zybo_z7_projects/DD_RF/vitis/RFsender_platform/hw
TRACE::2026-08-04.21:41:46::SCWPlatform:: Platform Path D:/Work/projects/zybo_z7_projects/DD_RF/vitis/RFsender_platform/hw/topSystem.xsa
TRACE::2026-08-04.21:41:46::SCWPlatform:: Unique name xilinx:zybo-z7-10::0.0
TRACE::2026-08-04.21:41:46::SCWPlatform::Trying to set the existing hwdb with name topSystem_7
TRACE::2026-08-04.21:41:46::SCWPlatform::Opened existing hwdb topSystem_7
TRACE::2026-08-04.21:41:46::SCWPlatform::Found the Hw Db part of the input DSA
TRACE::2026-08-04.21:41:46::SCWPlatform::Trying to open the hw design at D:/Work/projects/zybo_z7_projects/DD_RF/vitis/RFsender_platform/hw/topSystem.xsa
TRACE::2026-08-04.21:41:46::SCWPlatform::DSA given D:/Work/projects/zybo_z7_projects/DD_RF/vitis/RFsender_platform/hw/topSystem.xsa
TRACE::2026-08-04.21:41:46::SCWPlatform::DSA absoulate path D:/Work/projects/zybo_z7_projects/DD_RF/vitis/RFsender_platform/hw/topSystem.xsa
TRACE::2026-08-04.21:41:46::SCWPlatform::DSA directory D:/Work/projects/zybo_z7_projects/DD_RF/vitis/RFsender_platform/hw
TRACE::2026-08-04.21:41:46::SCWPlatform:: Platform Path D:/Work/projects/zybo_z7_projects/DD_RF/vitis/RFsender_platform/hw/topSystem.xsa
TRACE::2026-08-04.21:41:46::SCWPlatform:: Unique name xilinx:zybo-z7-10::0.0
TRACE::2026-08-04.21:41:46::SCWPlatform::Trying to set the existing hwdb with name topSystem_7
TRACE::2026-08-04.21:41:46::SCWPlatform::Opened existing hwdb topSystem_7
TRACE::2026-08-04.21:41:46::SCWPlatform::Found the Hw Db part of the input DSA
TRACE::2026-08-04.21:41:46::SCWReader::Boot application domain added for zynq_fsbl
TRACE::2026-08-04.21:41:46::SCWPlatform::Trying to open the hw design at D:/Work/projects/zybo_z7_projects/DD_RF/vitis/RFsender_platform/hw/topSystem.xsa
TRACE::2026-08-04.21:41:46::SCWPlatform::DSA given D:/Work/projects/zybo_z7_projects/DD_RF/vitis/RFsender_platform/hw/topSystem.xsa
TRACE::2026-08-04.21:41:46::SCWPlatform::DSA absoulate path D:/Work/projects/zybo_z7_projects/DD_RF/vitis/RFsender_platform/hw/topSystem.xsa
TRACE::2026-08-04.21:41:46::SCWPlatform::DSA directory D:/Work/projects/zybo_z7_projects/DD_RF/vitis/RFsender_platform/hw
TRACE::2026-08-04.21:41:46::SCWPlatform:: Platform Path D:/Work/projects/zybo_z7_projects/DD_RF/vitis/RFsender_platform/hw/topSystem.xsa
TRACE::2026-08-04.21:41:46::SCWPlatform:: Unique name xilinx:zybo-z7-10::0.0
TRACE::2026-08-04.21:41:46::SCWPlatform::Trying to set the existing hwdb with name topSystem_7
TRACE::2026-08-04.21:41:46::SCWPlatform::Opened existing hwdb topSystem_7
TRACE::2026-08-04.21:41:46::SCWPlatform::Found the Hw Db part of the input DSA
TRACE::2026-08-04.21:41:46::SCWMssOS::Checking the sw design at  D:/Work/projects/zybo_z7_projects/DD_RF/vitis/RFsender_platform/zynq_fsbl/zynq_fsbl_bsp/system.mss
TRACE::2026-08-04.21:41:46::SCWMssOS::DEBUG:  swdes dump  
TRACE::2026-08-04.21:41:46::SCWMssOS::No sw design opened at  D:/Work/projects/zybo_z7_projects/DD_RF/vitis/RFsender_platform/zynq_fsbl/zynq_fsbl_bsp/system.mss
TRACE::2026-08-04.21:41:46::SCWMssOS::mss exists loading the mss file  D:/Work/projects/zybo_z7_projects/DD_RF/vitis/RFsender_platform/zynq_fsbl/zynq_fsbl_bsp/system.mss
TRACE::2026-08-04.21:41:46::SCWMssOS::Opened the sw design from mss  D:/Work/projects/zybo_z7_projects/DD_RF/vitis/RFsender_platform/zynq_fsbl/zynq_fsbl_bsp/system.mss
TRACE::2026-08-04.21:41:46::SCWMssOS::Adding the swdes entry D:/Work/projects/zybo_z7_projects/DD_RF/vitis/RFsender_platform/zynq_fsbl/zynq_fsbl_bsp/system.mss with des name system
TRACE::2026-08-04.21:41:46::SCWMssOS::updating the scw layer about changes
TRACE::2026-08-04.21:41:46::SCWMssOS::Opened the sw design.  D:/Work/projects/zybo_z7_projects/DD_RF/vitis/RFsender_platform/zynq_fsbl/zynq_fsbl_bsp/system.mss
TRACE::2026-08-04.21:41:46::SCWPlatform::Trying to open the hw design at D:/Work/projects/zybo_z7_projects/DD_RF/vitis/RFsender_platform/hw/topSystem.xsa
TRACE::2026-08-04.21:41:46::SCWPlatform::DSA given D:/Work/projects/zybo_z7_projects/DD_RF/vitis/RFsender_platform/hw/topSystem.xsa
TRACE::2026-08-04.21:41:46::SCWPlatform::DSA absoulate path D:/Work/projects/zybo_z7_projects/DD_RF/vitis/RFsender_platform/hw/topSystem.xsa
TRACE::2026-08-04.21:41:46::SCWPlatform::DSA directory D:/Work/projects/zybo_z7_projects/DD_RF/vitis/RFsender_platform/hw
TRACE::2026-08-04.21:41:46::SCWPlatform:: Platform Path D:/Work/projects/zybo_z7_projects/DD_RF/vitis/RFsender_platform/hw/topSystem.xsa
TRACE::2026-08-04.21:41:46::SCWPlatform:: Unique name xilinx:zybo-z7-10::0.0
TRACE::2026-08-04.21:41:46::SCWPlatform::Trying to set the existing hwdb with name topSystem_7
TRACE::2026-08-04.21:41:46::SCWPlatform::Opened existing hwdb topSystem_7
TRACE::2026-08-04.21:41:46::SCWPlatform::Found the Hw Db part of the input DSA
TRACE::2026-08-04.21:41:46::SCWMssOS::Checking the sw design at  D:/Work/projects/zybo_z7_projects/DD_RF/vitis/RFsender_platform/zynq_fsbl/zynq_fsbl_bsp/system.mss
TRACE::2026-08-04.21:41:46::SCWMssOS::DEBUG:  swdes dump  D:/Work/projects/zybo_z7_projects/DD_RF/vitis/RFsender_platform/zynq_fsbl/zynq_fsbl_bsp/system.mss|system||

TRACE::2026-08-04.21:41:46::SCWMssOS::Sw design exists and opened at  D:/Work/projects/zybo_z7_projects/DD_RF/vitis/RFsender_platform/zynq_fsbl/zynq_fsbl_bsp/system.mss
TRACE::2026-08-04.21:41:46::SCWMssOS:: library already available in sw design:  xilffs:5.3
TRACE::2026-08-04.21:41:46::SCWPlatform::Trying to open the hw design at D:/Work/projects/zybo_z7_projects/DD_RF/vitis/RFsender_platform/hw/topSystem.xsa
TRACE::2026-08-04.21:41:46::SCWPlatform::DSA given D:/Work/projects/zybo_z7_projects/DD_RF/vitis/RFsender_platform/hw/topSystem.xsa
TRACE::2026-08-04.21:41:46::SCWPlatform::DSA absoulate path D:/Work/projects/zybo_z7_projects/DD_RF/vitis/RFsender_platform/hw/topSystem.xsa
TRACE::2026-08-04.21:41:46::SCWPlatform::DSA directory D:/Work/projects/zybo_z7_projects/DD_RF/vitis/RFsender_platform/hw
TRACE::2026-08-04.21:41:46::SCWPlatform:: Platform Path D:/Work/projects/zybo_z7_projects/DD_RF/vitis/RFsender_platform/hw/topSystem.xsa
TRACE::2026-08-04.21:41:46::SCWPlatform:: Unique name xilinx:zybo-z7-10::0.0
TRACE::2026-08-04.21:41:46::SCWPlatform::Trying to set the existing hwdb with name topSystem_7
TRACE::2026-08-04.21:41:46::SCWPlatform::Opened existing hwdb topSystem_7
TRACE::2026-08-04.21:41:46::SCWPlatform::Found the Hw Db part of the input DSA
TRACE::2026-08-04.21:41:46::SCWMssOS::Checking the sw design at  D:/Work/projects/zybo_z7_projects/DD_RF/vitis/RFsender_platform/zynq_fsbl/zynq_fsbl_bsp/system.mss
TRACE::2026-08-04.21:41:46::SCWMssOS::DEBUG:  swdes dump  D:/Work/projects/zybo_z7_projects/DD_RF/vitis/RFsender_platform/zynq_fsbl/zynq_fsbl_bsp/system.mss|system||

TRACE::2026-08-04.21:41:46::SCWMssOS::Sw design exists and opened at  D:/Work/projects/zybo_z7_projects/DD_RF/vitis/RFsender_platform/zynq_fsbl/zynq_fsbl_bsp/system.mss
TRACE::2026-08-04.21:41:46::SCWMssOS:: library already available in sw design:  xilrsa:1.8
TRACE::2026-08-04.21:41:46::SCWMssOS::Saving the mss changes D:/Work/projects/zybo_z7_projects/DD_RF/vitis/RFsender_platform/zynq_fsbl/zynq_fsbl_bsp/system.mss
TRACE::2026-08-04.21:41:46::SCWMssOS::Found a swdesign opened with the mssfile.
TRACE::2026-08-04.21:41:46::SCWMssOS::Completed writemss as part of save.
TRACE::2026-08-04.21:41:46::SCWMssOS::Commit changes completed.
TRACE::2026-08-04.21:41:46::SCWReader::Adding prebuilt librarypaths as   
TRACE::2026-08-04.21:41:46::SCWReader::Adding prebuilt incpaths  as   
TRACE::2026-08-04.21:41:46::SCWPlatform::Trying to open the hw design at D:/Work/projects/zybo_z7_projects/DD_RF/vitis/RFsender_platform/hw/topSystem.xsa
TRACE::2026-08-04.21:41:46::SCWPlatform::DSA given D:/Work/projects/zybo_z7_projects/DD_RF/vitis/RFsender_platform/hw/topSystem.xsa
TRACE::2026-08-04.21:41:46::SCWPlatform::DSA absoulate path D:/Work/projects/zybo_z7_projects/DD_RF/vitis/RFsender_platform/hw/topSystem.xsa
TRACE::2026-08-04.21:41:46::SCWPlatform::DSA directory D:/Work/projects/zybo_z7_projects/DD_RF/vitis/RFsender_platform/hw
TRACE::2026-08-04.21:41:46::SCWPlatform:: Platform Path D:/Work/projects/zybo_z7_projects/DD_RF/vitis/RFsender_platform/hw/topSystem.xsa
TRACE::2026-08-04.21:41:46::SCWPlatform:: Unique name xilinx:zybo-z7-10::0.0
TRACE::2026-08-04.21:41:46::SCWPlatform::Trying to set the existing hwdb with name topSystem_7
TRACE::2026-08-04.21:41:46::SCWPlatform::Opened existing hwdb topSystem_7
TRACE::2026-08-04.21:41:46::SCWPlatform::Found the Hw Db part of the input DSA
TRACE::2026-08-04.21:41:46::SCWMssOS::Checking the sw design at  D:/Work/projects/zybo_z7_projects/DD_RF/vitis/RFsender_platform/zynq_fsbl/zynq_fsbl_bsp/system.mss
TRACE::2026-08-04.21:41:46::SCWMssOS::DEBUG:  swdes dump  D:/Work/projects/zybo_z7_projects/DD_RF/vitis/RFsender_platform/zynq_fsbl/zynq_fsbl_bsp/system.mss|system||

TRACE::2026-08-04.21:41:46::SCWMssOS::Sw design exists and opened at  D:/Work/projects/zybo_z7_projects/DD_RF/vitis/RFsender_platform/zynq_fsbl/zynq_fsbl_bsp/system.mss
TRACE::2026-08-04.21:41:46::SCWReader::No isolation master present  
TRACE::2026-08-04.21:41:46::SCWDomain::checking for install qemu data   : 
TRACE::2026-08-04.21:41:46::SCWDomain:: Using the QEMU Data from install at  : D:/Applications/Xilinx/Vitis/2024.2/data/emulation/platforms/zynq/sw/a9_standalone/qemu/
TRACE::2026-08-04.21:41:46::SCWDomain:: Using the QEMU args  from install at  : D:/Applications/Xilinx/Vitis/2024.2/data/emulation/platforms/zynq/sw/a9_standalone/qemu/qemu_args.txt
TRACE::2026-08-04.21:41:46::SCWPlatform::Trying to open the hw design at D:/Work/projects/zybo_z7_projects/DD_RF/vitis/RFsender_platform/hw/topSystem.xsa
TRACE::2026-08-04.21:41:46::SCWPlatform::DSA given D:/Work/projects/zybo_z7_projects/DD_RF/vitis/RFsender_platform/hw/topSystem.xsa
TRACE::2026-08-04.21:41:46::SCWPlatform::DSA absoulate path D:/Work/projects/zybo_z7_projects/DD_RF/vitis/RFsender_platform/hw/topSystem.xsa
TRACE::2026-08-04.21:41:46::SCWPlatform::DSA directory D:/Work/projects/zybo_z7_projects/DD_RF/vitis/RFsender_platform/hw
TRACE::2026-08-04.21:41:46::SCWPlatform:: Platform Path D:/Work/projects/zybo_z7_projects/DD_RF/vitis/RFsender_platform/hw/topSystem.xsa
TRACE::2026-08-04.21:41:46::SCWPlatform:: Unique name xilinx:zybo-z7-10::0.0
TRACE::2026-08-04.21:41:46::SCWPlatform::Trying to set the existing hwdb with name topSystem_7
TRACE::2026-08-04.21:41:46::SCWPlatform::Opened existing hwdb topSystem_7
TRACE::2026-08-04.21:41:46::SCWPlatform::Found the Hw Db part of the input DSA
TRACE::2026-08-04.21:41:46::SCWPlatform::Trying to open the hw design at D:/Work/projects/zybo_z7_projects/DD_RF/vitis/RFsender_platform/hw/topSystem.xsa
TRACE::2026-08-04.21:41:46::SCWPlatform::DSA given D:/Work/projects/zybo_z7_projects/DD_RF/vitis/RFsender_platform/hw/topSystem.xsa
TRACE::2026-08-04.21:41:46::SCWPlatform::DSA absoulate path D:/Work/projects/zybo_z7_projects/DD_RF/vitis/RFsender_platform/hw/topSystem.xsa
TRACE::2026-08-04.21:41:46::SCWPlatform::DSA directory D:/Work/projects/zybo_z7_projects/DD_RF/vitis/RFsender_platform/hw
TRACE::2026-08-04.21:41:46::SCWPlatform:: Platform Path D:/Work/projects/zybo_z7_projects/DD_RF/vitis/RFsender_platform/hw/topSystem.xsa
TRACE::2026-08-04.21:41:46::SCWPlatform:: Unique name xilinx:zybo-z7-10::0.0
TRACE::2026-08-04.21:41:46::SCWPlatform::Trying to set the existing hwdb with name topSystem_7
TRACE::2026-08-04.21:41:46::SCWPlatform::Opened existing hwdb topSystem_7
TRACE::2026-08-04.21:41:46::SCWPlatform::Found the Hw Db part of the input DSA
TRACE::2026-08-04.21:41:46::SCWPlatform::Trying to open the hw design at D:/Work/projects/zybo_z7_projects/DD_RF/vitis/RFsender_platform/hw/topSystem.xsa
TRACE::2026-08-04.21:41:46::SCWPlatform::DSA given D:/Work/projects/zybo_z7_projects/DD_RF/vitis/RFsender_platform/hw/topSystem.xsa
TRACE::2026-08-04.21:41:46::SCWPlatform::DSA absoulate path D:/Work/projects/zybo_z7_projects/DD_RF/vitis/RFsender_platform/hw/topSystem.xsa
TRACE::2026-08-04.21:41:46::SCWPlatform::DSA directory D:/Work/projects/zybo_z7_projects/DD_RF/vitis/RFsender_platform/hw
TRACE::2026-08-04.21:41:46::SCWPlatform:: Platform Path D:/Work/projects/zybo_z7_projects/DD_RF/vitis/RFsender_platform/hw/topSystem.xsa
TRACE::2026-08-04.21:41:46::SCWPlatform:: Unique name xilinx:zybo-z7-10::0.0
TRACE::2026-08-04.21:41:46::SCWPlatform::Trying to set the existing hwdb with name topSystem_7
TRACE::2026-08-04.21:41:46::SCWPlatform::Opened existing hwdb topSystem_7
TRACE::2026-08-04.21:41:46::SCWPlatform::Found the Hw Db part of the input DSA
TRACE::2026-08-04.21:41:46::SCWMssOS::Checking the sw design at  D:/Work/projects/zybo_z7_projects/DD_RF/vitis/RFsender_platform/ps7_cortexa9_0/standalone_domain/bsp/system.mss
TRACE::2026-08-04.21:41:46::SCWMssOS::DEBUG:  swdes dump  D:/Work/projects/zybo_z7_projects/DD_RF/vitis/RFsender_platform/zynq_fsbl/zynq_fsbl_bsp/system.mss|system||

TRACE::2026-08-04.21:41:46::SCWMssOS::No sw design opened at  D:/Work/projects/zybo_z7_projects/DD_RF/vitis/RFsender_platform/ps7_cortexa9_0/standalone_domain/bsp/system.mss
TRACE::2026-08-04.21:41:46::SCWMssOS::mss exists loading the mss file  D:/Work/projects/zybo_z7_projects/DD_RF/vitis/RFsender_platform/ps7_cortexa9_0/standalone_domain/bsp/system.mss
TRACE::2026-08-04.21:41:46::SCWMssOS::Opened the sw design from mss  D:/Work/projects/zybo_z7_projects/DD_RF/vitis/RFsender_platform/ps7_cortexa9_0/standalone_domain/bsp/system.mss
TRACE::2026-08-04.21:41:46::SCWMssOS::Adding the swdes entry D:/Work/projects/zybo_z7_projects/DD_RF/vitis/RFsender_platform/ps7_cortexa9_0/standalone_domain/bsp/system.mss with des name system_0
TRACE::2026-08-04.21:41:46::SCWMssOS::updating the scw layer about changes
TRACE::2026-08-04.21:41:46::SCWMssOS::Opened the sw design.  D:/Work/projects/zybo_z7_projects/DD_RF/vitis/RFsender_platform/ps7_cortexa9_0/standalone_domain/bsp/system.mss
TRACE::2026-08-04.21:41:46::SCWPlatform::Trying to open the hw design at D:/Work/projects/zybo_z7_projects/DD_RF/vitis/RFsender_platform/hw/topSystem.xsa
TRACE::2026-08-04.21:41:46::SCWPlatform::DSA given D:/Work/projects/zybo_z7_projects/DD_RF/vitis/RFsender_platform/hw/topSystem.xsa
TRACE::2026-08-04.21:41:46::SCWPlatform::DSA absoulate path D:/Work/projects/zybo_z7_projects/DD_RF/vitis/RFsender_platform/hw/topSystem.xsa
TRACE::2026-08-04.21:41:46::SCWPlatform::DSA directory D:/Work/projects/zybo_z7_projects/DD_RF/vitis/RFsender_platform/hw
TRACE::2026-08-04.21:41:46::SCWPlatform:: Platform Path D:/Work/projects/zybo_z7_projects/DD_RF/vitis/RFsender_platform/hw/topSystem.xsa
TRACE::2026-08-04.21:41:46::SCWPlatform:: Unique name xilinx:zybo-z7-10::0.0
TRACE::2026-08-04.21:41:46::SCWPlatform::Trying to set the existing hwdb with name topSystem_7
TRACE::2026-08-04.21:41:46::SCWPlatform::Opened existing hwdb topSystem_7
TRACE::2026-08-04.21:41:46::SCWPlatform::Found the Hw Db part of the input DSA
TRACE::2026-08-04.21:41:46::SCWMssOS::Checking the sw design at  D:/Work/projects/zybo_z7_projects/DD_RF/vitis/RFsender_platform/ps7_cortexa9_0/standalone_domain/bsp/system.mss
TRACE::2026-08-04.21:41:46::SCWMssOS::DEBUG:  swdes dump  D:/Work/projects/zybo_z7_projects/DD_RF/vitis/RFsender_platform/ps7_cortexa9_0/standalone_domain/bsp/system.mss|system_0||
D:/Work/projects/zybo_z7_projects/DD_RF/vitis/RFsender_platform/zynq_fsbl/zynq_fsbl_bsp/system.mss|system||

TRACE::2026-08-04.21:41:46::SCWMssOS::Sw design exists and opened at  D:/Work/projects/zybo_z7_projects/DD_RF/vitis/RFsender_platform/ps7_cortexa9_0/standalone_domain/bsp/system.mss
TRACE::2026-08-04.21:41:46::SCWMssOS:: library already available in sw design:  xilffs:5.3
TRACE::2026-08-04.21:41:46::SCWMssOS::Saving the mss changes D:/Work/projects/zybo_z7_projects/DD_RF/vitis/RFsender_platform/ps7_cortexa9_0/standalone_domain/bsp/system.mss
TRACE::2026-08-04.21:41:46::SCWMssOS::Found a swdesign opened with the mssfile.
TRACE::2026-08-04.21:41:46::SCWMssOS::Completed writemss as part of save.
TRACE::2026-08-04.21:41:46::SCWMssOS::Commit changes completed.
TRACE::2026-08-04.21:41:46::SCWReader::Adding prebuilt librarypaths as   
TRACE::2026-08-04.21:41:46::SCWReader::Adding prebuilt incpaths  as   
TRACE::2026-08-04.21:41:46::SCWPlatform::Trying to open the hw design at D:/Work/projects/zybo_z7_projects/DD_RF/vitis/RFsender_platform/hw/topSystem.xsa
TRACE::2026-08-04.21:41:46::SCWPlatform::DSA given D:/Work/projects/zybo_z7_projects/DD_RF/vitis/RFsender_platform/hw/topSystem.xsa
TRACE::2026-08-04.21:41:46::SCWPlatform::DSA absoulate path D:/Work/projects/zybo_z7_projects/DD_RF/vitis/RFsender_platform/hw/topSystem.xsa
TRACE::2026-08-04.21:41:46::SCWPlatform::DSA directory D:/Work/projects/zybo_z7_projects/DD_RF/vitis/RFsender_platform/hw
TRACE::2026-08-04.21:41:46::SCWPlatform:: Platform Path D:/Work/projects/zybo_z7_projects/DD_RF/vitis/RFsender_platform/hw/topSystem.xsa
TRACE::2026-08-04.21:41:46::SCWPlatform:: Unique name xilinx:zybo-z7-10::0.0
TRACE::2026-08-04.21:41:46::SCWPlatform::Trying to set the existing hwdb with name topSystem_7
TRACE::2026-08-04.21:41:46::SCWPlatform::Opened existing hwdb topSystem_7
TRACE::2026-08-04.21:41:46::SCWPlatform::Found the Hw Db part of the input DSA
TRACE::2026-08-04.21:41:46::SCWMssOS::Checking the sw design at  D:/Work/projects/zybo_z7_projects/DD_RF/vitis/RFsender_platform/ps7_cortexa9_0/standalone_domain/bsp/system.mss
TRACE::2026-08-04.21:41:46::SCWMssOS::DEBUG:  swdes dump  D:/Work/projects/zybo_z7_projects/DD_RF/vitis/RFsender_platform/ps7_cortexa9_0/standalone_domain/bsp/system.mss|system_0||
D:/Work/projects/zybo_z7_projects/DD_RF/vitis/RFsender_platform/zynq_fsbl/zynq_fsbl_bsp/system.mss|system||

TRACE::2026-08-04.21:41:46::SCWMssOS::Sw design exists and opened at  D:/Work/projects/zybo_z7_projects/DD_RF/vitis/RFsender_platform/ps7_cortexa9_0/standalone_domain/bsp/system.mss
TRACE::2026-08-04.21:41:46::SCWReader::No isolation master present  
TRACE::2026-08-04.21:41:52::SCWPlatform::DSA given D:/Work/projects/zybo_z7_projects/DD_RF/vitis/RFsender_platform/tempdsa/onlySender.xsa
TRACE::2026-08-04.21:41:52::SCWPlatform::DSA absoulate path D:/Work/projects/zybo_z7_projects/DD_RF/vitis/RFsender_platform/tempdsa/onlySender.xsa
TRACE::2026-08-04.21:41:52::SCWPlatform:: Platform location is D:/Work/projects/zybo_z7_projects/DD_RF/vitis/RFsender_platform/tempdsa
TRACE::2026-08-04.21:41:52::SCWPlatform:: Platform Path D:/Work/projects/zybo_z7_projects/DD_RF/vitis/RFsender_platform/tempdsa/onlySender.xsa
TRACE::2026-08-04.21:41:52::SCWPlatform:: Unique name xilinx:zybo-z7-10::0.0
ERROR::2026-08-04.21:41:52::SCWPlatform::Error: Hw specification provided does not have the HwDb, please check: D:/Work/projects/zybo_z7_projects/DD_RF/vivado/project_1/onlySender.xsa
TRACE::2026-08-04.21:42:19::SCWPlatform::Clearing the existing platform
TRACE::2026-08-04.21:42:19::SCWSystem::Clearing the existing sysconfig
TRACE::2026-08-04.21:42:19::SCWBDomain::clearing the fsbl build
TRACE::2026-08-04.21:42:19::SCWMssOS::Removing the swdes entry for  D:/Work/projects/zybo_z7_projects/DD_RF/vitis/RFsender_platform/zynq_fsbl/zynq_fsbl_bsp/system.mss
TRACE::2026-08-04.21:42:19::SCWMssOS::Removing the swdes entry for  D:/Work/projects/zybo_z7_projects/DD_RF/vitis/RFsender_platform/ps7_cortexa9_0/standalone_domain/bsp/system.mss
TRACE::2026-08-04.21:42:19::SCWSystem::Clearing the domains completed.
TRACE::2026-08-04.21:42:19::SCWPlatform::Clearing the opened hw db.
TRACE::2026-08-04.21:42:19::SCWPlatform::DSA given D:/Work/projects/zybo_z7_projects/DD_RF/vitis/RFsender_platform/hw/topSystem.xsa
TRACE::2026-08-04.21:42:19::SCWPlatform::DSA absoulate path D:/Work/projects/zybo_z7_projects/DD_RF/vitis/RFsender_platform/hw/topSystem.xsa
TRACE::2026-08-04.21:42:19::SCWPlatform:: Platform location is D:/Work/projects/zybo_z7_projects/DD_RF/vitis/RFsender_platform/hw
TRACE::2026-08-04.21:42:19::SCWPlatform:: Platform Path D:/Work/projects/zybo_z7_projects/DD_RF/vitis/RFsender_platform/hw/topSystem.xsa
TRACE::2026-08-04.21:42:19::SCWPlatform:: Unique name xilinx:zybo-z7-10::0.0
TRACE::2026-08-04.21:42:19::SCWPlatform::Removing the HwDB with name D:/Work/projects/zybo_z7_projects/DD_RF/vitis/RFsender_platform/hw/topSystem.xsa
TRACE::2026-08-04.21:42:19::SCWPlatform::Trying to open the hw design at D:/Work/projects/zybo_z7_projects/DD_RF/vitis/RFsender_platform/hw/topSystem.xsa
TRACE::2026-08-04.21:42:19::SCWPlatform::DSA given D:/Work/projects/zybo_z7_projects/DD_RF/vitis/RFsender_platform/hw/topSystem.xsa
TRACE::2026-08-04.21:42:19::SCWPlatform::DSA absoulate path D:/Work/projects/zybo_z7_projects/DD_RF/vitis/RFsender_platform/hw/topSystem.xsa
TRACE::2026-08-04.21:42:19::SCWPlatform::DSA directory D:/Work/projects/zybo_z7_projects/DD_RF/vitis/RFsender_platform/hw
TRACE::2026-08-04.21:42:19::SCWPlatform:: Platform Path D:/Work/projects/zybo_z7_projects/DD_RF/vitis/RFsender_platform/hw/topSystem.xsa
TRACE::2026-08-04.21:42:19::SCWPlatform:: Unique name xilinx:zybo-z7-10::0.0
TRACE::2026-08-04.21:42:19::SCWPlatform::Do not have an existing db opened. 
TRACE::2026-08-04.21:42:21::SCWPlatform::Opened new HwDB with name topSystem_8
TRACE::2026-08-04.21:42:21::SCWReader::Active system found as  RFsender_platform
TRACE::2026-08-04.21:42:21::SCWReader::Handling sysconfig RFsender_platform
TRACE::2026-08-04.21:42:21::SCWDomain::checking for install qemu data   : 
TRACE::2026-08-04.21:42:21::SCWDomain:: Using the QEMU Data from install at  : D:/Applications/Xilinx/Vitis/2024.2/data/emulation/platforms/zynq/sw/a9_standalone/qemu/
TRACE::2026-08-04.21:42:21::SCWDomain:: Using the QEMU args  from install at  : D:/Applications/Xilinx/Vitis/2024.2/data/emulation/platforms/zynq/sw/a9_standalone/qemu/qemu_args.txt
TRACE::2026-08-04.21:42:21::SCWPlatform::Trying to open the hw design at D:/Work/projects/zybo_z7_projects/DD_RF/vitis/RFsender_platform/hw/topSystem.xsa
TRACE::2026-08-04.21:42:21::SCWPlatform::DSA given D:/Work/projects/zybo_z7_projects/DD_RF/vitis/RFsender_platform/hw/topSystem.xsa
TRACE::2026-08-04.21:42:21::SCWPlatform::DSA absoulate path D:/Work/projects/zybo_z7_projects/DD_RF/vitis/RFsender_platform/hw/topSystem.xsa
TRACE::2026-08-04.21:42:21::SCWPlatform::DSA directory D:/Work/projects/zybo_z7_projects/DD_RF/vitis/RFsender_platform/hw
TRACE::2026-08-04.21:42:21::SCWPlatform:: Platform Path D:/Work/projects/zybo_z7_projects/DD_RF/vitis/RFsender_platform/hw/topSystem.xsa
TRACE::2026-08-04.21:42:21::SCWPlatform:: Unique name xilinx:zybo-z7-10::0.0
TRACE::2026-08-04.21:42:21::SCWPlatform::Trying to set the existing hwdb with name topSystem_8
TRACE::2026-08-04.21:42:21::SCWPlatform::Opened existing hwdb topSystem_8
TRACE::2026-08-04.21:42:21::SCWPlatform::Found the Hw Db part of the input DSA
TRACE::2026-08-04.21:42:21::SCWPlatform::Trying to open the hw design at D:/Work/projects/zybo_z7_projects/DD_RF/vitis/RFsender_platform/hw/topSystem.xsa
TRACE::2026-08-04.21:42:21::SCWPlatform::DSA given D:/Work/projects/zybo_z7_projects/DD_RF/vitis/RFsender_platform/hw/topSystem.xsa
TRACE::2026-08-04.21:42:21::SCWPlatform::DSA absoulate path D:/Work/projects/zybo_z7_projects/DD_RF/vitis/RFsender_platform/hw/topSystem.xsa
TRACE::2026-08-04.21:42:21::SCWPlatform::DSA directory D:/Work/projects/zybo_z7_projects/DD_RF/vitis/RFsender_platform/hw
TRACE::2026-08-04.21:42:21::SCWPlatform:: Platform Path D:/Work/projects/zybo_z7_projects/DD_RF/vitis/RFsender_platform/hw/topSystem.xsa
TRACE::2026-08-04.21:42:21::SCWPlatform:: Unique name xilinx:zybo-z7-10::0.0
TRACE::2026-08-04.21:42:21::SCWPlatform::Trying to set the existing hwdb with name topSystem_8
TRACE::2026-08-04.21:42:21::SCWPlatform::Opened existing hwdb topSystem_8
TRACE::2026-08-04.21:42:21::SCWPlatform::Found the Hw Db part of the input DSA
TRACE::2026-08-04.21:42:21::SCWPlatform::Trying to open the hw design at D:/Work/projects/zybo_z7_projects/DD_RF/vitis/RFsender_platform/hw/topSystem.xsa
TRACE::2026-08-04.21:42:21::SCWPlatform::DSA given D:/Work/projects/zybo_z7_projects/DD_RF/vitis/RFsender_platform/hw/topSystem.xsa
TRACE::2026-08-04.21:42:21::SCWPlatform::DSA absoulate path D:/Work/projects/zybo_z7_projects/DD_RF/vitis/RFsender_platform/hw/topSystem.xsa
TRACE::2026-08-04.21:42:21::SCWPlatform::DSA directory D:/Work/projects/zybo_z7_projects/DD_RF/vitis/RFsender_platform/hw
TRACE::2026-08-04.21:42:21::SCWPlatform:: Platform Path D:/Work/projects/zybo_z7_projects/DD_RF/vitis/RFsender_platform/hw/topSystem.xsa
TRACE::2026-08-04.21:42:21::SCWPlatform:: Unique name xilinx:zybo-z7-10::0.0
TRACE::2026-08-04.21:42:21::SCWPlatform::Trying to set the existing hwdb with name topSystem_8
TRACE::2026-08-04.21:42:21::SCWPlatform::Opened existing hwdb topSystem_8
TRACE::2026-08-04.21:42:21::SCWPlatform::Found the Hw Db part of the input DSA
TRACE::2026-08-04.21:42:21::SCWReader::Boot application domain added for zynq_fsbl
TRACE::2026-08-04.21:42:21::SCWPlatform::Trying to open the hw design at D:/Work/projects/zybo_z7_projects/DD_RF/vitis/RFsender_platform/hw/topSystem.xsa
TRACE::2026-08-04.21:42:21::SCWPlatform::DSA given D:/Work/projects/zybo_z7_projects/DD_RF/vitis/RFsender_platform/hw/topSystem.xsa
TRACE::2026-08-04.21:42:21::SCWPlatform::DSA absoulate path D:/Work/projects/zybo_z7_projects/DD_RF/vitis/RFsender_platform/hw/topSystem.xsa
TRACE::2026-08-04.21:42:21::SCWPlatform::DSA directory D:/Work/projects/zybo_z7_projects/DD_RF/vitis/RFsender_platform/hw
TRACE::2026-08-04.21:42:21::SCWPlatform:: Platform Path D:/Work/projects/zybo_z7_projects/DD_RF/vitis/RFsender_platform/hw/topSystem.xsa
TRACE::2026-08-04.21:42:21::SCWPlatform:: Unique name xilinx:zybo-z7-10::0.0
TRACE::2026-08-04.21:42:21::SCWPlatform::Trying to set the existing hwdb with name topSystem_8
TRACE::2026-08-04.21:42:21::SCWPlatform::Opened existing hwdb topSystem_8
TRACE::2026-08-04.21:42:21::SCWPlatform::Found the Hw Db part of the input DSA
TRACE::2026-08-04.21:42:21::SCWMssOS::Checking the sw design at  D:/Work/projects/zybo_z7_projects/DD_RF/vitis/RFsender_platform/zynq_fsbl/zynq_fsbl_bsp/system.mss
TRACE::2026-08-04.21:42:21::SCWMssOS::DEBUG:  swdes dump  
TRACE::2026-08-04.21:42:21::SCWMssOS::No sw design opened at  D:/Work/projects/zybo_z7_projects/DD_RF/vitis/RFsender_platform/zynq_fsbl/zynq_fsbl_bsp/system.mss
TRACE::2026-08-04.21:42:21::SCWMssOS::mss exists loading the mss file  D:/Work/projects/zybo_z7_projects/DD_RF/vitis/RFsender_platform/zynq_fsbl/zynq_fsbl_bsp/system.mss
TRACE::2026-08-04.21:42:21::SCWMssOS::Opened the sw design from mss  D:/Work/projects/zybo_z7_projects/DD_RF/vitis/RFsender_platform/zynq_fsbl/zynq_fsbl_bsp/system.mss
TRACE::2026-08-04.21:42:21::SCWMssOS::Adding the swdes entry D:/Work/projects/zybo_z7_projects/DD_RF/vitis/RFsender_platform/zynq_fsbl/zynq_fsbl_bsp/system.mss with des name system
TRACE::2026-08-04.21:42:21::SCWMssOS::updating the scw layer about changes
TRACE::2026-08-04.21:42:21::SCWMssOS::Opened the sw design.  D:/Work/projects/zybo_z7_projects/DD_RF/vitis/RFsender_platform/zynq_fsbl/zynq_fsbl_bsp/system.mss
TRACE::2026-08-04.21:42:21::SCWPlatform::Trying to open the hw design at D:/Work/projects/zybo_z7_projects/DD_RF/vitis/RFsender_platform/hw/topSystem.xsa
TRACE::2026-08-04.21:42:21::SCWPlatform::DSA given D:/Work/projects/zybo_z7_projects/DD_RF/vitis/RFsender_platform/hw/topSystem.xsa
TRACE::2026-08-04.21:42:21::SCWPlatform::DSA absoulate path D:/Work/projects/zybo_z7_projects/DD_RF/vitis/RFsender_platform/hw/topSystem.xsa
TRACE::2026-08-04.21:42:21::SCWPlatform::DSA directory D:/Work/projects/zybo_z7_projects/DD_RF/vitis/RFsender_platform/hw
TRACE::2026-08-04.21:42:21::SCWPlatform:: Platform Path D:/Work/projects/zybo_z7_projects/DD_RF/vitis/RFsender_platform/hw/topSystem.xsa
TRACE::2026-08-04.21:42:21::SCWPlatform:: Unique name xilinx:zybo-z7-10::0.0
TRACE::2026-08-04.21:42:21::SCWPlatform::Trying to set the existing hwdb with name topSystem_8
TRACE::2026-08-04.21:42:21::SCWPlatform::Opened existing hwdb topSystem_8
TRACE::2026-08-04.21:42:21::SCWPlatform::Found the Hw Db part of the input DSA
TRACE::2026-08-04.21:42:21::SCWMssOS::Checking the sw design at  D:/Work/projects/zybo_z7_projects/DD_RF/vitis/RFsender_platform/zynq_fsbl/zynq_fsbl_bsp/system.mss
TRACE::2026-08-04.21:42:21::SCWMssOS::DEBUG:  swdes dump  D:/Work/projects/zybo_z7_projects/DD_RF/vitis/RFsender_platform/zynq_fsbl/zynq_fsbl_bsp/system.mss|system||

TRACE::2026-08-04.21:42:21::SCWMssOS::Sw design exists and opened at  D:/Work/projects/zybo_z7_projects/DD_RF/vitis/RFsender_platform/zynq_fsbl/zynq_fsbl_bsp/system.mss
TRACE::2026-08-04.21:42:21::SCWMssOS:: library already available in sw design:  xilffs:5.3
TRACE::2026-08-04.21:42:21::SCWPlatform::Trying to open the hw design at D:/Work/projects/zybo_z7_projects/DD_RF/vitis/RFsender_platform/hw/topSystem.xsa
TRACE::2026-08-04.21:42:21::SCWPlatform::DSA given D:/Work/projects/zybo_z7_projects/DD_RF/vitis/RFsender_platform/hw/topSystem.xsa
TRACE::2026-08-04.21:42:21::SCWPlatform::DSA absoulate path D:/Work/projects/zybo_z7_projects/DD_RF/vitis/RFsender_platform/hw/topSystem.xsa
TRACE::2026-08-04.21:42:21::SCWPlatform::DSA directory D:/Work/projects/zybo_z7_projects/DD_RF/vitis/RFsender_platform/hw
TRACE::2026-08-04.21:42:21::SCWPlatform:: Platform Path D:/Work/projects/zybo_z7_projects/DD_RF/vitis/RFsender_platform/hw/topSystem.xsa
TRACE::2026-08-04.21:42:21::SCWPlatform:: Unique name xilinx:zybo-z7-10::0.0
TRACE::2026-08-04.21:42:21::SCWPlatform::Trying to set the existing hwdb with name topSystem_8
TRACE::2026-08-04.21:42:21::SCWPlatform::Opened existing hwdb topSystem_8
TRACE::2026-08-04.21:42:21::SCWPlatform::Found the Hw Db part of the input DSA
TRACE::2026-08-04.21:42:21::SCWMssOS::Checking the sw design at  D:/Work/projects/zybo_z7_projects/DD_RF/vitis/RFsender_platform/zynq_fsbl/zynq_fsbl_bsp/system.mss
TRACE::2026-08-04.21:42:21::SCWMssOS::DEBUG:  swdes dump  D:/Work/projects/zybo_z7_projects/DD_RF/vitis/RFsender_platform/zynq_fsbl/zynq_fsbl_bsp/system.mss|system||

TRACE::2026-08-04.21:42:21::SCWMssOS::Sw design exists and opened at  D:/Work/projects/zybo_z7_projects/DD_RF/vitis/RFsender_platform/zynq_fsbl/zynq_fsbl_bsp/system.mss
TRACE::2026-08-04.21:42:21::SCWMssOS:: library already available in sw design:  xilrsa:1.8
TRACE::2026-08-04.21:42:21::SCWMssOS::Saving the mss changes D:/Work/projects/zybo_z7_projects/DD_RF/vitis/RFsender_platform/zynq_fsbl/zynq_fsbl_bsp/system.mss
TRACE::2026-08-04.21:42:21::SCWMssOS::Found a swdesign opened with the mssfile.
TRACE::2026-08-04.21:42:21::SCWMssOS::Completed writemss as part of save.
TRACE::2026-08-04.21:42:21::SCWMssOS::Commit changes completed.
TRACE::2026-08-04.21:42:21::SCWReader::Adding prebuilt librarypaths as   
TRACE::2026-08-04.21:42:21::SCWReader::Adding prebuilt incpaths  as   
TRACE::2026-08-04.21:42:21::SCWPlatform::Trying to open the hw design at D:/Work/projects/zybo_z7_projects/DD_RF/vitis/RFsender_platform/hw/topSystem.xsa
TRACE::2026-08-04.21:42:21::SCWPlatform::DSA given D:/Work/projects/zybo_z7_projects/DD_RF/vitis/RFsender_platform/hw/topSystem.xsa
TRACE::2026-08-04.21:42:21::SCWPlatform::DSA absoulate path D:/Work/projects/zybo_z7_projects/DD_RF/vitis/RFsender_platform/hw/topSystem.xsa
TRACE::2026-08-04.21:42:21::SCWPlatform::DSA directory D:/Work/projects/zybo_z7_projects/DD_RF/vitis/RFsender_platform/hw
TRACE::2026-08-04.21:42:21::SCWPlatform:: Platform Path D:/Work/projects/zybo_z7_projects/DD_RF/vitis/RFsender_platform/hw/topSystem.xsa
TRACE::2026-08-04.21:42:21::SCWPlatform:: Unique name xilinx:zybo-z7-10::0.0
TRACE::2026-08-04.21:42:21::SCWPlatform::Trying to set the existing hwdb with name topSystem_8
TRACE::2026-08-04.21:42:21::SCWPlatform::Opened existing hwdb topSystem_8
TRACE::2026-08-04.21:42:21::SCWPlatform::Found the Hw Db part of the input DSA
TRACE::2026-08-04.21:42:21::SCWMssOS::Checking the sw design at  D:/Work/projects/zybo_z7_projects/DD_RF/vitis/RFsender_platform/zynq_fsbl/zynq_fsbl_bsp/system.mss
TRACE::2026-08-04.21:42:21::SCWMssOS::DEBUG:  swdes dump  D:/Work/projects/zybo_z7_projects/DD_RF/vitis/RFsender_platform/zynq_fsbl/zynq_fsbl_bsp/system.mss|system||

TRACE::2026-08-04.21:42:21::SCWMssOS::Sw design exists and opened at  D:/Work/projects/zybo_z7_projects/DD_RF/vitis/RFsender_platform/zynq_fsbl/zynq_fsbl_bsp/system.mss
TRACE::2026-08-04.21:42:21::SCWReader::No isolation master present  
TRACE::2026-08-04.21:42:21::SCWDomain::checking for install qemu data   : 
TRACE::2026-08-04.21:42:21::SCWDomain:: Using the QEMU Data from install at  : D:/Applications/Xilinx/Vitis/2024.2/data/emulation/platforms/zynq/sw/a9_standalone/qemu/
TRACE::2026-08-04.21:42:21::SCWDomain:: Using the QEMU args  from install at  : D:/Applications/Xilinx/Vitis/2024.2/data/emulation/platforms/zynq/sw/a9_standalone/qemu/qemu_args.txt
TRACE::2026-08-04.21:42:21::SCWPlatform::Trying to open the hw design at D:/Work/projects/zybo_z7_projects/DD_RF/vitis/RFsender_platform/hw/topSystem.xsa
TRACE::2026-08-04.21:42:21::SCWPlatform::DSA given D:/Work/projects/zybo_z7_projects/DD_RF/vitis/RFsender_platform/hw/topSystem.xsa
TRACE::2026-08-04.21:42:21::SCWPlatform::DSA absoulate path D:/Work/projects/zybo_z7_projects/DD_RF/vitis/RFsender_platform/hw/topSystem.xsa
TRACE::2026-08-04.21:42:21::SCWPlatform::DSA directory D:/Work/projects/zybo_z7_projects/DD_RF/vitis/RFsender_platform/hw
TRACE::2026-08-04.21:42:21::SCWPlatform:: Platform Path D:/Work/projects/zybo_z7_projects/DD_RF/vitis/RFsender_platform/hw/topSystem.xsa
TRACE::2026-08-04.21:42:21::SCWPlatform:: Unique name xilinx:zybo-z7-10::0.0
TRACE::2026-08-04.21:42:21::SCWPlatform::Trying to set the existing hwdb with name topSystem_8
TRACE::2026-08-04.21:42:21::SCWPlatform::Opened existing hwdb topSystem_8
TRACE::2026-08-04.21:42:21::SCWPlatform::Found the Hw Db part of the input DSA
TRACE::2026-08-04.21:42:21::SCWPlatform::Trying to open the hw design at D:/Work/projects/zybo_z7_projects/DD_RF/vitis/RFsender_platform/hw/topSystem.xsa
TRACE::2026-08-04.21:42:21::SCWPlatform::DSA given D:/Work/projects/zybo_z7_projects/DD_RF/vitis/RFsender_platform/hw/topSystem.xsa
TRACE::2026-08-04.21:42:21::SCWPlatform::DSA absoulate path D:/Work/projects/zybo_z7_projects/DD_RF/vitis/RFsender_platform/hw/topSystem.xsa
TRACE::2026-08-04.21:42:21::SCWPlatform::DSA directory D:/Work/projects/zybo_z7_projects/DD_RF/vitis/RFsender_platform/hw
TRACE::2026-08-04.21:42:21::SCWPlatform:: Platform Path D:/Work/projects/zybo_z7_projects/DD_RF/vitis/RFsender_platform/hw/topSystem.xsa
TRACE::2026-08-04.21:42:21::SCWPlatform:: Unique name xilinx:zybo-z7-10::0.0
TRACE::2026-08-04.21:42:21::SCWPlatform::Trying to set the existing hwdb with name topSystem_8
TRACE::2026-08-04.21:42:21::SCWPlatform::Opened existing hwdb topSystem_8
TRACE::2026-08-04.21:42:21::SCWPlatform::Found the Hw Db part of the input DSA
TRACE::2026-08-04.21:42:21::SCWPlatform::Trying to open the hw design at D:/Work/projects/zybo_z7_projects/DD_RF/vitis/RFsender_platform/hw/topSystem.xsa
TRACE::2026-08-04.21:42:21::SCWPlatform::DSA given D:/Work/projects/zybo_z7_projects/DD_RF/vitis/RFsender_platform/hw/topSystem.xsa
TRACE::2026-08-04.21:42:21::SCWPlatform::DSA absoulate path D:/Work/projects/zybo_z7_projects/DD_RF/vitis/RFsender_platform/hw/topSystem.xsa
TRACE::2026-08-04.21:42:21::SCWPlatform::DSA directory D:/Work/projects/zybo_z7_projects/DD_RF/vitis/RFsender_platform/hw
TRACE::2026-08-04.21:42:21::SCWPlatform:: Platform Path D:/Work/projects/zybo_z7_projects/DD_RF/vitis/RFsender_platform/hw/topSystem.xsa
TRACE::2026-08-04.21:42:21::SCWPlatform:: Unique name xilinx:zybo-z7-10::0.0
TRACE::2026-08-04.21:42:21::SCWPlatform::Trying to set the existing hwdb with name topSystem_8
TRACE::2026-08-04.21:42:21::SCWPlatform::Opened existing hwdb topSystem_8
TRACE::2026-08-04.21:42:21::SCWPlatform::Found the Hw Db part of the input DSA
TRACE::2026-08-04.21:42:21::SCWMssOS::Checking the sw design at  D:/Work/projects/zybo_z7_projects/DD_RF/vitis/RFsender_platform/ps7_cortexa9_0/standalone_domain/bsp/system.mss
TRACE::2026-08-04.21:42:21::SCWMssOS::DEBUG:  swdes dump  D:/Work/projects/zybo_z7_projects/DD_RF/vitis/RFsender_platform/zynq_fsbl/zynq_fsbl_bsp/system.mss|system||

TRACE::2026-08-04.21:42:21::SCWMssOS::No sw design opened at  D:/Work/projects/zybo_z7_projects/DD_RF/vitis/RFsender_platform/ps7_cortexa9_0/standalone_domain/bsp/system.mss
TRACE::2026-08-04.21:42:21::SCWMssOS::mss exists loading the mss file  D:/Work/projects/zybo_z7_projects/DD_RF/vitis/RFsender_platform/ps7_cortexa9_0/standalone_domain/bsp/system.mss
TRACE::2026-08-04.21:42:21::SCWMssOS::Opened the sw design from mss  D:/Work/projects/zybo_z7_projects/DD_RF/vitis/RFsender_platform/ps7_cortexa9_0/standalone_domain/bsp/system.mss
TRACE::2026-08-04.21:42:21::SCWMssOS::Adding the swdes entry D:/Work/projects/zybo_z7_projects/DD_RF/vitis/RFsender_platform/ps7_cortexa9_0/standalone_domain/bsp/system.mss with des name system_0
TRACE::2026-08-04.21:42:21::SCWMssOS::updating the scw layer about changes
TRACE::2026-08-04.21:42:21::SCWMssOS::Opened the sw design.  D:/Work/projects/zybo_z7_projects/DD_RF/vitis/RFsender_platform/ps7_cortexa9_0/standalone_domain/bsp/system.mss
TRACE::2026-08-04.21:42:21::SCWPlatform::Trying to open the hw design at D:/Work/projects/zybo_z7_projects/DD_RF/vitis/RFsender_platform/hw/topSystem.xsa
TRACE::2026-08-04.21:42:21::SCWPlatform::DSA given D:/Work/projects/zybo_z7_projects/DD_RF/vitis/RFsender_platform/hw/topSystem.xsa
TRACE::2026-08-04.21:42:21::SCWPlatform::DSA absoulate path D:/Work/projects/zybo_z7_projects/DD_RF/vitis/RFsender_platform/hw/topSystem.xsa
TRACE::2026-08-04.21:42:21::SCWPlatform::DSA directory D:/Work/projects/zybo_z7_projects/DD_RF/vitis/RFsender_platform/hw
TRACE::2026-08-04.21:42:21::SCWPlatform:: Platform Path D:/Work/projects/zybo_z7_projects/DD_RF/vitis/RFsender_platform/hw/topSystem.xsa
TRACE::2026-08-04.21:42:21::SCWPlatform:: Unique name xilinx:zybo-z7-10::0.0
TRACE::2026-08-04.21:42:21::SCWPlatform::Trying to set the existing hwdb with name topSystem_8
TRACE::2026-08-04.21:42:21::SCWPlatform::Opened existing hwdb topSystem_8
TRACE::2026-08-04.21:42:21::SCWPlatform::Found the Hw Db part of the input DSA
TRACE::2026-08-04.21:42:21::SCWMssOS::Checking the sw design at  D:/Work/projects/zybo_z7_projects/DD_RF/vitis/RFsender_platform/ps7_cortexa9_0/standalone_domain/bsp/system.mss
TRACE::2026-08-04.21:42:21::SCWMssOS::DEBUG:  swdes dump  D:/Work/projects/zybo_z7_projects/DD_RF/vitis/RFsender_platform/ps7_cortexa9_0/standalone_domain/bsp/system.mss|system_0||
D:/Work/projects/zybo_z7_projects/DD_RF/vitis/RFsender_platform/zynq_fsbl/zynq_fsbl_bsp/system.mss|system||

TRACE::2026-08-04.21:42:21::SCWMssOS::Sw design exists and opened at  D:/Work/projects/zybo_z7_projects/DD_RF/vitis/RFsender_platform/ps7_cortexa9_0/standalone_domain/bsp/system.mss
TRACE::2026-08-04.21:42:21::SCWMssOS:: library already available in sw design:  xilffs:5.3
TRACE::2026-08-04.21:42:21::SCWMssOS::Saving the mss changes D:/Work/projects/zybo_z7_projects/DD_RF/vitis/RFsender_platform/ps7_cortexa9_0/standalone_domain/bsp/system.mss
TRACE::2026-08-04.21:42:21::SCWMssOS::Found a swdesign opened with the mssfile.
TRACE::2026-08-04.21:42:21::SCWMssOS::Completed writemss as part of save.
TRACE::2026-08-04.21:42:21::SCWMssOS::Commit changes completed.
TRACE::2026-08-04.21:42:21::SCWReader::Adding prebuilt librarypaths as   
TRACE::2026-08-04.21:42:21::SCWReader::Adding prebuilt incpaths  as   
TRACE::2026-08-04.21:42:21::SCWPlatform::Trying to open the hw design at D:/Work/projects/zybo_z7_projects/DD_RF/vitis/RFsender_platform/hw/topSystem.xsa
TRACE::2026-08-04.21:42:21::SCWPlatform::DSA given D:/Work/projects/zybo_z7_projects/DD_RF/vitis/RFsender_platform/hw/topSystem.xsa
TRACE::2026-08-04.21:42:21::SCWPlatform::DSA absoulate path D:/Work/projects/zybo_z7_projects/DD_RF/vitis/RFsender_platform/hw/topSystem.xsa
TRACE::2026-08-04.21:42:21::SCWPlatform::DSA directory D:/Work/projects/zybo_z7_projects/DD_RF/vitis/RFsender_platform/hw
TRACE::2026-08-04.21:42:21::SCWPlatform:: Platform Path D:/Work/projects/zybo_z7_projects/DD_RF/vitis/RFsender_platform/hw/topSystem.xsa
TRACE::2026-08-04.21:42:21::SCWPlatform:: Unique name xilinx:zybo-z7-10::0.0
TRACE::2026-08-04.21:42:21::SCWPlatform::Trying to set the existing hwdb with name topSystem_8
TRACE::2026-08-04.21:42:21::SCWPlatform::Opened existing hwdb topSystem_8
TRACE::2026-08-04.21:42:21::SCWPlatform::Found the Hw Db part of the input DSA
TRACE::2026-08-04.21:42:21::SCWMssOS::Checking the sw design at  D:/Work/projects/zybo_z7_projects/DD_RF/vitis/RFsender_platform/ps7_cortexa9_0/standalone_domain/bsp/system.mss
TRACE::2026-08-04.21:42:21::SCWMssOS::DEBUG:  swdes dump  D:/Work/projects/zybo_z7_projects/DD_RF/vitis/RFsender_platform/ps7_cortexa9_0/standalone_domain/bsp/system.mss|system_0||
D:/Work/projects/zybo_z7_projects/DD_RF/vitis/RFsender_platform/zynq_fsbl/zynq_fsbl_bsp/system.mss|system||

TRACE::2026-08-04.21:42:21::SCWMssOS::Sw design exists and opened at  D:/Work/projects/zybo_z7_projects/DD_RF/vitis/RFsender_platform/ps7_cortexa9_0/standalone_domain/bsp/system.mss
TRACE::2026-08-04.21:42:21::SCWReader::No isolation master present  
TRACE::2026-08-04.21:42:27::SCWPlatform::DSA given D:/Work/projects/zybo_z7_projects/DD_RF/vitis/RFsender_platform/tempdsa/sender.xsa
TRACE::2026-08-04.21:42:27::SCWPlatform::DSA absoulate path D:/Work/projects/zybo_z7_projects/DD_RF/vitis/RFsender_platform/tempdsa/sender.xsa
TRACE::2026-08-04.21:42:27::SCWPlatform:: Platform location is D:/Work/projects/zybo_z7_projects/DD_RF/vitis/RFsender_platform/tempdsa
TRACE::2026-08-04.21:42:28::SCWPlatform:: Platform Path D:/Work/projects/zybo_z7_projects/DD_RF/vitis/RFsender_platform/tempdsa/sender.xsa
TRACE::2026-08-04.21:42:28::SCWPlatform:: Unique name xilinx:zybo-z7-10::0.0
TRACE::2026-08-04.21:42:29::SCWPlatform::Found the Hw Db part of the input DSA
TRACE::2026-08-04.21:42:29::SCWMssOS::Doing hw sync for the mss in domain: zynq_fsbl
TRACE::2026-08-04.21:42:29::SCWPlatform::Trying to open the hw design at D:/Work/projects/zybo_z7_projects/DD_RF/vitis/RFsender_platform/hw/topSystem.xsa
TRACE::2026-08-04.21:42:29::SCWPlatform::DSA given D:/Work/projects/zybo_z7_projects/DD_RF/vitis/RFsender_platform/hw/topSystem.xsa
TRACE::2026-08-04.21:42:29::SCWPlatform::DSA absoulate path D:/Work/projects/zybo_z7_projects/DD_RF/vitis/RFsender_platform/hw/topSystem.xsa
TRACE::2026-08-04.21:42:29::SCWPlatform::DSA directory D:/Work/projects/zybo_z7_projects/DD_RF/vitis/RFsender_platform/hw
TRACE::2026-08-04.21:42:29::SCWPlatform:: Platform Path D:/Work/projects/zybo_z7_projects/DD_RF/vitis/RFsender_platform/hw/topSystem.xsa
TRACE::2026-08-04.21:42:29::SCWPlatform:: Unique name xilinx:zybo-z7-10::0.0
TRACE::2026-08-04.21:42:29::SCWPlatform::Trying to set the existing hwdb with name topSystem_8
TRACE::2026-08-04.21:42:29::SCWPlatform::Opened existing hwdb topSystem_8
TRACE::2026-08-04.21:42:29::SCWPlatform::Found the Hw Db part of the input DSA
TRACE::2026-08-04.21:42:29::SCWPlatform::Trying to open the hw design at D:/Work/projects/zybo_z7_projects/DD_RF/vitis/RFsender_platform/hw/topSystem.xsa
TRACE::2026-08-04.21:42:29::SCWPlatform::DSA given D:/Work/projects/zybo_z7_projects/DD_RF/vitis/RFsender_platform/hw/topSystem.xsa
TRACE::2026-08-04.21:42:29::SCWPlatform::DSA absoulate path D:/Work/projects/zybo_z7_projects/DD_RF/vitis/RFsender_platform/hw/topSystem.xsa
TRACE::2026-08-04.21:42:29::SCWPlatform::DSA directory D:/Work/projects/zybo_z7_projects/DD_RF/vitis/RFsender_platform/hw
TRACE::2026-08-04.21:42:29::SCWPlatform:: Platform Path D:/Work/projects/zybo_z7_projects/DD_RF/vitis/RFsender_platform/hw/topSystem.xsa
TRACE::2026-08-04.21:42:29::SCWPlatform:: Unique name xilinx:zybo-z7-10::0.0
TRACE::2026-08-04.21:42:29::SCWPlatform::Trying to set the existing hwdb with name topSystem_8
TRACE::2026-08-04.21:42:29::SCWPlatform::Opened existing hwdb topSystem_8
TRACE::2026-08-04.21:42:29::SCWPlatform::Found the Hw Db part of the input DSA
TRACE::2026-08-04.21:42:29::SCWMssOS::Checking the sw design at  D:/Work/projects/zybo_z7_projects/DD_RF/vitis/RFsender_platform/zynq_fsbl/zynq_fsbl_bsp/system.mss
TRACE::2026-08-04.21:42:29::SCWMssOS::DEBUG:  swdes dump  D:/Work/projects/zybo_z7_projects/DD_RF/vitis/RFsender_platform/ps7_cortexa9_0/standalone_domain/bsp/system.mss|system_0||
D:/Work/projects/zybo_z7_projects/DD_RF/vitis/RFsender_platform/zynq_fsbl/zynq_fsbl_bsp/system.mss|system||

TRACE::2026-08-04.21:42:29::SCWMssOS::Sw design exists and opened at  D:/Work/projects/zybo_z7_projects/DD_RF/vitis/RFsender_platform/zynq_fsbl/zynq_fsbl_bsp/system.mss
TRACE::2026-08-04.21:42:29::SCWPlatform::Trying to open the hw design at D:/Work/projects/zybo_z7_projects/DD_RF/vitis/RFsender_platform/tempdsa/sender.xsa
TRACE::2026-08-04.21:42:29::SCWPlatform::DSA given D:/Work/projects/zybo_z7_projects/DD_RF/vitis/RFsender_platform/tempdsa/sender.xsa
TRACE::2026-08-04.21:42:29::SCWPlatform::DSA absoulate path D:/Work/projects/zybo_z7_projects/DD_RF/vitis/RFsender_platform/tempdsa/sender.xsa
TRACE::2026-08-04.21:42:29::SCWPlatform::DSA directory D:/Work/projects/zybo_z7_projects/DD_RF/vitis/RFsender_platform/tempdsa
TRACE::2026-08-04.21:42:29::SCWPlatform:: Platform Path D:/Work/projects/zybo_z7_projects/DD_RF/vitis/RFsender_platform/tempdsa/sender.xsa
TRACE::2026-08-04.21:42:29::SCWPlatform:: Unique name xilinx:zybo-z7-10::0.0
TRACE::2026-08-04.21:42:29::SCWPlatform::update - Opened existing hwdb topSystem_9
TRACE::2026-08-04.21:42:29::SCWPlatform::Found the Hw Db part of the input DSA
TRACE::2026-08-04.21:42:29::SCWMssOS::Doing hw sync for the mss in domain: standalone_domain
TRACE::2026-08-04.21:42:29::SCWPlatform::Trying to open the hw design at D:/Work/projects/zybo_z7_projects/DD_RF/vitis/RFsender_platform/hw/topSystem.xsa
TRACE::2026-08-04.21:42:29::SCWPlatform::DSA given D:/Work/projects/zybo_z7_projects/DD_RF/vitis/RFsender_platform/hw/topSystem.xsa
TRACE::2026-08-04.21:42:29::SCWPlatform::DSA absoulate path D:/Work/projects/zybo_z7_projects/DD_RF/vitis/RFsender_platform/hw/topSystem.xsa
TRACE::2026-08-04.21:42:29::SCWPlatform::DSA directory D:/Work/projects/zybo_z7_projects/DD_RF/vitis/RFsender_platform/hw
TRACE::2026-08-04.21:42:29::SCWPlatform:: Platform Path D:/Work/projects/zybo_z7_projects/DD_RF/vitis/RFsender_platform/hw/topSystem.xsa
TRACE::2026-08-04.21:42:29::SCWPlatform:: Unique name xilinx:zybo-z7-10::0.0
TRACE::2026-08-04.21:42:29::SCWPlatform::Trying to set the existing hwdb with name topSystem_8
TRACE::2026-08-04.21:42:29::SCWPlatform::Opened existing hwdb topSystem_8
TRACE::2026-08-04.21:42:29::SCWPlatform::Found the Hw Db part of the input DSA
TRACE::2026-08-04.21:42:29::SCWPlatform::Trying to open the hw design at D:/Work/projects/zybo_z7_projects/DD_RF/vitis/RFsender_platform/hw/topSystem.xsa
TRACE::2026-08-04.21:42:29::SCWPlatform::DSA given D:/Work/projects/zybo_z7_projects/DD_RF/vitis/RFsender_platform/hw/topSystem.xsa
TRACE::2026-08-04.21:42:29::SCWPlatform::DSA absoulate path D:/Work/projects/zybo_z7_projects/DD_RF/vitis/RFsender_platform/hw/topSystem.xsa
TRACE::2026-08-04.21:42:29::SCWPlatform::DSA directory D:/Work/projects/zybo_z7_projects/DD_RF/vitis/RFsender_platform/hw
TRACE::2026-08-04.21:42:29::SCWPlatform:: Platform Path D:/Work/projects/zybo_z7_projects/DD_RF/vitis/RFsender_platform/hw/topSystem.xsa
TRACE::2026-08-04.21:42:29::SCWPlatform:: Unique name xilinx:zybo-z7-10::0.0
TRACE::2026-08-04.21:42:29::SCWPlatform::Trying to set the existing hwdb with name topSystem_8
TRACE::2026-08-04.21:42:29::SCWPlatform::Opened existing hwdb topSystem_8
TRACE::2026-08-04.21:42:29::SCWPlatform::Found the Hw Db part of the input DSA
TRACE::2026-08-04.21:42:29::SCWMssOS::Checking the sw design at  D:/Work/projects/zybo_z7_projects/DD_RF/vitis/RFsender_platform/ps7_cortexa9_0/standalone_domain/bsp/system.mss
TRACE::2026-08-04.21:42:29::SCWMssOS::DEBUG:  swdes dump  D:/Work/projects/zybo_z7_projects/DD_RF/vitis/RFsender_platform/ps7_cortexa9_0/standalone_domain/bsp/system.mss|system_0||
D:/Work/projects/zybo_z7_projects/DD_RF/vitis/RFsender_platform/zynq_fsbl/zynq_fsbl_bsp/system.mss|system||

TRACE::2026-08-04.21:42:29::SCWMssOS::Sw design exists and opened at  D:/Work/projects/zybo_z7_projects/DD_RF/vitis/RFsender_platform/ps7_cortexa9_0/standalone_domain/bsp/system.mss
TRACE::2026-08-04.21:42:29::SCWPlatform::Trying to open the hw design at D:/Work/projects/zybo_z7_projects/DD_RF/vitis/RFsender_platform/tempdsa/sender.xsa
TRACE::2026-08-04.21:42:29::SCWPlatform::DSA given D:/Work/projects/zybo_z7_projects/DD_RF/vitis/RFsender_platform/tempdsa/sender.xsa
TRACE::2026-08-04.21:42:29::SCWPlatform::DSA absoulate path D:/Work/projects/zybo_z7_projects/DD_RF/vitis/RFsender_platform/tempdsa/sender.xsa
TRACE::2026-08-04.21:42:29::SCWPlatform::DSA directory D:/Work/projects/zybo_z7_projects/DD_RF/vitis/RFsender_platform/tempdsa
TRACE::2026-08-04.21:42:29::SCWPlatform:: Platform Path D:/Work/projects/zybo_z7_projects/DD_RF/vitis/RFsender_platform/tempdsa/sender.xsa
TRACE::2026-08-04.21:42:29::SCWPlatform:: Unique name xilinx:zybo-z7-10::0.0
TRACE::2026-08-04.21:42:29::SCWPlatform::update - Opened existing hwdb topSystem_9
TRACE::2026-08-04.21:42:29::SCWPlatform::Found the Hw Db part of the input DSA
TRACE::2026-08-04.21:42:29::SCWMssOS::Saving the mss changes D:/Work/projects/zybo_z7_projects/DD_RF/vitis/RFsender_platform/zynq_fsbl/zynq_fsbl_bsp/system.mss
TRACE::2026-08-04.21:42:29::SCWMssOS::Found a swdesign opened with the mssfile.
TRACE::2026-08-04.21:42:29::SCWMssOS::Completed writemss as part of save.
TRACE::2026-08-04.21:42:29::SCWMssOS::Commit changes completed.
TRACE::2026-08-04.21:42:29::SCWMssOS::Completed hw sync for the mss in domain: zynq_fsbl
TRACE::2026-08-04.21:42:29::SCWMssOS::Removing the swdes entry for  D:/Work/projects/zybo_z7_projects/DD_RF/vitis/RFsender_platform/zynq_fsbl/zynq_fsbl_bsp/system.mss
TRACE::2026-08-04.21:42:29::SCWMssOS::Saving the mss changes D:/Work/projects/zybo_z7_projects/DD_RF/vitis/RFsender_platform/ps7_cortexa9_0/standalone_domain/bsp/system.mss
TRACE::2026-08-04.21:42:29::SCWMssOS::Found a swdesign opened with the mssfile.
TRACE::2026-08-04.21:42:29::SCWMssOS::Completed writemss as part of save.
TRACE::2026-08-04.21:42:29::SCWMssOS::Commit changes completed.
TRACE::2026-08-04.21:42:29::SCWMssOS::Completed hw sync for the mss in domain: standalone_domain
TRACE::2026-08-04.21:42:29::SCWMssOS::Removing the swdes entry for  D:/Work/projects/zybo_z7_projects/DD_RF/vitis/RFsender_platform/ps7_cortexa9_0/standalone_domain/bsp/system.mss
TRACE::2026-08-04.21:42:29::SCWPlatform::Trying to open the hw design at D:/Work/projects/zybo_z7_projects/DD_RF/vitis/RFsender_platform/hw/sender.xsa
TRACE::2026-08-04.21:42:29::SCWPlatform::DSA given D:/Work/projects/zybo_z7_projects/DD_RF/vitis/RFsender_platform/hw/sender.xsa
TRACE::2026-08-04.21:42:29::SCWPlatform::DSA absoulate path D:/Work/projects/zybo_z7_projects/DD_RF/vitis/RFsender_platform/hw/sender.xsa
TRACE::2026-08-04.21:42:29::SCWPlatform::DSA directory D:/Work/projects/zybo_z7_projects/DD_RF/vitis/RFsender_platform/hw
TRACE::2026-08-04.21:42:29::SCWPlatform:: Platform Path D:/Work/projects/zybo_z7_projects/DD_RF/vitis/RFsender_platform/hw/sender.xsa
TRACE::2026-08-04.21:42:29::SCWPlatform:: Unique name xilinx:zybo-z7-10::0.0
TRACE::2026-08-04.21:42:29::SCWPlatform::Do not have an existing db opened. 
TRACE::2026-08-04.21:42:31::SCWPlatform::Opened new HwDB with name topSystem_10
TRACE::2026-08-04.21:42:31::SCWMssOS::Saving the mss changes D:/Work/projects/zybo_z7_projects/DD_RF/vitis/RFsender_platform/zynq_fsbl/zynq_fsbl_bsp/system.mss
TRACE::2026-08-04.21:42:31::SCWMssOS::Adding the swdes entry, mss present, able to open swdb D:/Work/projects/zybo_z7_projects/DD_RF/vitis/RFsender_platform/zynq_fsbl/zynq_fsbl_bsp/system.mss with des name system
TRACE::2026-08-04.21:42:31::SCWMssOS::Writing the mss file completed D:/Work/projects/zybo_z7_projects/DD_RF/vitis/RFsender_platform/zynq_fsbl/zynq_fsbl_bsp/system.mss
TRACE::2026-08-04.21:42:31::SCWMssOS::Commit changes completed.
TRACE::2026-08-04.21:42:31::SCWMssOS::Saving the mss changes D:/Work/projects/zybo_z7_projects/DD_RF/vitis/RFsender_platform/ps7_cortexa9_0/standalone_domain/bsp/system.mss
TRACE::2026-08-04.21:42:31::SCWMssOS::Adding the swdes entry, mss present, able to open swdb D:/Work/projects/zybo_z7_projects/DD_RF/vitis/RFsender_platform/ps7_cortexa9_0/standalone_domain/bsp/system.mss with des name system_0
TRACE::2026-08-04.21:42:31::SCWMssOS::Writing the mss file completed D:/Work/projects/zybo_z7_projects/DD_RF/vitis/RFsender_platform/ps7_cortexa9_0/standalone_domain/bsp/system.mss
TRACE::2026-08-04.21:42:31::SCWMssOS::Commit changes completed.
TRACE::2026-08-04.21:42:31::SCWPlatform::Trying to open the hw design at D:/Work/projects/zybo_z7_projects/DD_RF/vitis/RFsender_platform/hw/sender.xsa
TRACE::2026-08-04.21:42:31::SCWPlatform::DSA given D:/Work/projects/zybo_z7_projects/DD_RF/vitis/RFsender_platform/hw/sender.xsa
TRACE::2026-08-04.21:42:31::SCWPlatform::DSA absoulate path D:/Work/projects/zybo_z7_projects/DD_RF/vitis/RFsender_platform/hw/sender.xsa
TRACE::2026-08-04.21:42:31::SCWPlatform::DSA directory D:/Work/projects/zybo_z7_projects/DD_RF/vitis/RFsender_platform/hw
TRACE::2026-08-04.21:42:31::SCWPlatform:: Platform Path D:/Work/projects/zybo_z7_projects/DD_RF/vitis/RFsender_platform/hw/sender.xsa
TRACE::2026-08-04.21:42:31::SCWPlatform:: Unique name xilinx:zybo-z7-10::0.0
TRACE::2026-08-04.21:42:31::SCWPlatform::Trying to set the existing hwdb with name topSystem_10
TRACE::2026-08-04.21:42:31::SCWPlatform::Opened existing hwdb topSystem_10
TRACE::2026-08-04.21:42:31::SCWPlatform::Found the Hw Db part of the input DSA
TRACE::2026-08-04.21:42:31::SCWMssOS::Checking the sw design at  D:/Work/projects/zybo_z7_projects/DD_RF/vitis/RFsender_platform/zynq_fsbl/zynq_fsbl_bsp/system.mss
TRACE::2026-08-04.21:42:31::SCWMssOS::DEBUG:  swdes dump  D:/Work/projects/zybo_z7_projects/DD_RF/vitis/RFsender_platform/ps7_cortexa9_0/standalone_domain/bsp/system.mss|system_0||
D:/Work/projects/zybo_z7_projects/DD_RF/vitis/RFsender_platform/zynq_fsbl/zynq_fsbl_bsp/system.mss|system||

TRACE::2026-08-04.21:42:31::SCWMssOS::Sw design exists and opened at  D:/Work/projects/zybo_z7_projects/DD_RF/vitis/RFsender_platform/zynq_fsbl/zynq_fsbl_bsp/system.mss
TRACE::2026-08-04.21:42:31::SCWPlatform::Trying to open the hw design at D:/Work/projects/zybo_z7_projects/DD_RF/vitis/RFsender_platform/hw/sender.xsa
TRACE::2026-08-04.21:42:31::SCWPlatform::DSA given D:/Work/projects/zybo_z7_projects/DD_RF/vitis/RFsender_platform/hw/sender.xsa
TRACE::2026-08-04.21:42:31::SCWPlatform::DSA absoulate path D:/Work/projects/zybo_z7_projects/DD_RF/vitis/RFsender_platform/hw/sender.xsa
TRACE::2026-08-04.21:42:31::SCWPlatform::DSA directory D:/Work/projects/zybo_z7_projects/DD_RF/vitis/RFsender_platform/hw
TRACE::2026-08-04.21:42:31::SCWPlatform:: Platform Path D:/Work/projects/zybo_z7_projects/DD_RF/vitis/RFsender_platform/hw/sender.xsa
TRACE::2026-08-04.21:42:31::SCWPlatform:: Unique name xilinx:zybo-z7-10::0.0
TRACE::2026-08-04.21:42:31::SCWPlatform::Trying to set the existing hwdb with name topSystem_10
TRACE::2026-08-04.21:42:31::SCWPlatform::Opened existing hwdb topSystem_10
TRACE::2026-08-04.21:42:31::SCWPlatform::Found the Hw Db part of the input DSA
TRACE::2026-08-04.21:42:31::SCWMssOS::Checking the sw design at  D:/Work/projects/zybo_z7_projects/DD_RF/vitis/RFsender_platform/ps7_cortexa9_0/standalone_domain/bsp/system.mss
TRACE::2026-08-04.21:42:31::SCWMssOS::DEBUG:  swdes dump  D:/Work/projects/zybo_z7_projects/DD_RF/vitis/RFsender_platform/ps7_cortexa9_0/standalone_domain/bsp/system.mss|system_0||
D:/Work/projects/zybo_z7_projects/DD_RF/vitis/RFsender_platform/zynq_fsbl/zynq_fsbl_bsp/system.mss|system||

TRACE::2026-08-04.21:42:31::SCWMssOS::Sw design exists and opened at  D:/Work/projects/zybo_z7_projects/DD_RF/vitis/RFsender_platform/ps7_cortexa9_0/standalone_domain/bsp/system.mss
TRACE::2026-08-04.21:42:31::SCWWriter::formatted JSON is {
	"platformName":	"RFsender_platform",
	"sprVersion":	"2.0",
	"mode":	"gui",
	"dsaType":	"Fixed",
	"platformDesc":	"RFsender_platform",
	"platHandOff":	"D:/Work/projects/zybo_z7_projects/DD_RF/vivado/project_1/sender.xsa",
	"platIntHandOff":	"<platformDir>/hw/sender.xsa",
	"deviceType":	"zynq",
	"platIsPrebuiltAutogen":	"false",
	"platIsNoBootBsp":	"false",
	"hasFsblMakeHasChanges":	"false",
	"hasPmufwMakeHasChanges":	"false",
	"fsblExtraCompilerFlags":	"-MMD -MP       -mcpu=cortex-a9 -mfpu=vfpv3 -mfloat-abi=hard ",
	"platPreBuiltFlag":	false,
	"platformSamplesDir":	"",
	"platActiveSys":	"RFsender_platform",
	"systems":	[{
			"systemName":	"RFsender_platform",
			"systemDesc":	"RFsender_platform",
			"sysIsBootAutoGen":	"true",
			"systemDispName":	"RFsender_platform",
			"sysActiveDom":	"standalone_domain",
			"sysDefaultDom":	"standalone_domain",
			"domains":	[{
					"domainName":	"zynq_fsbl",
					"domainDispName":	"zynq_fsbl",
					"domainDesc":	"FSBL Application BSP - Auto Generated.",
					"processors":	"ps7_cortexa9_0",
					"os":	"standalone",
					"sdxOs":	"standalone",
					"debugEnable":	"",
					"domRuntimes":	["cpp"],
					"swRepo":	"",
					"mssOsVer":	"9.2",
					"mssFile":	"",
					"md5Digest":	"30215168a6860ec346c5df07b875ca911",
					"compatibleApp":	"zynq_fsbl",
					"domType":	"bootDomain",
					"arch":	"32-bit",
					"appSettings":	{
						"appCompilerFlags":	"",
						"appLinkerFlags":	""
					},
					"addedLibs":	["xilffs:5.3", "xilrsa:1.8"],
					"libOptions":	{
						"libsContainingOptions":	[]
					},
					"prebuiltLibs":	{
						"prebuiltIncPath":	[],
						"prebuiltLibPath":	[]
					},
					"isolation":	{
					}
				}, {
					"domainName":	"standalone_domain",
					"domainDispName":	"standalone on ps7_cortexa9_0",
					"domainDesc":	"standalone_domain",
					"processors":	"ps7_cortexa9_0",
					"os":	"standalone",
					"sdxOs":	"standalone",
					"qemuArgs":	"<platformDir>/resources/RFsender_platform/standalone_domain/qemu_args.txt",
					"qemuData":	"<platformDir>/resources/RFsender_platform/standalone_domain/qemu",
					"debugEnable":	"False",
					"domRuntimes":	["cpp"],
					"swRepo":	"",
					"mssOsVer":	"9.2",
					"mssFile":	"",
					"md5Digest":	"cdf1d043c3be5ad3d6f2b109f4a0d1611",
					"compatibleApp":	"",
					"domType":	"mssDomain",
					"appSettings":	{
						"appCompilerFlags":	"",
						"appLinkerFlags":	""
					},
					"addedLibs":	["xilffs:5.3"],
					"libOptions":	{
						"libsContainingOptions":	[]
					},
					"prebuiltLibs":	{
						"prebuiltIncPath":	[],
						"prebuiltLibPath":	[]
					},
					"isolation":	{
					}
				}]
		}]
}
LOG::2026-08-04.21:42:39::SCWPlatform::Started generating the artifacts platform RFsender_platform
TRACE::2026-08-04.21:42:39::SCWPlatform::Sanity checking of platform is completed
LOG::2026-08-04.21:42:39::SCWPlatform::Started generating the artifacts for system configuration RFsender_platform
LOG::2026-08-04.21:42:39::SCWSystem::Checking the domain zynq_fsbl
LOG::2026-08-04.21:42:39::SCWSystem::Doing application build for :  zynq_fsbl
TRACE::2026-08-04.21:42:39::SCWBDomain::Not a forced makefile updation, No changes are present. 
TRACE::2026-08-04.21:42:39::SCWDomain::Skipping the build for domain :  zynq_fsbl
LOG::2026-08-04.21:42:39::SCWSystem::Checking the domain standalone_domain
LOG::2026-08-04.21:42:39::SCWSystem::Not a boot domain 
LOG::2026-08-04.21:42:39::SCWSystem::Started Processing the domain standalone_domain
TRACE::2026-08-04.21:42:39::SCWDomain::Generating domain artifcats
TRACE::2026-08-04.21:42:39::SCWMssOS::Generating standalone artifcats
TRACE::2026-08-04.21:42:39::SCWMssOS::Copying the qemu file from  D:/Work/projects/zybo_z7_projects/DD_RF/vitis/RFsender_platform/resources/RFsender_platform/standalone_domain/qemu_args.txt To D:/Work/projects/zybo_z7_projects/DD_RF/vitis/RFsender_platform/export/RFsender_platform/sw/RFsender_platform/qemu/
TRACE::2026-08-04.21:42:39::SCWMssOS::Copying the qemu file from  D:/Work/projects/zybo_z7_projects/DD_RF/vitis/RFsender_platform/resources/RFsender_platform/standalone_domain/qemu_args.txt To D:/Work/projects/zybo_z7_projects/DD_RF/vitis/RFsender_platform/export/RFsender_platform/sw/RFsender_platform/standalone_domain/qemu/
TRACE::2026-08-04.21:42:39::SCWMssOS:: Copying the user libraries. 
TRACE::2026-08-04.21:42:39::SCWPlatform::Trying to open the hw design at D:/Work/projects/zybo_z7_projects/DD_RF/vitis/RFsender_platform/hw/sender.xsa
TRACE::2026-08-04.21:42:39::SCWPlatform::DSA given D:/Work/projects/zybo_z7_projects/DD_RF/vitis/RFsender_platform/hw/sender.xsa
TRACE::2026-08-04.21:42:39::SCWPlatform::DSA absoulate path D:/Work/projects/zybo_z7_projects/DD_RF/vitis/RFsender_platform/hw/sender.xsa
TRACE::2026-08-04.21:42:39::SCWPlatform::DSA directory D:/Work/projects/zybo_z7_projects/DD_RF/vitis/RFsender_platform/hw
TRACE::2026-08-04.21:42:39::SCWPlatform:: Platform Path D:/Work/projects/zybo_z7_projects/DD_RF/vitis/RFsender_platform/hw/sender.xsa
TRACE::2026-08-04.21:42:39::SCWPlatform:: Unique name xilinx:zybo-z7-10::0.0
TRACE::2026-08-04.21:42:39::SCWPlatform::Trying to set the existing hwdb with name topSystem_10
TRACE::2026-08-04.21:42:39::SCWPlatform::Opened existing hwdb topSystem_10
TRACE::2026-08-04.21:42:39::SCWPlatform::Found the Hw Db part of the input DSA
TRACE::2026-08-04.21:42:39::SCWMssOS::Checking the sw design at  D:/Work/projects/zybo_z7_projects/DD_RF/vitis/RFsender_platform/ps7_cortexa9_0/standalone_domain/bsp/system.mss
TRACE::2026-08-04.21:42:39::SCWMssOS::DEBUG:  swdes dump  D:/Work/projects/zybo_z7_projects/DD_RF/vitis/RFsender_platform/ps7_cortexa9_0/standalone_domain/bsp/system.mss|system_0||
D:/Work/projects/zybo_z7_projects/DD_RF/vitis/RFsender_platform/zynq_fsbl/zynq_fsbl_bsp/system.mss|system||

TRACE::2026-08-04.21:42:39::SCWMssOS::Sw design exists and opened at  D:/Work/projects/zybo_z7_projects/DD_RF/vitis/RFsender_platform/ps7_cortexa9_0/standalone_domain/bsp/system.mss
TRACE::2026-08-04.21:42:39::SCWMssOS::Completed writing the mss file at D:/Work/projects/zybo_z7_projects/DD_RF/vitis/RFsender_platform/ps7_cortexa9_0/standalone_domain/bsp
TRACE::2026-08-04.21:42:39::SCWMssOS::Mss edits present, copying mssfile into export location D:/Work/projects/zybo_z7_projects/DD_RF/vitis/RFsender_platform/ps7_cortexa9_0/standalone_domain/bsp/system.mss
TRACE::2026-08-04.21:42:39::SCWMssOS::bsp generated is stale removing and regenerating. 
TRACE::2026-08-04.21:42:41::SCWMssOS::doing bsp build ... 
TRACE::2026-08-04.21:42:41::SCWMssOS::System Command Ran  D: & cd  D:/Work/projects/zybo_z7_projects/DD_RF/vitis/RFsender_platform/ps7_cortexa9_0/standalone_domain/bsp & make 
TRACE::2026-08-04.21:42:41::SCWMssOS::make --no-print-directory seq_libs

TRACE::2026-08-04.21:42:41::SCWMssOS::'Finished building libraries sequentially.'

TRACE::2026-08-04.21:42:41::SCWMssOS::make -j 14 --no-print-directory par_libs

TRACE::2026-08-04.21:42:41::SCWMssOS::"Running Make include in ps7_cortexa9_0/libsrc/coresightps_dcc_v1_11/src"

TRACE::2026-08-04.21:42:41::SCWMssOS::make -C ps7_cortexa9_0/libsrc/coresightps_dcc_v1_11/src -s include  "SHELL=CMD" "COMPILER=arm-none-eabi-gcc" "ASSEMBLER=arm-non
TRACE::2026-08-04.21:42:41::SCWMssOS::e-eabi-as" "ARCHIVER=arm-none-eabi-ar" "COMPILER_FLAGS=  -O2 -c" "EXTRA_COMPILER_FLAGS=-mcpu=cortex-a9 -mfpu=vfpv3 -mfloat-abi=
TRACE::2026-08-04.21:42:41::SCWMssOS::hard -nostartfiles -g -Wall -Wextra -fno-tree-loop-distribute-patterns"

TRACE::2026-08-04.21:42:41::SCWMssOS::"Running Make include in ps7_cortexa9_0/libsrc/cpu_cortexa9_v2_12/src"

TRACE::2026-08-04.21:42:41::SCWMssOS::make -C ps7_cortexa9_0/libsrc/cpu_cortexa9_v2_12/src -s include  "SHELL=CMD" "COMPILER=arm-none-eabi-gcc" "ASSEMBLER=arm-none-e
TRACE::2026-08-04.21:42:41::SCWMssOS::abi-as" "ARCHIVER=arm-none-eabi-ar" "COMPILER_FLAGS=  -O2 -c" "EXTRA_COMPILER_FLAGS=-mcpu=cortex-a9 -mfpu=vfpv3 -mfloat-abi=har
TRACE::2026-08-04.21:42:41::SCWMssOS::d -nostartfiles -g -Wall -Wextra -fno-tree-loop-distribute-patterns"

TRACE::2026-08-04.21:42:41::SCWMssOS::"Running Make include in ps7_cortexa9_0/libsrc/ddrps_v1_2/src"

TRACE::2026-08-04.21:42:41::SCWMssOS::make -C ps7_cortexa9_0/libsrc/ddrps_v1_2/src -s include  "SHELL=CMD" "COMPILER=arm-none-eabi-gcc" "ASSEMBLER=arm-none-eabi-as" 
TRACE::2026-08-04.21:42:41::SCWMssOS::"ARCHIVER=arm-none-eabi-ar" "COMPILER_FLAGS=  -O2 -c" "EXTRA_COMPILER_FLAGS=-mcpu=cortex-a9 -mfpu=vfpv3 -mfloat-abi=hard -nosta
TRACE::2026-08-04.21:42:41::SCWMssOS::rtfiles -g -Wall -Wextra -fno-tree-loop-distribute-patterns"

TRACE::2026-08-04.21:42:41::SCWMssOS::"Running Make include in ps7_cortexa9_0/libsrc/devcfg_v3_8/src"

TRACE::2026-08-04.21:42:41::SCWMssOS::make -C ps7_cortexa9_0/libsrc/devcfg_v3_8/src -s include  "SHELL=CMD" "COMPILER=arm-none-eabi-gcc" "ASSEMBLER=arm-none-eabi-as"
TRACE::2026-08-04.21:42:41::SCWMssOS:: "ARCHIVER=arm-none-eabi-ar" "COMPILER_FLAGS=  -O2 -c" "EXTRA_COMPILER_FLAGS=-mcpu=cortex-a9 -mfpu=vfpv3 -mfloat-abi=hard -nost
TRACE::2026-08-04.21:42:41::SCWMssOS::artfiles -g -Wall -Wextra -fno-tree-loop-distribute-patterns"

TRACE::2026-08-04.21:42:41::SCWMssOS::"Running Make include in ps7_cortexa9_0/libsrc/dmaps_v2_11/src"

TRACE::2026-08-04.21:42:41::SCWMssOS::make -C ps7_cortexa9_0/libsrc/dmaps_v2_11/src -s include  "SHELL=CMD" "COMPILER=arm-none-eabi-gcc" "ASSEMBLER=arm-none-eabi-as"
TRACE::2026-08-04.21:42:41::SCWMssOS:: "ARCHIVER=arm-none-eabi-ar" "COMPILER_FLAGS=  -O2 -c" "EXTRA_COMPILER_FLAGS=-mcpu=cortex-a9 -mfpu=vfpv3 -mfloat-abi=hard -nost
TRACE::2026-08-04.21:42:41::SCWMssOS::artfiles -g -Wall -Wextra -fno-tree-loop-distribute-patterns"

TRACE::2026-08-04.21:42:41::SCWMssOS::"Running Make include in ps7_cortexa9_0/libsrc/emacps_v3_21/src"

TRACE::2026-08-04.21:42:41::SCWMssOS::make -C ps7_cortexa9_0/libsrc/emacps_v3_21/src -s include  "SHELL=CMD" "COMPILER=arm-none-eabi-gcc" "ASSEMBLER=arm-none-eabi-as
TRACE::2026-08-04.21:42:41::SCWMssOS::" "ARCHIVER=arm-none-eabi-ar" "COMPILER_FLAGS=  -O2 -c" "EXTRA_COMPILER_FLAGS=-mcpu=cortex-a9 -mfpu=vfpv3 -mfloat-abi=hard -nos
TRACE::2026-08-04.21:42:41::SCWMssOS::tartfiles -g -Wall -Wextra -fno-tree-loop-distribute-patterns"

TRACE::2026-08-04.21:42:41::SCWMssOS::"Running Make include in ps7_cortexa9_0/libsrc/gpiops_v3_13/src"

TRACE::2026-08-04.21:42:41::SCWMssOS::make -C ps7_cortexa9_0/libsrc/gpiops_v3_13/src -s include  "SHELL=CMD" "COMPILER=arm-none-eabi-gcc" "ASSEMBLER=arm-none-eabi-as
TRACE::2026-08-04.21:42:41::SCWMssOS::" "ARCHIVER=arm-none-eabi-ar" "COMPILER_FLAGS=  -O2 -c" "EXTRA_COMPILER_FLAGS=-mcpu=cortex-a9 -mfpu=vfpv3 -mfloat-abi=hard -nos
TRACE::2026-08-04.21:42:41::SCWMssOS::tartfiles -g -Wall -Wextra -fno-tree-loop-distribute-patterns"

TRACE::2026-08-04.21:42:41::SCWMssOS::"Running Make include in ps7_cortexa9_0/libsrc/qspips_v3_13/src"

TRACE::2026-08-04.21:42:41::SCWMssOS::make -C ps7_cortexa9_0/libsrc/qspips_v3_13/src -s include  "SHELL=CMD" "COMPILER=arm-none-eabi-gcc" "ASSEMBLER=arm-none-eabi-as
TRACE::2026-08-04.21:42:41::SCWMssOS::" "ARCHIVER=arm-none-eabi-ar" "COMPILER_FLAGS=  -O2 -c" "EXTRA_COMPILER_FLAGS=-mcpu=cortex-a9 -mfpu=vfpv3 -mfloat-abi=hard -nos
TRACE::2026-08-04.21:42:41::SCWMssOS::tartfiles -g -Wall -Wextra -fno-tree-loop-distribute-patterns"

TRACE::2026-08-04.21:42:41::SCWMssOS::"Running Make include in ps7_cortexa9_0/libsrc/scugic_v5_4/src"

TRACE::2026-08-04.21:42:41::SCWMssOS::make -C ps7_cortexa9_0/libsrc/scugic_v5_4/src -s include  "SHELL=CMD" "COMPILER=arm-none-eabi-gcc" "ASSEMBLER=arm-none-eabi-as"
TRACE::2026-08-04.21:42:41::SCWMssOS:: "ARCHIVER=arm-none-eabi-ar" "COMPILER_FLAGS=  -O2 -c" "EXTRA_COMPILER_FLAGS=-mcpu=cortex-a9 -mfpu=vfpv3 -mfloat-abi=hard -nost
TRACE::2026-08-04.21:42:41::SCWMssOS::artfiles -g -Wall -Wextra -fno-tree-loop-distribute-patterns"

TRACE::2026-08-04.21:42:41::SCWMssOS::"Running Make include in ps7_cortexa9_0/libsrc/scutimer_v2_6/src"

TRACE::2026-08-04.21:42:41::SCWMssOS::make -C ps7_cortexa9_0/libsrc/scutimer_v2_6/src -s include  "SHELL=CMD" "COMPILER=arm-none-eabi-gcc" "ASSEMBLER=arm-none-eabi-a
TRACE::2026-08-04.21:42:41::SCWMssOS::s" "ARCHIVER=arm-none-eabi-ar" "COMPILER_FLAGS=  -O2 -c" "EXTRA_COMPILER_FLAGS=-mcpu=cortex-a9 -mfpu=vfpv3 -mfloat-abi=hard -no
TRACE::2026-08-04.21:42:41::SCWMssOS::startfiles -g -Wall -Wextra -fno-tree-loop-distribute-patterns"

TRACE::2026-08-04.21:42:41::SCWMssOS::"Running Make include in ps7_cortexa9_0/libsrc/scuwdt_v2_6/src"

TRACE::2026-08-04.21:42:41::SCWMssOS::make -C ps7_cortexa9_0/libsrc/scuwdt_v2_6/src -s include  "SHELL=CMD" "COMPILER=arm-none-eabi-gcc" "ASSEMBLER=arm-none-eabi-as"
TRACE::2026-08-04.21:42:41::SCWMssOS:: "ARCHIVER=arm-none-eabi-ar" "COMPILER_FLAGS=  -O2 -c" "EXTRA_COMPILER_FLAGS=-mcpu=cortex-a9 -mfpu=vfpv3 -mfloat-abi=hard -nost
TRACE::2026-08-04.21:42:41::SCWMssOS::artfiles -g -Wall -Wextra -fno-tree-loop-distribute-patterns"

TRACE::2026-08-04.21:42:41::SCWMssOS::"Running Make include in ps7_cortexa9_0/libsrc/sdps_v4_4/src"

TRACE::2026-08-04.21:42:41::SCWMssOS::make -C ps7_cortexa9_0/libsrc/sdps_v4_4/src -s include  "SHELL=CMD" "COMPILER=arm-none-eabi-gcc" "ASSEMBLER=arm-none-eabi-as" "
TRACE::2026-08-04.21:42:41::SCWMssOS::ARCHIVER=arm-none-eabi-ar" "COMPILER_FLAGS=  -O2 -c" "EXTRA_COMPILER_FLAGS=-mcpu=cortex-a9 -mfpu=vfpv3 -mfloat-abi=hard -nostar
TRACE::2026-08-04.21:42:41::SCWMssOS::tfiles -g -Wall -Wextra -fno-tree-loop-distribute-patterns"

TRACE::2026-08-04.21:42:41::SCWMssOS::"Running Make include in ps7_cortexa9_0/libsrc/standalone_v9_2/src"

TRACE::2026-08-04.21:42:41::SCWMssOS::make -C ps7_cortexa9_0/libsrc/standalone_v9_2/src -s include  "SHELL=CMD" "COMPILER=arm-none-eabi-gcc" "ASSEMBLER=arm-none-eabi
TRACE::2026-08-04.21:42:41::SCWMssOS::-as" "ARCHIVER=arm-none-eabi-ar" "COMPILER_FLAGS=  -O2 -c" "EXTRA_COMPILER_FLAGS=-mcpu=cortex-a9 -mfpu=vfpv3 -mfloat-abi=hard -
TRACE::2026-08-04.21:42:41::SCWMssOS::nostartfiles -g -Wall -Wextra -fno-tree-loop-distribute-patterns"

TRACE::2026-08-04.21:42:42::SCWMssOS::"Running Make include in ps7_cortexa9_0/libsrc/uartps_v3_15/src"

TRACE::2026-08-04.21:42:42::SCWMssOS::make -C ps7_cortexa9_0/libsrc/uartps_v3_15/src -s include  "SHELL=CMD" "COMPILER=arm-none-eabi-gcc" "ASSEMBLER=arm-none-eabi-as
TRACE::2026-08-04.21:42:42::SCWMssOS::" "ARCHIVER=arm-none-eabi-ar" "COMPILER_FLAGS=  -O2 -c" "EXTRA_COMPILER_FLAGS=-mcpu=cortex-a9 -mfpu=vfpv3 -mfloat-abi=hard -nos
TRACE::2026-08-04.21:42:42::SCWMssOS::tartfiles -g -Wall -Wextra -fno-tree-loop-distribute-patterns"

TRACE::2026-08-04.21:42:42::SCWMssOS::"Running Make include in ps7_cortexa9_0/libsrc/usbps_v2_9/src"

TRACE::2026-08-04.21:42:42::SCWMssOS::make -C ps7_cortexa9_0/libsrc/usbps_v2_9/src -s include  "SHELL=CMD" "COMPILER=arm-none-eabi-gcc" "ASSEMBLER=arm-none-eabi-as" 
TRACE::2026-08-04.21:42:42::SCWMssOS::"ARCHIVER=arm-none-eabi-ar" "COMPILER_FLAGS=  -O2 -c" "EXTRA_COMPILER_FLAGS=-mcpu=cortex-a9 -mfpu=vfpv3 -mfloat-abi=hard -nosta
TRACE::2026-08-04.21:42:42::SCWMssOS::rtfiles -g -Wall -Wextra -fno-tree-loop-distribute-patterns"

TRACE::2026-08-04.21:42:42::SCWMssOS::"Running Make include in ps7_cortexa9_0/libsrc/xadcps_v2_7/src"

TRACE::2026-08-04.21:42:42::SCWMssOS::make -C ps7_cortexa9_0/libsrc/xadcps_v2_7/src -s include  "SHELL=CMD" "COMPILER=arm-none-eabi-gcc" "ASSEMBLER=arm-none-eabi-as"
TRACE::2026-08-04.21:42:42::SCWMssOS:: "ARCHIVER=arm-none-eabi-ar" "COMPILER_FLAGS=  -O2 -c" "EXTRA_COMPILER_FLAGS=-mcpu=cortex-a9 -mfpu=vfpv3 -mfloat-abi=hard -nost
TRACE::2026-08-04.21:42:42::SCWMssOS::artfiles -g -Wall -Wextra -fno-tree-loop-distribute-patterns"

TRACE::2026-08-04.21:42:42::SCWMssOS::"Running Make include in ps7_cortexa9_0/libsrc/xilffs_v5_3/src"

TRACE::2026-08-04.21:42:42::SCWMssOS::make -C ps7_cortexa9_0/libsrc/xilffs_v5_3/src -s include  "SHELL=CMD" "COMPILER=arm-none-eabi-gcc" "ASSEMBLER=arm-none-eabi-as"
TRACE::2026-08-04.21:42:42::SCWMssOS:: "ARCHIVER=arm-none-eabi-ar" "COMPILER_FLAGS=  -O2 -c" "EXTRA_COMPILER_FLAGS=-mcpu=cortex-a9 -mfpu=vfpv3 -mfloat-abi=hard -nost
TRACE::2026-08-04.21:42:42::SCWMssOS::artfiles -g -Wall -Wextra -fno-tree-loop-distribute-patterns"

TRACE::2026-08-04.21:42:42::SCWMssOS::"Running Make libs in ps7_cortexa9_0/libsrc/coresightps_dcc_v1_11/src"

TRACE::2026-08-04.21:42:42::SCWMssOS::make -C ps7_cortexa9_0/libsrc/coresightps_dcc_v1_11/src -s libs  "SHELL=CMD" "COMPILER=arm-none-eabi-gcc" "ASSEMBLER=arm-none-e
TRACE::2026-08-04.21:42:42::SCWMssOS::abi-as" "ARCHIVER=arm-none-eabi-ar" "COMPILER_FLAGS=  -O2 -c" "EXTRA_COMPILER_FLAGS=-mcpu=cortex-a9 -mfpu=vfpv3 -mfloat-abi=har
TRACE::2026-08-04.21:42:42::SCWMssOS::d -nostartfiles -g -Wall -Wextra -fno-tree-loop-distribute-patterns"

TRACE::2026-08-04.21:42:42::SCWMssOS::"Running Make libs in ps7_cortexa9_0/libsrc/cpu_cortexa9_v2_12/src"

TRACE::2026-08-04.21:42:42::SCWMssOS::make -C ps7_cortexa9_0/libsrc/cpu_cortexa9_v2_12/src -s libs  "SHELL=CMD" "COMPILER=arm-none-eabi-gcc" "ASSEMBLER=arm-none-eabi
TRACE::2026-08-04.21:42:42::SCWMssOS::-as" "ARCHIVER=arm-none-eabi-ar" "COMPILER_FLAGS=  -O2 -c" "EXTRA_COMPILER_FLAGS=-mcpu=cortex-a9 -mfpu=vfpv3 -mfloat-abi=hard -
TRACE::2026-08-04.21:42:42::SCWMssOS::nostartfiles -g -Wall -Wextra -fno-tree-loop-distribute-patterns"

TRACE::2026-08-04.21:42:42::SCWMssOS::"Running Make libs in ps7_cortexa9_0/libsrc/ddrps_v1_2/src"

TRACE::2026-08-04.21:42:42::SCWMssOS::make -C ps7_cortexa9_0/libsrc/ddrps_v1_2/src -s libs  "SHELL=CMD" "COMPILER=arm-none-eabi-gcc" "ASSEMBLER=arm-none-eabi-as" "AR
TRACE::2026-08-04.21:42:42::SCWMssOS::CHIVER=arm-none-eabi-ar" "COMPILER_FLAGS=  -O2 -c" "EXTRA_COMPILER_FLAGS=-mcpu=cortex-a9 -mfpu=vfpv3 -mfloat-abi=hard -nostartf
TRACE::2026-08-04.21:42:42::SCWMssOS::iles -g -Wall -Wextra -fno-tree-loop-distribute-patterns"

TRACE::2026-08-04.21:42:42::SCWMssOS::"Running Make libs in ps7_cortexa9_0/libsrc/devcfg_v3_8/src"

TRACE::2026-08-04.21:42:42::SCWMssOS::make -C ps7_cortexa9_0/libsrc/devcfg_v3_8/src -s libs  "SHELL=CMD" "COMPILER=arm-none-eabi-gcc" "ASSEMBLER=arm-none-eabi-as" "A
TRACE::2026-08-04.21:42:42::SCWMssOS::RCHIVER=arm-none-eabi-ar" "COMPILER_FLAGS=  -O2 -c" "EXTRA_COMPILER_FLAGS=-mcpu=cortex-a9 -mfpu=vfpv3 -mfloat-abi=hard -nostart
TRACE::2026-08-04.21:42:42::SCWMssOS::files -g -Wall -Wextra -fno-tree-loop-distribute-patterns"

TRACE::2026-08-04.21:42:42::SCWMssOS::"Running Make libs in ps7_cortexa9_0/libsrc/dmaps_v2_11/src"

TRACE::2026-08-04.21:42:42::SCWMssOS::make -C ps7_cortexa9_0/libsrc/dmaps_v2_11/src -s libs  "SHELL=CMD" "COMPILER=arm-none-eabi-gcc" "ASSEMBLER=arm-none-eabi-as" "A
TRACE::2026-08-04.21:42:42::SCWMssOS::RCHIVER=arm-none-eabi-ar" "COMPILER_FLAGS=  -O2 -c" "EXTRA_COMPILER_FLAGS=-mcpu=cortex-a9 -mfpu=vfpv3 -mfloat-abi=hard -nostart
TRACE::2026-08-04.21:42:42::SCWMssOS::files -g -Wall -Wextra -fno-tree-loop-distribute-patterns"

TRACE::2026-08-04.21:42:42::SCWMssOS::"Running Make libs in ps7_cortexa9_0/libsrc/emacps_v3_21/src"

TRACE::2026-08-04.21:42:42::SCWMssOS::make -C ps7_cortexa9_0/libsrc/emacps_v3_21/src -s libs  "SHELL=CMD" "COMPILER=arm-none-eabi-gcc" "ASSEMBLER=arm-none-eabi-as" "
TRACE::2026-08-04.21:42:42::SCWMssOS::ARCHIVER=arm-none-eabi-ar" "COMPILER_FLAGS=  -O2 -c" "EXTRA_COMPILER_FLAGS=-mcpu=cortex-a9 -mfpu=vfpv3 -mfloat-abi=hard -nostar
TRACE::2026-08-04.21:42:42::SCWMssOS::tfiles -g -Wall -Wextra -fno-tree-loop-distribute-patterns"

TRACE::2026-08-04.21:42:42::SCWMssOS::"Running Make libs in ps7_cortexa9_0/libsrc/gpiops_v3_13/src"

TRACE::2026-08-04.21:42:42::SCWMssOS::make -C ps7_cortexa9_0/libsrc/gpiops_v3_13/src -s libs  "SHELL=CMD" "COMPILER=arm-none-eabi-gcc" "ASSEMBLER=arm-none-eabi-as" "
TRACE::2026-08-04.21:42:42::SCWMssOS::ARCHIVER=arm-none-eabi-ar" "COMPILER_FLAGS=  -O2 -c" "EXTRA_COMPILER_FLAGS=-mcpu=cortex-a9 -mfpu=vfpv3 -mfloat-abi=hard -nostar
TRACE::2026-08-04.21:42:42::SCWMssOS::tfiles -g -Wall -Wextra -fno-tree-loop-distribute-patterns"

TRACE::2026-08-04.21:42:42::SCWMssOS::"Running Make libs in ps7_cortexa9_0/libsrc/qspips_v3_13/src"

TRACE::2026-08-04.21:42:42::SCWMssOS::make -C ps7_cortexa9_0/libsrc/qspips_v3_13/src -s libs  "SHELL=CMD" "COMPILER=arm-none-eabi-gcc" "ASSEMBLER=arm-none-eabi-as" "
TRACE::2026-08-04.21:42:42::SCWMssOS::ARCHIVER=arm-none-eabi-ar" "COMPILER_FLAGS=  -O2 -c" "EXTRA_COMPILER_FLAGS=-mcpu=cortex-a9 -mfpu=vfpv3 -mfloat-abi=hard -nostar
TRACE::2026-08-04.21:42:42::SCWMssOS::tfiles -g -Wall -Wextra -fno-tree-loop-distribute-patterns"

TRACE::2026-08-04.21:42:42::SCWMssOS::"Running Make libs in ps7_cortexa9_0/libsrc/scugic_v5_4/src"

TRACE::2026-08-04.21:42:42::SCWMssOS::make -C ps7_cortexa9_0/libsrc/scugic_v5_4/src -s libs  "SHELL=CMD" "COMPILER=arm-none-eabi-gcc" "ASSEMBLER=arm-none-eabi-as" "A
TRACE::2026-08-04.21:42:42::SCWMssOS::RCHIVER=arm-none-eabi-ar" "COMPILER_FLAGS=  -O2 -c" "EXTRA_COMPILER_FLAGS=-mcpu=cortex-a9 -mfpu=vfpv3 -mfloat-abi=hard -nostart
TRACE::2026-08-04.21:42:42::SCWMssOS::files -g -Wall -Wextra -fno-tree-loop-distribute-patterns"

TRACE::2026-08-04.21:42:42::SCWMssOS::"Running Make libs in ps7_cortexa9_0/libsrc/scutimer_v2_6/src"

TRACE::2026-08-04.21:42:42::SCWMssOS::make -C ps7_cortexa9_0/libsrc/scutimer_v2_6/src -s libs  "SHELL=CMD" "COMPILER=arm-none-eabi-gcc" "ASSEMBLER=arm-none-eabi-as" 
TRACE::2026-08-04.21:42:42::SCWMssOS::"ARCHIVER=arm-none-eabi-ar" "COMPILER_FLAGS=  -O2 -c" "EXTRA_COMPILER_FLAGS=-mcpu=cortex-a9 -mfpu=vfpv3 -mfloat-abi=hard -nosta
TRACE::2026-08-04.21:42:42::SCWMssOS::rtfiles -g -Wall -Wextra -fno-tree-loop-distribute-patterns"

TRACE::2026-08-04.21:42:43::SCWMssOS::"Running Make libs in ps7_cortexa9_0/libsrc/scuwdt_v2_6/src"

TRACE::2026-08-04.21:42:43::SCWMssOS::make -C ps7_cortexa9_0/libsrc/scuwdt_v2_6/src -s libs  "SHELL=CMD" "COMPILER=arm-none-eabi-gcc" "ASSEMBLER=arm-none-eabi-as" "A
TRACE::2026-08-04.21:42:43::SCWMssOS::RCHIVER=arm-none-eabi-ar" "COMPILER_FLAGS=  -O2 -c" "EXTRA_COMPILER_FLAGS=-mcpu=cortex-a9 -mfpu=vfpv3 -mfloat-abi=hard -nostart
TRACE::2026-08-04.21:42:43::SCWMssOS::files -g -Wall -Wextra -fno-tree-loop-distribute-patterns"

TRACE::2026-08-04.21:42:43::SCWMssOS::"Running Make libs in ps7_cortexa9_0/libsrc/sdps_v4_4/src"

TRACE::2026-08-04.21:42:43::SCWMssOS::make -C ps7_cortexa9_0/libsrc/sdps_v4_4/src -s libs  "SHELL=CMD" "COMPILER=arm-none-eabi-gcc" "ASSEMBLER=arm-none-eabi-as" "ARC
TRACE::2026-08-04.21:42:43::SCWMssOS::HIVER=arm-none-eabi-ar" "COMPILER_FLAGS=  -O2 -c" "EXTRA_COMPILER_FLAGS=-mcpu=cortex-a9 -mfpu=vfpv3 -mfloat-abi=hard -nostartfi
TRACE::2026-08-04.21:42:43::SCWMssOS::les -g -Wall -Wextra -fno-tree-loop-distribute-patterns"

TRACE::2026-08-04.21:42:43::SCWMssOS::"Running Make libs in ps7_cortexa9_0/libsrc/standalone_v9_2/src"

TRACE::2026-08-04.21:42:43::SCWMssOS::make -C ps7_cortexa9_0/libsrc/standalone_v9_2/src -s libs  "SHELL=CMD" "COMPILER=arm-none-eabi-gcc" "ASSEMBLER=arm-none-eabi-as
TRACE::2026-08-04.21:42:43::SCWMssOS::" "ARCHIVER=arm-none-eabi-ar" "COMPILER_FLAGS=  -O2 -c" "EXTRA_COMPILER_FLAGS=-mcpu=cortex-a9 -mfpu=vfpv3 -mfloat-abi=hard -nos
TRACE::2026-08-04.21:42:43::SCWMssOS::tartfiles -g -Wall -Wextra -fno-tree-loop-distribute-patterns"

TRACE::2026-08-04.21:42:43::SCWMssOS::"Running Make libs in ps7_cortexa9_0/libsrc/uartps_v3_15/src"

TRACE::2026-08-04.21:42:43::SCWMssOS::make -C ps7_cortexa9_0/libsrc/uartps_v3_15/src -s libs  "SHELL=CMD" "COMPILER=arm-none-eabi-gcc" "ASSEMBLER=arm-none-eabi-as" "
TRACE::2026-08-04.21:42:43::SCWMssOS::ARCHIVER=arm-none-eabi-ar" "COMPILER_FLAGS=  -O2 -c" "EXTRA_COMPILER_FLAGS=-mcpu=cortex-a9 -mfpu=vfpv3 -mfloat-abi=hard -nostar
TRACE::2026-08-04.21:42:43::SCWMssOS::tfiles -g -Wall -Wextra -fno-tree-loop-distribute-patterns"

TRACE::2026-08-04.21:42:43::SCWMssOS::"Running Make libs in ps7_cortexa9_0/libsrc/usbps_v2_9/src"

TRACE::2026-08-04.21:42:43::SCWMssOS::make -C ps7_cortexa9_0/libsrc/usbps_v2_9/src -s libs  "SHELL=CMD" "COMPILER=arm-none-eabi-gcc" "ASSEMBLER=arm-none-eabi-as" "AR
TRACE::2026-08-04.21:42:43::SCWMssOS::CHIVER=arm-none-eabi-ar" "COMPILER_FLAGS=  -O2 -c" "EXTRA_COMPILER_FLAGS=-mcpu=cortex-a9 -mfpu=vfpv3 -mfloat-abi=hard -nostartf
TRACE::2026-08-04.21:42:43::SCWMssOS::iles -g -Wall -Wextra -fno-tree-loop-distribute-patterns"

TRACE::2026-08-04.21:42:43::SCWMssOS::"Running Make libs in ps7_cortexa9_0/libsrc/xadcps_v2_7/src"

TRACE::2026-08-04.21:42:43::SCWMssOS::make -C ps7_cortexa9_0/libsrc/xadcps_v2_7/src -s libs  "SHELL=CMD" "COMPILER=arm-none-eabi-gcc" "ASSEMBLER=arm-none-eabi-as" "A
TRACE::2026-08-04.21:42:43::SCWMssOS::RCHIVER=arm-none-eabi-ar" "COMPILER_FLAGS=  -O2 -c" "EXTRA_COMPILER_FLAGS=-mcpu=cortex-a9 -mfpu=vfpv3 -mfloat-abi=hard -nostart
TRACE::2026-08-04.21:42:43::SCWMssOS::files -g -Wall -Wextra -fno-tree-loop-distribute-patterns"

TRACE::2026-08-04.21:42:43::SCWMssOS::"Running Make libs in ps7_cortexa9_0/libsrc/xilffs_v5_3/src"

TRACE::2026-08-04.21:42:43::SCWMssOS::make -C ps7_cortexa9_0/libsrc/xilffs_v5_3/src -s libs  "SHELL=CMD" "COMPILER=arm-none-eabi-gcc" "ASSEMBLER=arm-none-eabi-as" "A
TRACE::2026-08-04.21:42:43::SCWMssOS::RCHIVER=arm-none-eabi-ar" "COMPILER_FLAGS=  -O2 -c" "EXTRA_COMPILER_FLAGS=-mcpu=cortex-a9 -mfpu=vfpv3 -mfloat-abi=hard -nostart
TRACE::2026-08-04.21:42:43::SCWMssOS::files -g -Wall -Wextra -fno-tree-loop-distribute-patterns"

TRACE::2026-08-04.21:42:45::SCWMssOS::'Finished building libraries parallelly.'

TRACE::2026-08-04.21:42:45::SCWMssOS::make --no-print-directory archive

TRACE::2026-08-04.21:42:45::SCWMssOS::arm-none-eabi-ar -r  ps7_cortexa9_0/lib/libxil.a ps7_cortexa9_0/lib/_exit.o ps7_cortexa9_0/lib/_open.o ps7_cortexa9_0/lib/_sbrk
TRACE::2026-08-04.21:42:45::SCWMssOS::.o ps7_cortexa9_0/lib/abort.o ps7_cortexa9_0/lib/asm_vectors.o ps7_cortexa9_0/lib/boot.o ps7_cortexa9_0/lib/close.o ps7_cortexa
TRACE::2026-08-04.21:42:45::SCWMssOS::9_0/lib/cpputest_time.o ps7_cortexa9_0/lib/cpu_init.o ps7_cortexa9_0/lib/errno.o ps7_cortexa9_0/lib/fcntl.o ps7_cortexa9_0/lib/
TRACE::2026-08-04.21:42:45::SCWMssOS::fstat.o ps7_cortexa9_0/lib/getentropy.o ps7_cortexa9_0/lib/getpid.o ps7_cortexa9_0/lib/gettimeofday.o ps7_cortexa9_0/lib/inbyte
TRACE::2026-08-04.21:42:45::SCWMssOS::.o ps7_cortexa9_0/lib/isatty.o ps7_cortexa9_0/lib/kill.o ps7_cortexa9_0/lib/lseek.o ps7_cortexa9_0/lib/open.o ps7_cortexa9_0/li
TRACE::2026-08-04.21:42:45::SCWMssOS::b/outbyte.o ps7_cortexa9_0/lib/print.o ps7_cortexa9_0/lib/putnum.o ps7_cortexa9_0/lib/read.o ps7_cortexa9_0/lib/sbrk.o ps7_cort
TRACE::2026-08-04.21:42:45::SCWMssOS::exa9_0/lib/sleep.o ps7_cortexa9_0/lib/time.o ps7_cortexa9_0/lib/translation_table.o ps7_cortexa9_0/lib/unlink.o ps7_cortexa9_0/
TRACE::2026-08-04.21:42:45::SCWMssOS::lib/usleep.o ps7_cortexa9_0/lib/vectors.o ps7_cortexa9_0/lib/write.o ps7_cortexa9_0/lib/xadcps.o ps7_cortexa9_0/lib/xadcps_g.o 
TRACE::2026-08-04.21:42:45::SCWMssOS::ps7_cortexa9_0/lib/xadcps_intr.o ps7_cortexa9_0/lib/xadcps_selftest.o ps7_cortexa9_0/lib/xadcps_sinit.o ps7_cortexa9_0/lib/xcor
TRACE::2026-08-04.21:42:45::SCWMssOS::esightpsdcc.o ps7_cortexa9_0/lib/xdevcfg.o ps7_cortexa9_0/lib/xdevcfg_g.o ps7_cortexa9_0/lib/xdevcfg_hw.o ps7_cortexa9_0/lib/xd
TRACE::2026-08-04.21:42:45::SCWMssOS::evcfg_intr.o ps7_cortexa9_0/lib/xdevcfg_selftest.o ps7_cortexa9_0/lib/xdevcfg_sinit.o ps7_cortexa9_0/lib/xdmaps.o ps7_cortexa9_
TRACE::2026-08-04.21:42:45::SCWMssOS::0/lib/xdmaps_g.o ps7_cortexa9_0/lib/xdmaps_hw.o ps7_cortexa9_0/lib/xdmaps_selftest.o ps7_cortexa9_0/lib/xdmaps_sinit.o ps7_cort
TRACE::2026-08-04.21:42:45::SCWMssOS::exa9_0/lib/xemacps.o ps7_cortexa9_0/lib/xemacps_bdring.o ps7_cortexa9_0/lib/xemacps_control.o ps7_cortexa9_0/lib/xemacps_g.o ps
TRACE::2026-08-04.21:42:45::SCWMssOS::7_cortexa9_0/lib/xemacps_hw.o ps7_cortexa9_0/lib/xemacps_intr.o ps7_cortexa9_0/lib/xemacps_sinit.o ps7_cortexa9_0/lib/xgpiops.o
TRACE::2026-08-04.21:42:45::SCWMssOS:: ps7_cortexa9_0/lib/xgpiops_g.o ps7_cortexa9_0/lib/xgpiops_hw.o ps7_cortexa9_0/lib/xgpiops_intr.o ps7_cortexa9_0/lib/xgpiops_se
TRACE::2026-08-04.21:42:45::SCWMssOS::lftest.o ps7_cortexa9_0/lib/xgpiops_sinit.o ps7_cortexa9_0/lib/xil-crt0.o ps7_cortexa9_0/lib/xil_assert.o ps7_cortexa9_0/lib/xi
TRACE::2026-08-04.21:42:45::SCWMssOS::l_cache.o ps7_cortexa9_0/lib/xil_clocking.o ps7_cortexa9_0/lib/xil_exception.o ps7_cortexa9_0/lib/xil_mem.o ps7_cortexa9_0/lib/
TRACE::2026-08-04.21:42:45::SCWMssOS::xil_misc_psreset_api.o ps7_cortexa9_0/lib/xil_mmu.o ps7_cortexa9_0/lib/xil_printf.o ps7_cortexa9_0/lib/xil_sleepcommon.o ps7_co
TRACE::2026-08-04.21:42:45::SCWMssOS::rtexa9_0/lib/xil_sleeptimer.o ps7_cortexa9_0/lib/xil_spinlock.o ps7_cortexa9_0/lib/xil_sutil.o ps7_cortexa9_0/lib/xil_testcache
TRACE::2026-08-04.21:42:45::SCWMssOS::.o ps7_cortexa9_0/lib/xil_testio.o ps7_cortexa9_0/lib/xil_testmem.o ps7_cortexa9_0/lib/xil_util.o ps7_cortexa9_0/lib/xinterrupt
TRACE::2026-08-04.21:42:45::SCWMssOS::_wrap.o ps7_cortexa9_0/lib/xl2cc_counter.o ps7_cortexa9_0/lib/xplatform_info.o ps7_cortexa9_0/lib/xpm_counter.o ps7_cortexa9_0/
TRACE::2026-08-04.21:42:45::SCWMssOS::lib/xpm_init.o ps7_cortexa9_0/lib/xqspips.o ps7_cortexa9_0/lib/xqspips_g.o ps7_cortexa9_0/lib/xqspips_hw.o ps7_cortexa9_0/lib/x
TRACE::2026-08-04.21:42:45::SCWMssOS::qspips_options.o ps7_cortexa9_0/lib/xqspips_selftest.o ps7_cortexa9_0/lib/xqspips_sinit.o ps7_cortexa9_0/lib/xscugic.o ps7_cort
TRACE::2026-08-04.21:42:45::SCWMssOS::exa9_0/lib/xscugic_g.o ps7_cortexa9_0/lib/xscugic_hw.o ps7_cortexa9_0/lib/xscugic_intr.o ps7_cortexa9_0/lib/xscugic_selftest.o 
TRACE::2026-08-04.21:42:45::SCWMssOS::ps7_cortexa9_0/lib/xscugic_sinit.o ps7_cortexa9_0/lib/xscutimer.o ps7_cortexa9_0/lib/xscutimer_g.o ps7_cortexa9_0/lib/xscutimer
TRACE::2026-08-04.21:42:45::SCWMssOS::_selftest.o ps7_cortexa9_0/lib/xscutimer_sinit.o ps7_cortexa9_0/lib/xscuwdt.o ps7_cortexa9_0/lib/xscuwdt_g.o ps7_cortexa9_0/lib
TRACE::2026-08-04.21:42:45::SCWMssOS::/xscuwdt_selftest.o ps7_cortexa9_0/lib/xscuwdt_sinit.o ps7_cortexa9_0/lib/xsdps.o ps7_cortexa9_0/lib/xsdps_card.o ps7_cortexa9_
TRACE::2026-08-04.21:42:45::SCWMssOS::0/lib/xsdps_g.o ps7_cortexa9_0/lib/xsdps_host.o ps7_cortexa9_0/lib/xsdps_options.o ps7_cortexa9_0/lib/xsdps_sinit.o ps7_cortexa
TRACE::2026-08-04.21:42:45::SCWMssOS::9_0/lib/xtime_l.o ps7_cortexa9_0/lib/xuartps.o ps7_cortexa9_0/lib/xuartps_g.o ps7_cortexa9_0/lib/xuartps_hw.o ps7_cortexa9_0/li
TRACE::2026-08-04.21:42:45::SCWMssOS::b/xuartps_intr.o ps7_cortexa9_0/lib/xuartps_options.o ps7_cortexa9_0/lib/xuartps_selftest.o ps7_cortexa9_0/lib/xuartps_sinit.o 
TRACE::2026-08-04.21:42:45::SCWMssOS::ps7_cortexa9_0/lib/xusbps.o ps7_cortexa9_0/lib/xusbps_endpoint.o ps7_cortexa9_0/lib/xusbps_g.o ps7_cortexa9_0/lib/xusbps_hw.o p
TRACE::2026-08-04.21:42:45::SCWMssOS::s7_cortexa9_0/lib/xusbps_intr.o ps7_cortexa9_0/lib/xusbps_sinit.o

TRACE::2026-08-04.21:42:45::SCWMssOS::'Finished building libraries'

TRACE::2026-08-04.21:42:45::SCWMssOS:: Checking if to create the Supporting Applications
TRACE::2026-08-04.21:42:45::SCWMssOS:: No Linux domain exists, trying to generate FSBL 
LOG::2026-08-04.21:42:45::SCWSystem::Completed Processing the domain standalone_domain
LOG::2026-08-04.21:42:45::SCWSystem::Completed Processing the sysconfig RFsender_platform
LOG::2026-08-04.21:42:45::SCWPlatform::Completed generating the artifacts for system configuration RFsender_platform
TRACE::2026-08-04.21:42:45::SCWPlatform::Started preparing the platform 
TRACE::2026-08-04.21:42:45::SCWSystem::Writing the bif file for system config RFsender_platform
TRACE::2026-08-04.21:42:45::SCWSystem::dir created 
TRACE::2026-08-04.21:42:45::SCWSystem::Writing the bif 
TRACE::2026-08-04.21:42:45::SCWPlatform::Started writing the spfm file 
TRACE::2026-08-04.21:42:45::SCWPlatform::Started writing the xpfm file 
TRACE::2026-08-04.21:42:45::SCWPlatform::Completed generating the platform
TRACE::2026-08-04.21:42:45::SCWMssOS::Saving the mss changes D:/Work/projects/zybo_z7_projects/DD_RF/vitis/RFsender_platform/zynq_fsbl/zynq_fsbl_bsp/system.mss
TRACE::2026-08-04.21:42:45::SCWMssOS::Found a swdesign opened with the mssfile.
TRACE::2026-08-04.21:42:45::SCWMssOS::Completed writemss as part of save.
TRACE::2026-08-04.21:42:45::SCWMssOS::Commit changes completed.
TRACE::2026-08-04.21:42:45::SCWMssOS::Saving the mss changes D:/Work/projects/zybo_z7_projects/DD_RF/vitis/RFsender_platform/ps7_cortexa9_0/standalone_domain/bsp/system.mss
TRACE::2026-08-04.21:42:45::SCWMssOS::Adding the swdes entry, mss present, able to open swdb D:/Work/projects/zybo_z7_projects/DD_RF/vitis/RFsender_platform/ps7_cortexa9_0/standalone_domain/bsp/system.mss with des name system_0
TRACE::2026-08-04.21:42:45::SCWMssOS::Writing the mss file completed D:/Work/projects/zybo_z7_projects/DD_RF/vitis/RFsender_platform/ps7_cortexa9_0/standalone_domain/bsp/system.mss
TRACE::2026-08-04.21:42:45::SCWMssOS::Commit changes completed.
TRACE::2026-08-04.21:42:45::SCWPlatform::Trying to open the hw design at D:/Work/projects/zybo_z7_projects/DD_RF/vitis/RFsender_platform/hw/sender.xsa
TRACE::2026-08-04.21:42:45::SCWPlatform::DSA given D:/Work/projects/zybo_z7_projects/DD_RF/vitis/RFsender_platform/hw/sender.xsa
TRACE::2026-08-04.21:42:45::SCWPlatform::DSA absoulate path D:/Work/projects/zybo_z7_projects/DD_RF/vitis/RFsender_platform/hw/sender.xsa
TRACE::2026-08-04.21:42:45::SCWPlatform::DSA directory D:/Work/projects/zybo_z7_projects/DD_RF/vitis/RFsender_platform/hw
TRACE::2026-08-04.21:42:45::SCWPlatform:: Platform Path D:/Work/projects/zybo_z7_projects/DD_RF/vitis/RFsender_platform/hw/sender.xsa
TRACE::2026-08-04.21:42:45::SCWPlatform:: Unique name xilinx:zybo-z7-10::0.0
TRACE::2026-08-04.21:42:45::SCWPlatform::Trying to set the existing hwdb with name topSystem_10
TRACE::2026-08-04.21:42:45::SCWPlatform::Opened existing hwdb topSystem_10
TRACE::2026-08-04.21:42:45::SCWPlatform::Found the Hw Db part of the input DSA
TRACE::2026-08-04.21:42:45::SCWMssOS::Checking the sw design at  D:/Work/projects/zybo_z7_projects/DD_RF/vitis/RFsender_platform/zynq_fsbl/zynq_fsbl_bsp/system.mss
TRACE::2026-08-04.21:42:45::SCWMssOS::DEBUG:  swdes dump  D:/Work/projects/zybo_z7_projects/DD_RF/vitis/RFsender_platform/ps7_cortexa9_0/standalone_domain/bsp/system.mss|system_0||
D:/Work/projects/zybo_z7_projects/DD_RF/vitis/RFsender_platform/zynq_fsbl/zynq_fsbl_bsp/system.mss|system||

TRACE::2026-08-04.21:42:45::SCWMssOS::Sw design exists and opened at  D:/Work/projects/zybo_z7_projects/DD_RF/vitis/RFsender_platform/zynq_fsbl/zynq_fsbl_bsp/system.mss
TRACE::2026-08-04.21:42:45::SCWPlatform::Trying to open the hw design at D:/Work/projects/zybo_z7_projects/DD_RF/vitis/RFsender_platform/hw/sender.xsa
TRACE::2026-08-04.21:42:45::SCWPlatform::DSA given D:/Work/projects/zybo_z7_projects/DD_RF/vitis/RFsender_platform/hw/sender.xsa
TRACE::2026-08-04.21:42:45::SCWPlatform::DSA absoulate path D:/Work/projects/zybo_z7_projects/DD_RF/vitis/RFsender_platform/hw/sender.xsa
TRACE::2026-08-04.21:42:45::SCWPlatform::DSA directory D:/Work/projects/zybo_z7_projects/DD_RF/vitis/RFsender_platform/hw
TRACE::2026-08-04.21:42:45::SCWPlatform:: Platform Path D:/Work/projects/zybo_z7_projects/DD_RF/vitis/RFsender_platform/hw/sender.xsa
TRACE::2026-08-04.21:42:45::SCWPlatform:: Unique name xilinx:zybo-z7-10::0.0
TRACE::2026-08-04.21:42:45::SCWPlatform::Trying to set the existing hwdb with name topSystem_10
TRACE::2026-08-04.21:42:45::SCWPlatform::Opened existing hwdb topSystem_10
TRACE::2026-08-04.21:42:45::SCWPlatform::Found the Hw Db part of the input DSA
TRACE::2026-08-04.21:42:45::SCWMssOS::Checking the sw design at  D:/Work/projects/zybo_z7_projects/DD_RF/vitis/RFsender_platform/ps7_cortexa9_0/standalone_domain/bsp/system.mss
TRACE::2026-08-04.21:42:45::SCWMssOS::DEBUG:  swdes dump  D:/Work/projects/zybo_z7_projects/DD_RF/vitis/RFsender_platform/ps7_cortexa9_0/standalone_domain/bsp/system.mss|system_0||
D:/Work/projects/zybo_z7_projects/DD_RF/vitis/RFsender_platform/zynq_fsbl/zynq_fsbl_bsp/system.mss|system||

TRACE::2026-08-04.21:42:45::SCWMssOS::Sw design exists and opened at  D:/Work/projects/zybo_z7_projects/DD_RF/vitis/RFsender_platform/ps7_cortexa9_0/standalone_domain/bsp/system.mss
TRACE::2026-08-04.21:42:45::SCWWriter::formatted JSON is {
	"platformName":	"RFsender_platform",
	"sprVersion":	"2.0",
	"mode":	"gui",
	"dsaType":	"Fixed",
	"platformDesc":	"RFsender_platform",
	"platHandOff":	"D:/Work/projects/zybo_z7_projects/DD_RF/vivado/project_1/sender.xsa",
	"platIntHandOff":	"<platformDir>/hw/sender.xsa",
	"deviceType":	"zynq",
	"platIsPrebuiltAutogen":	"false",
	"platIsNoBootBsp":	"false",
	"hasFsblMakeHasChanges":	"false",
	"hasPmufwMakeHasChanges":	"false",
	"fsblExtraCompilerFlags":	"-MMD -MP       -mcpu=cortex-a9 -mfpu=vfpv3 -mfloat-abi=hard ",
	"platPreBuiltFlag":	false,
	"platformSamplesDir":	"",
	"platActiveSys":	"RFsender_platform",
	"systems":	[{
			"systemName":	"RFsender_platform",
			"systemDesc":	"RFsender_platform",
			"sysIsBootAutoGen":	"true",
			"systemDispName":	"RFsender_platform",
			"sysActiveDom":	"standalone_domain",
			"sysDefaultDom":	"standalone_domain",
			"domains":	[{
					"domainName":	"zynq_fsbl",
					"domainDispName":	"zynq_fsbl",
					"domainDesc":	"FSBL Application BSP - Auto Generated.",
					"processors":	"ps7_cortexa9_0",
					"os":	"standalone",
					"sdxOs":	"standalone",
					"debugEnable":	"",
					"domRuntimes":	["cpp"],
					"swRepo":	"",
					"mssOsVer":	"9.2",
					"mssFile":	"",
					"md5Digest":	"30215168a6860ec346c5df07b875ca911",
					"compatibleApp":	"zynq_fsbl",
					"domType":	"bootDomain",
					"arch":	"32-bit",
					"appSettings":	{
						"appCompilerFlags":	"",
						"appLinkerFlags":	""
					},
					"addedLibs":	["xilffs:5.3", "xilrsa:1.8"],
					"libOptions":	{
						"libsContainingOptions":	[]
					},
					"prebuiltLibs":	{
						"prebuiltIncPath":	[],
						"prebuiltLibPath":	[]
					},
					"isolation":	{
					}
				}, {
					"domainName":	"standalone_domain",
					"domainDispName":	"standalone on ps7_cortexa9_0",
					"domainDesc":	"standalone_domain",
					"processors":	"ps7_cortexa9_0",
					"os":	"standalone",
					"sdxOs":	"standalone",
					"qemuArgs":	"<platformDir>/resources/RFsender_platform/standalone_domain/qemu_args.txt",
					"qemuData":	"<platformDir>/resources/RFsender_platform/standalone_domain/qemu",
					"debugEnable":	"False",
					"domRuntimes":	["cpp"],
					"swRepo":	"",
					"mssOsVer":	"9.2",
					"mssFile":	"",
					"md5Digest":	"cdf1d043c3be5ad3d6f2b109f4a0d161",
					"compatibleApp":	"",
					"domType":	"mssDomain",
					"appSettings":	{
						"appCompilerFlags":	"",
						"appLinkerFlags":	""
					},
					"addedLibs":	["xilffs:5.3"],
					"libOptions":	{
						"libsContainingOptions":	[]
					},
					"prebuiltLibs":	{
						"prebuiltIncPath":	[],
						"prebuiltLibPath":	[]
					},
					"isolation":	{
					}
				}]
		}]
}
KEYINFO::2026-08-04.21:42:45::SCWPlatform::updated the xpfm file.
TRACE::2026-08-04.21:42:46::SCWPlatform::Trying to open the hw design at D:/Work/projects/zybo_z7_projects/DD_RF/vitis/RFsender_platform/hw/sender.xsa
TRACE::2026-08-04.21:42:46::SCWPlatform::DSA given D:/Work/projects/zybo_z7_projects/DD_RF/vitis/RFsender_platform/hw/sender.xsa
TRACE::2026-08-04.21:42:46::SCWPlatform::DSA absoulate path D:/Work/projects/zybo_z7_projects/DD_RF/vitis/RFsender_platform/hw/sender.xsa
TRACE::2026-08-04.21:42:46::SCWPlatform::DSA directory D:/Work/projects/zybo_z7_projects/DD_RF/vitis/RFsender_platform/hw
TRACE::2026-08-04.21:42:46::SCWPlatform:: Platform Path D:/Work/projects/zybo_z7_projects/DD_RF/vitis/RFsender_platform/hw/sender.xsa
TRACE::2026-08-04.21:42:46::SCWPlatform:: Unique name xilinx:zybo-z7-10::0.0
TRACE::2026-08-04.21:42:46::SCWPlatform::Trying to set the existing hwdb with name topSystem_10
TRACE::2026-08-04.21:42:46::SCWPlatform::Opened existing hwdb topSystem_10
TRACE::2026-08-04.21:42:46::SCWPlatform::Found the Hw Db part of the input DSA
TRACE::2026-08-04.21:42:46::SCWMssOS::Checking the sw design at  D:/Work/projects/zybo_z7_projects/DD_RF/vitis/RFsender_platform/ps7_cortexa9_0/standalone_domain/bsp/system.mss
TRACE::2026-08-04.21:42:46::SCWMssOS::DEBUG:  swdes dump  D:/Work/projects/zybo_z7_projects/DD_RF/vitis/RFsender_platform/ps7_cortexa9_0/standalone_domain/bsp/system.mss|system_0||
D:/Work/projects/zybo_z7_projects/DD_RF/vitis/RFsender_platform/zynq_fsbl/zynq_fsbl_bsp/system.mss|system||

TRACE::2026-08-04.21:42:46::SCWMssOS::Sw design exists and opened at  D:/Work/projects/zybo_z7_projects/DD_RF/vitis/RFsender_platform/ps7_cortexa9_0/standalone_domain/bsp/system.mss
TRACE::2026-08-04.22:01:51::SCWBDomain::System Command Ran  D:&  cd  D:/Work/projects/zybo_z7_projects/DD_RF/vitis/RFsender_platform/zynq_fsbl & make clean
TRACE::2026-08-04.22:01:51::SCWBDomain::rm -rf  sd.o  nand.o  image_mover.o  md5.o  fsbl_hooks.o  main.o  nor.o  qspi.o  rsa.o  ps7_init.o  pcap.o  fsbl_handoff.o zynq
TRACE::2026-08-04.22:01:51::SCWBDomain::_fsbl_bsp/ps7_cortexa9_0/lib/libxil.a fsbl.elf *.o

TRACE::2026-08-04.22:01:51::SCWBDomain::System Command Ran  D:&  cd  D:/Work/projects/zybo_z7_projects/DD_RF/vitis/RFsender_platform/zynq_fsbl/zynq_fsbl_bsp & make clean
TRACE::2026-08-04.22:01:51::SCWBDomain::make -C ps7_cortexa9_0/libsrc/coresightps_dcc_v1_11/src -s clean 

TRACE::2026-08-04.22:01:51::SCWBDomain::make -C ps7_cortexa9_0/libsrc/cpu_cortexa9_v2_12/src -s clean 

TRACE::2026-08-04.22:01:51::SCWBDomain::make -C ps7_cortexa9_0/libsrc/ddrps_v1_2/src -s clean 

TRACE::2026-08-04.22:01:51::SCWBDomain::make -C ps7_cortexa9_0/libsrc/devcfg_v3_8/src -s clean 

TRACE::2026-08-04.22:01:52::SCWBDomain::make -C ps7_cortexa9_0/libsrc/dmaps_v2_11/src -s clean 

TRACE::2026-08-04.22:01:52::SCWBDomain::make -C ps7_cortexa9_0/libsrc/emacps_v3_21/src -s clean 

TRACE::2026-08-04.22:01:52::SCWBDomain::make -C ps7_cortexa9_0/libsrc/gpiops_v3_13/src -s clean 

TRACE::2026-08-04.22:01:52::SCWBDomain::make -C ps7_cortexa9_0/libsrc/qspips_v3_13/src -s clean 

TRACE::2026-08-04.22:01:52::SCWBDomain::make -C ps7_cortexa9_0/libsrc/scugic_v5_4/src -s clean 

TRACE::2026-08-04.22:01:53::SCWBDomain::make -C ps7_cortexa9_0/libsrc/scutimer_v2_6/src -s clean 

TRACE::2026-08-04.22:01:53::SCWBDomain::make -C ps7_cortexa9_0/libsrc/scuwdt_v2_6/src -s clean 

TRACE::2026-08-04.22:01:53::SCWBDomain::make -C ps7_cortexa9_0/libsrc/sdps_v4_4/src -s clean 

TRACE::2026-08-04.22:01:53::SCWBDomain::make -C ps7_cortexa9_0/libsrc/standalone_v9_2/src -s clean 

TRACE::2026-08-04.22:01:54::SCWBDomain::make -C ps7_cortexa9_0/libsrc/uartps_v3_15/src -s clean 

TRACE::2026-08-04.22:01:55::SCWBDomain::make -C ps7_cortexa9_0/libsrc/usbps_v2_9/src -s clean 

TRACE::2026-08-04.22:01:55::SCWBDomain::make -C ps7_cortexa9_0/libsrc/xadcps_v2_7/src -s clean 

TRACE::2026-08-04.22:01:55::SCWBDomain::make -C ps7_cortexa9_0/libsrc/xilffs_v5_3/src -s clean 

TRACE::2026-08-04.22:01:55::SCWBDomain::make -C ps7_cortexa9_0/libsrc/xilrsa_v1_8/src -s clean 

TRACE::2026-08-04.22:01:55::SCWBDomain::rm -f ps7_cortexa9_0/lib/libxil.a

TRACE::2026-08-04.22:01:55::SCWMssOS::cleaning the bsp 
TRACE::2026-08-04.22:01:55::SCWMssOS::System Command Ran  D: & cd  D:/Work/projects/zybo_z7_projects/DD_RF/vitis/RFsender_platform/ps7_cortexa9_0/standalone_domain/bsp & make clean 
TRACE::2026-08-04.22:01:56::SCWMssOS::make -C ps7_cortexa9_0/libsrc/coresightps_dcc_v1_11/src -s clean 

TRACE::2026-08-04.22:01:56::SCWMssOS::make -C ps7_cortexa9_0/libsrc/cpu_cortexa9_v2_12/src -s clean 

TRACE::2026-08-04.22:01:56::SCWMssOS::make -C ps7_cortexa9_0/libsrc/ddrps_v1_2/src -s clean 

TRACE::2026-08-04.22:01:56::SCWMssOS::make -C ps7_cortexa9_0/libsrc/devcfg_v3_8/src -s clean 

TRACE::2026-08-04.22:01:56::SCWMssOS::make -C ps7_cortexa9_0/libsrc/dmaps_v2_11/src -s clean 

TRACE::2026-08-04.22:01:56::SCWMssOS::make -C ps7_cortexa9_0/libsrc/emacps_v3_21/src -s clean 

TRACE::2026-08-04.22:01:56::SCWMssOS::make -C ps7_cortexa9_0/libsrc/gpiops_v3_13/src -s clean 

TRACE::2026-08-04.22:01:56::SCWMssOS::make -C ps7_cortexa9_0/libsrc/qspips_v3_13/src -s clean 

TRACE::2026-08-04.22:01:56::SCWMssOS::make -C ps7_cortexa9_0/libsrc/scugic_v5_4/src -s clean 

TRACE::2026-08-04.22:01:56::SCWMssOS::make -C ps7_cortexa9_0/libsrc/scutimer_v2_6/src -s clean 

TRACE::2026-08-04.22:01:56::SCWMssOS::make -C ps7_cortexa9_0/libsrc/scuwdt_v2_6/src -s clean 

TRACE::2026-08-04.22:01:56::SCWMssOS::make -C ps7_cortexa9_0/libsrc/sdps_v4_4/src -s clean 

TRACE::2026-08-04.22:01:56::SCWMssOS::make -C ps7_cortexa9_0/libsrc/standalone_v9_2/src -s clean 

TRACE::2026-08-04.22:01:57::SCWMssOS::make -C ps7_cortexa9_0/libsrc/uartps_v3_15/src -s clean 

TRACE::2026-08-04.22:01:57::SCWMssOS::make -C ps7_cortexa9_0/libsrc/usbps_v2_9/src -s clean 

TRACE::2026-08-04.22:01:57::SCWMssOS::make -C ps7_cortexa9_0/libsrc/xadcps_v2_7/src -s clean 

TRACE::2026-08-04.22:01:57::SCWMssOS::make -C ps7_cortexa9_0/libsrc/xilffs_v5_3/src -s clean 

TRACE::2026-08-04.22:01:57::SCWMssOS::rm -f ps7_cortexa9_0/lib/libxil.a

LOG::2026-08-04.22:02:01::SCWPlatform::Started generating the artifacts platform RFsender_platform
TRACE::2026-08-04.22:02:01::SCWPlatform::Sanity checking of platform is completed
LOG::2026-08-04.22:02:01::SCWPlatform::Started generating the artifacts for system configuration RFsender_platform
LOG::2026-08-04.22:02:01::SCWSystem::Checking the domain zynq_fsbl
LOG::2026-08-04.22:02:01::SCWSystem::Doing application build for :  zynq_fsbl
TRACE::2026-08-04.22:02:01::SCWBDomain::Not a forced makefile updation, No changes are present. 
TRACE::2026-08-04.22:02:01::SCWDomain::Building the domain as part of full build :  zynq_fsbl
TRACE::2026-08-04.22:02:01::SCWPlatform::Trying to open the hw design at D:/Work/projects/zybo_z7_projects/DD_RF/vitis/RFsender_platform/hw/sender.xsa
TRACE::2026-08-04.22:02:01::SCWPlatform::DSA given D:/Work/projects/zybo_z7_projects/DD_RF/vitis/RFsender_platform/hw/sender.xsa
TRACE::2026-08-04.22:02:01::SCWPlatform::DSA absoulate path D:/Work/projects/zybo_z7_projects/DD_RF/vitis/RFsender_platform/hw/sender.xsa
TRACE::2026-08-04.22:02:01::SCWPlatform::DSA directory D:/Work/projects/zybo_z7_projects/DD_RF/vitis/RFsender_platform/hw
TRACE::2026-08-04.22:02:01::SCWPlatform:: Platform Path D:/Work/projects/zybo_z7_projects/DD_RF/vitis/RFsender_platform/hw/sender.xsa
TRACE::2026-08-04.22:02:01::SCWPlatform:: Unique name xilinx:zybo-z7-10::0.0
TRACE::2026-08-04.22:02:01::SCWPlatform::Trying to set the existing hwdb with name topSystem_10
TRACE::2026-08-04.22:02:01::SCWPlatform::Opened existing hwdb topSystem_10
TRACE::2026-08-04.22:02:01::SCWPlatform::Found the Hw Db part of the input DSA
TRACE::2026-08-04.22:02:01::SCWMssOS::Checking the sw design at  D:/Work/projects/zybo_z7_projects/DD_RF/vitis/RFsender_platform/zynq_fsbl/zynq_fsbl_bsp/system.mss
TRACE::2026-08-04.22:02:01::SCWMssOS::DEBUG:  swdes dump  D:/Work/projects/zybo_z7_projects/DD_RF/vitis/RFsender_platform/ps7_cortexa9_0/standalone_domain/bsp/system.mss|system_0||
D:/Work/projects/zybo_z7_projects/DD_RF/vitis/RFsender_platform/zynq_fsbl/zynq_fsbl_bsp/system.mss|system||

TRACE::2026-08-04.22:02:01::SCWMssOS::Sw design exists and opened at  D:/Work/projects/zybo_z7_projects/DD_RF/vitis/RFsender_platform/zynq_fsbl/zynq_fsbl_bsp/system.mss
TRACE::2026-08-04.22:02:01::SCWBDomain::Completed writing the mss file at D:/Work/projects/zybo_z7_projects/DD_RF/vitis/RFsender_platform/zynq_fsbl/zynq_fsbl_bsp
TRACE::2026-08-04.22:02:02::SCWBDomain::bsp generated is stale removing and regenerating. 
TRACE::2026-08-04.22:02:03::SCWBDomain::Updating the makefile used for building the Application zynq_fsbl
TRACE::2026-08-04.22:02:03::SCWPlatform::Trying to open the hw design at D:/Work/projects/zybo_z7_projects/DD_RF/vitis/RFsender_platform/hw/sender.xsa
TRACE::2026-08-04.22:02:03::SCWPlatform::DSA given D:/Work/projects/zybo_z7_projects/DD_RF/vitis/RFsender_platform/hw/sender.xsa
TRACE::2026-08-04.22:02:03::SCWPlatform::DSA absoulate path D:/Work/projects/zybo_z7_projects/DD_RF/vitis/RFsender_platform/hw/sender.xsa
TRACE::2026-08-04.22:02:03::SCWPlatform::DSA directory D:/Work/projects/zybo_z7_projects/DD_RF/vitis/RFsender_platform/hw
TRACE::2026-08-04.22:02:03::SCWPlatform:: Platform Path D:/Work/projects/zybo_z7_projects/DD_RF/vitis/RFsender_platform/hw/sender.xsa
TRACE::2026-08-04.22:02:03::SCWPlatform:: Unique name xilinx:zybo-z7-10::0.0
TRACE::2026-08-04.22:02:03::SCWPlatform::Trying to set the existing hwdb with name topSystem_10
TRACE::2026-08-04.22:02:03::SCWPlatform::Opened existing hwdb topSystem_10
TRACE::2026-08-04.22:02:03::SCWPlatform::Found the Hw Db part of the input DSA
TRACE::2026-08-04.22:02:03::SCWMssOS::Checking the sw design at  D:/Work/projects/zybo_z7_projects/DD_RF/vitis/RFsender_platform/zynq_fsbl/zynq_fsbl_bsp/system.mss
TRACE::2026-08-04.22:02:03::SCWMssOS::DEBUG:  swdes dump  D:/Work/projects/zybo_z7_projects/DD_RF/vitis/RFsender_platform/ps7_cortexa9_0/standalone_domain/bsp/system.mss|system_0||

TRACE::2026-08-04.22:02:03::SCWMssOS::No sw design opened at  D:/Work/projects/zybo_z7_projects/DD_RF/vitis/RFsender_platform/zynq_fsbl/zynq_fsbl_bsp/system.mss
TRACE::2026-08-04.22:02:03::SCWMssOS::mss exists loading the mss file  D:/Work/projects/zybo_z7_projects/DD_RF/vitis/RFsender_platform/zynq_fsbl/zynq_fsbl_bsp/system.mss
TRACE::2026-08-04.22:02:03::SCWMssOS::Opened the sw design from mss  D:/Work/projects/zybo_z7_projects/DD_RF/vitis/RFsender_platform/zynq_fsbl/zynq_fsbl_bsp/system.mss
TRACE::2026-08-04.22:02:03::SCWMssOS::Adding the swdes entry D:/Work/projects/zybo_z7_projects/DD_RF/vitis/RFsender_platform/zynq_fsbl/zynq_fsbl_bsp/system.mss with des name system
TRACE::2026-08-04.22:02:03::SCWMssOS::updating the scw layer about changes
TRACE::2026-08-04.22:02:03::SCWMssOS::Opened the sw design.  D:/Work/projects/zybo_z7_projects/DD_RF/vitis/RFsender_platform/zynq_fsbl/zynq_fsbl_bsp/system.mss
TRACE::2026-08-04.22:02:11::SCWBDomain::removing the temporary location in _platform.
TRACE::2026-08-04.22:02:11::SCWBDomain::Makefile is Updated.
TRACE::2026-08-04.22:02:11::SCWBDomain::doing clean.
TRACE::2026-08-04.22:02:11::SCWBDomain::System Command Ran  D:&  cd  D:/Work/projects/zybo_z7_projects/DD_RF/vitis/RFsender_platform/zynq_fsbl & make clean
TRACE::2026-08-04.22:02:11::SCWBDomain::rm -rf  sd.o  nand.o  image_mover.o  md5.o  fsbl_hooks.o  main.o  rsa.o  nor.o  qspi.o  ps7_init.o  pcap.o  fsbl_handoff.o zynq
TRACE::2026-08-04.22:02:11::SCWBDomain::_fsbl_bsp/ps7_cortexa9_0/lib/libxil.a fsbl.elf *.o

TRACE::2026-08-04.22:02:11::SCWBDomain::System Command Ran  D:&  cd  D:/Work/projects/zybo_z7_projects/DD_RF/vitis/RFsender_platform/zynq_fsbl& make -C  zynq_fsbl_bsp & make 
TRACE::2026-08-04.22:02:11::SCWBDomain::make: Entering directory 'D:/Work/projects/zybo_z7_projects/DD_RF/vitis/RFsender_platform/zynq_fsbl/zynq_fsbl_bsp'

TRACE::2026-08-04.22:02:11::SCWBDomain::make --no-print-directory seq_libs

TRACE::2026-08-04.22:02:11::SCWBDomain::"Running Make include in ps7_cortexa9_0/libsrc/coresightps_dcc_v1_11/src"

TRACE::2026-08-04.22:02:11::SCWBDomain::make -C ps7_cortexa9_0/libsrc/coresightps_dcc_v1_11/src -s include  "SHELL=CMD" "COMPILER=arm-none-eabi-gcc" "ASSEMBLER=arm-non
TRACE::2026-08-04.22:02:11::SCWBDomain::e-eabi-as" "ARCHIVER=arm-none-eabi-ar" "COMPILER_FLAGS=  -O2 -c" "EXTRA_COMPILER_FLAGS=-mcpu=cortex-a9 -mfpu=vfpv3 -mfloat-abi=
TRACE::2026-08-04.22:02:11::SCWBDomain::hard -nostartfiles -g -Wall -Wextra -fno-tree-loop-distribute-patterns"

TRACE::2026-08-04.22:02:11::SCWBDomain::"Running Make include in ps7_cortexa9_0/libsrc/cpu_cortexa9_v2_12/src"

TRACE::2026-08-04.22:02:11::SCWBDomain::make -C ps7_cortexa9_0/libsrc/cpu_cortexa9_v2_12/src -s include  "SHELL=CMD" "COMPILER=arm-none-eabi-gcc" "ASSEMBLER=arm-none-e
TRACE::2026-08-04.22:02:11::SCWBDomain::abi-as" "ARCHIVER=arm-none-eabi-ar" "COMPILER_FLAGS=  -O2 -c" "EXTRA_COMPILER_FLAGS=-mcpu=cortex-a9 -mfpu=vfpv3 -mfloat-abi=har
TRACE::2026-08-04.22:02:11::SCWBDomain::d -nostartfiles -g -Wall -Wextra -fno-tree-loop-distribute-patterns"

TRACE::2026-08-04.22:02:11::SCWBDomain::"Running Make include in ps7_cortexa9_0/libsrc/ddrps_v1_2/src"

TRACE::2026-08-04.22:02:11::SCWBDomain::make -C ps7_cortexa9_0/libsrc/ddrps_v1_2/src -s include  "SHELL=CMD" "COMPILER=arm-none-eabi-gcc" "ASSEMBLER=arm-none-eabi-as" 
TRACE::2026-08-04.22:02:11::SCWBDomain::"ARCHIVER=arm-none-eabi-ar" "COMPILER_FLAGS=  -O2 -c" "EXTRA_COMPILER_FLAGS=-mcpu=cortex-a9 -mfpu=vfpv3 -mfloat-abi=hard -nosta
TRACE::2026-08-04.22:02:11::SCWBDomain::rtfiles -g -Wall -Wextra -fno-tree-loop-distribute-patterns"

TRACE::2026-08-04.22:02:11::SCWBDomain::"Running Make include in ps7_cortexa9_0/libsrc/devcfg_v3_8/src"

TRACE::2026-08-04.22:02:11::SCWBDomain::make -C ps7_cortexa9_0/libsrc/devcfg_v3_8/src -s include  "SHELL=CMD" "COMPILER=arm-none-eabi-gcc" "ASSEMBLER=arm-none-eabi-as"
TRACE::2026-08-04.22:02:11::SCWBDomain:: "ARCHIVER=arm-none-eabi-ar" "COMPILER_FLAGS=  -O2 -c" "EXTRA_COMPILER_FLAGS=-mcpu=cortex-a9 -mfpu=vfpv3 -mfloat-abi=hard -nost
TRACE::2026-08-04.22:02:11::SCWBDomain::artfiles -g -Wall -Wextra -fno-tree-loop-distribute-patterns"

TRACE::2026-08-04.22:02:11::SCWBDomain::"Running Make include in ps7_cortexa9_0/libsrc/dmaps_v2_11/src"

TRACE::2026-08-04.22:02:11::SCWBDomain::make -C ps7_cortexa9_0/libsrc/dmaps_v2_11/src -s include  "SHELL=CMD" "COMPILER=arm-none-eabi-gcc" "ASSEMBLER=arm-none-eabi-as"
TRACE::2026-08-04.22:02:11::SCWBDomain:: "ARCHIVER=arm-none-eabi-ar" "COMPILER_FLAGS=  -O2 -c" "EXTRA_COMPILER_FLAGS=-mcpu=cortex-a9 -mfpu=vfpv3 -mfloat-abi=hard -nost
TRACE::2026-08-04.22:02:11::SCWBDomain::artfiles -g -Wall -Wextra -fno-tree-loop-distribute-patterns"

TRACE::2026-08-04.22:02:12::SCWBDomain::"Running Make include in ps7_cortexa9_0/libsrc/emacps_v3_21/src"

TRACE::2026-08-04.22:02:12::SCWBDomain::make -C ps7_cortexa9_0/libsrc/emacps_v3_21/src -s include  "SHELL=CMD" "COMPILER=arm-none-eabi-gcc" "ASSEMBLER=arm-none-eabi-as
TRACE::2026-08-04.22:02:12::SCWBDomain::" "ARCHIVER=arm-none-eabi-ar" "COMPILER_FLAGS=  -O2 -c" "EXTRA_COMPILER_FLAGS=-mcpu=cortex-a9 -mfpu=vfpv3 -mfloat-abi=hard -nos
TRACE::2026-08-04.22:02:12::SCWBDomain::tartfiles -g -Wall -Wextra -fno-tree-loop-distribute-patterns"

TRACE::2026-08-04.22:02:12::SCWBDomain::"Running Make include in ps7_cortexa9_0/libsrc/gpiops_v3_13/src"

TRACE::2026-08-04.22:02:12::SCWBDomain::make -C ps7_cortexa9_0/libsrc/gpiops_v3_13/src -s include  "SHELL=CMD" "COMPILER=arm-none-eabi-gcc" "ASSEMBLER=arm-none-eabi-as
TRACE::2026-08-04.22:02:12::SCWBDomain::" "ARCHIVER=arm-none-eabi-ar" "COMPILER_FLAGS=  -O2 -c" "EXTRA_COMPILER_FLAGS=-mcpu=cortex-a9 -mfpu=vfpv3 -mfloat-abi=hard -nos
TRACE::2026-08-04.22:02:12::SCWBDomain::tartfiles -g -Wall -Wextra -fno-tree-loop-distribute-patterns"

TRACE::2026-08-04.22:02:12::SCWBDomain::"Running Make include in ps7_cortexa9_0/libsrc/qspips_v3_13/src"

TRACE::2026-08-04.22:02:12::SCWBDomain::make -C ps7_cortexa9_0/libsrc/qspips_v3_13/src -s include  "SHELL=CMD" "COMPILER=arm-none-eabi-gcc" "ASSEMBLER=arm-none-eabi-as
TRACE::2026-08-04.22:02:12::SCWBDomain::" "ARCHIVER=arm-none-eabi-ar" "COMPILER_FLAGS=  -O2 -c" "EXTRA_COMPILER_FLAGS=-mcpu=cortex-a9 -mfpu=vfpv3 -mfloat-abi=hard -nos
TRACE::2026-08-04.22:02:12::SCWBDomain::tartfiles -g -Wall -Wextra -fno-tree-loop-distribute-patterns"

TRACE::2026-08-04.22:02:12::SCWBDomain::"Running Make include in ps7_cortexa9_0/libsrc/scugic_v5_4/src"

TRACE::2026-08-04.22:02:12::SCWBDomain::make -C ps7_cortexa9_0/libsrc/scugic_v5_4/src -s include  "SHELL=CMD" "COMPILER=arm-none-eabi-gcc" "ASSEMBLER=arm-none-eabi-as"
TRACE::2026-08-04.22:02:12::SCWBDomain:: "ARCHIVER=arm-none-eabi-ar" "COMPILER_FLAGS=  -O2 -c" "EXTRA_COMPILER_FLAGS=-mcpu=cortex-a9 -mfpu=vfpv3 -mfloat-abi=hard -nost
TRACE::2026-08-04.22:02:12::SCWBDomain::artfiles -g -Wall -Wextra -fno-tree-loop-distribute-patterns"

TRACE::2026-08-04.22:02:12::SCWBDomain::"Running Make include in ps7_cortexa9_0/libsrc/scutimer_v2_6/src"

TRACE::2026-08-04.22:02:13::SCWBDomain::make -C ps7_cortexa9_0/libsrc/scutimer_v2_6/src -s include  "SHELL=CMD" "COMPILER=arm-none-eabi-gcc" "ASSEMBLER=arm-none-eabi-a
TRACE::2026-08-04.22:02:13::SCWBDomain::s" "ARCHIVER=arm-none-eabi-ar" "COMPILER_FLAGS=  -O2 -c" "EXTRA_COMPILER_FLAGS=-mcpu=cortex-a9 -mfpu=vfpv3 -mfloat-abi=hard -no
TRACE::2026-08-04.22:02:13::SCWBDomain::startfiles -g -Wall -Wextra -fno-tree-loop-distribute-patterns"

TRACE::2026-08-04.22:02:13::SCWBDomain::"Running Make include in ps7_cortexa9_0/libsrc/scuwdt_v2_6/src"

TRACE::2026-08-04.22:02:13::SCWBDomain::make -C ps7_cortexa9_0/libsrc/scuwdt_v2_6/src -s include  "SHELL=CMD" "COMPILER=arm-none-eabi-gcc" "ASSEMBLER=arm-none-eabi-as"
TRACE::2026-08-04.22:02:13::SCWBDomain:: "ARCHIVER=arm-none-eabi-ar" "COMPILER_FLAGS=  -O2 -c" "EXTRA_COMPILER_FLAGS=-mcpu=cortex-a9 -mfpu=vfpv3 -mfloat-abi=hard -nost
TRACE::2026-08-04.22:02:13::SCWBDomain::artfiles -g -Wall -Wextra -fno-tree-loop-distribute-patterns"

TRACE::2026-08-04.22:02:13::SCWBDomain::"Running Make include in ps7_cortexa9_0/libsrc/sdps_v4_4/src"

TRACE::2026-08-04.22:02:13::SCWBDomain::make -C ps7_cortexa9_0/libsrc/sdps_v4_4/src -s include  "SHELL=CMD" "COMPILER=arm-none-eabi-gcc" "ASSEMBLER=arm-none-eabi-as" "
TRACE::2026-08-04.22:02:13::SCWBDomain::ARCHIVER=arm-none-eabi-ar" "COMPILER_FLAGS=  -O2 -c" "EXTRA_COMPILER_FLAGS=-mcpu=cortex-a9 -mfpu=vfpv3 -mfloat-abi=hard -nostar
TRACE::2026-08-04.22:02:13::SCWBDomain::tfiles -g -Wall -Wextra -fno-tree-loop-distribute-patterns"

TRACE::2026-08-04.22:02:13::SCWBDomain::"Running Make include in ps7_cortexa9_0/libsrc/standalone_v9_2/src"

TRACE::2026-08-04.22:02:13::SCWBDomain::make -C ps7_cortexa9_0/libsrc/standalone_v9_2/src -s include  "SHELL=CMD" "COMPILER=arm-none-eabi-gcc" "ASSEMBLER=arm-none-eabi
TRACE::2026-08-04.22:02:13::SCWBDomain::-as" "ARCHIVER=arm-none-eabi-ar" "COMPILER_FLAGS=  -O2 -c" "EXTRA_COMPILER_FLAGS=-mcpu=cortex-a9 -mfpu=vfpv3 -mfloat-abi=hard -
TRACE::2026-08-04.22:02:13::SCWBDomain::nostartfiles -g -Wall -Wextra -fno-tree-loop-distribute-patterns"

TRACE::2026-08-04.22:02:14::SCWBDomain::"Running Make include in ps7_cortexa9_0/libsrc/uartps_v3_15/src"

TRACE::2026-08-04.22:02:14::SCWBDomain::make -C ps7_cortexa9_0/libsrc/uartps_v3_15/src -s include  "SHELL=CMD" "COMPILER=arm-none-eabi-gcc" "ASSEMBLER=arm-none-eabi-as
TRACE::2026-08-04.22:02:14::SCWBDomain::" "ARCHIVER=arm-none-eabi-ar" "COMPILER_FLAGS=  -O2 -c" "EXTRA_COMPILER_FLAGS=-mcpu=cortex-a9 -mfpu=vfpv3 -mfloat-abi=hard -nos
TRACE::2026-08-04.22:02:14::SCWBDomain::tartfiles -g -Wall -Wextra -fno-tree-loop-distribute-patterns"

TRACE::2026-08-04.22:02:15::SCWBDomain::"Running Make include in ps7_cortexa9_0/libsrc/usbps_v2_9/src"

TRACE::2026-08-04.22:02:15::SCWBDomain::make -C ps7_cortexa9_0/libsrc/usbps_v2_9/src -s include  "SHELL=CMD" "COMPILER=arm-none-eabi-gcc" "ASSEMBLER=arm-none-eabi-as" 
TRACE::2026-08-04.22:02:15::SCWBDomain::"ARCHIVER=arm-none-eabi-ar" "COMPILER_FLAGS=  -O2 -c" "EXTRA_COMPILER_FLAGS=-mcpu=cortex-a9 -mfpu=vfpv3 -mfloat-abi=hard -nosta
TRACE::2026-08-04.22:02:15::SCWBDomain::rtfiles -g -Wall -Wextra -fno-tree-loop-distribute-patterns"

TRACE::2026-08-04.22:02:15::SCWBDomain::"Running Make include in ps7_cortexa9_0/libsrc/xadcps_v2_7/src"

TRACE::2026-08-04.22:02:15::SCWBDomain::make -C ps7_cortexa9_0/libsrc/xadcps_v2_7/src -s include  "SHELL=CMD" "COMPILER=arm-none-eabi-gcc" "ASSEMBLER=arm-none-eabi-as"
TRACE::2026-08-04.22:02:15::SCWBDomain:: "ARCHIVER=arm-none-eabi-ar" "COMPILER_FLAGS=  -O2 -c" "EXTRA_COMPILER_FLAGS=-mcpu=cortex-a9 -mfpu=vfpv3 -mfloat-abi=hard -nost
TRACE::2026-08-04.22:02:15::SCWBDomain::artfiles -g -Wall -Wextra -fno-tree-loop-distribute-patterns"

TRACE::2026-08-04.22:02:15::SCWBDomain::"Running Make include in ps7_cortexa9_0/libsrc/xilffs_v5_3/src"

TRACE::2026-08-04.22:02:15::SCWBDomain::make -C ps7_cortexa9_0/libsrc/xilffs_v5_3/src -s include  "SHELL=CMD" "COMPILER=arm-none-eabi-gcc" "ASSEMBLER=arm-none-eabi-as"
TRACE::2026-08-04.22:02:15::SCWBDomain:: "ARCHIVER=arm-none-eabi-ar" "COMPILER_FLAGS=  -O2 -c" "EXTRA_COMPILER_FLAGS=-mcpu=cortex-a9 -mfpu=vfpv3 -mfloat-abi=hard -nost
TRACE::2026-08-04.22:02:15::SCWBDomain::artfiles -g -Wall -Wextra -fno-tree-loop-distribute-patterns"

TRACE::2026-08-04.22:02:15::SCWBDomain::"Running Make include in ps7_cortexa9_0/libsrc/xilrsa_v1_8/src"

TRACE::2026-08-04.22:02:15::SCWBDomain::make -C ps7_cortexa9_0/libsrc/xilrsa_v1_8/src -s include  "SHELL=CMD" "COMPILER=arm-none-eabi-gcc" "ASSEMBLER=arm-none-eabi-as"
TRACE::2026-08-04.22:02:15::SCWBDomain:: "ARCHIVER=arm-none-eabi-ar" "COMPILER_FLAGS=  -O2 -c" "EXTRA_COMPILER_FLAGS=-mcpu=cortex-a9 -mfpu=vfpv3 -mfloat-abi=hard -nost
TRACE::2026-08-04.22:02:15::SCWBDomain::artfiles -g -Wall -Wextra -fno-tree-loop-distribute-patterns"

TRACE::2026-08-04.22:02:15::SCWBDomain::"Running Make libs in ps7_cortexa9_0/libsrc/xilrsa_v1_8/src"

TRACE::2026-08-04.22:02:15::SCWBDomain::make -C ps7_cortexa9_0/libsrc/xilrsa_v1_8/src -s libs  "SHELL=CMD" "COMPILER=arm-none-eabi-gcc" "ASSEMBLER=arm-none-eabi-as" "A
TRACE::2026-08-04.22:02:15::SCWBDomain::RCHIVER=arm-none-eabi-ar" "COMPILER_FLAGS=  -O2 -c" "EXTRA_COMPILER_FLAGS=-mcpu=cortex-a9 -mfpu=vfpv3 -mfloat-abi=hard -nostart
TRACE::2026-08-04.22:02:15::SCWBDomain::files -g -Wall -Wextra -fno-tree-loop-distribute-patterns"

TRACE::2026-08-04.22:02:15::SCWBDomain::'Finished building libraries sequentially.'

TRACE::2026-08-04.22:02:15::SCWBDomain::make -j 14 --no-print-directory par_libs

TRACE::2026-08-04.22:02:15::SCWBDomain::"Running Make include in ps7_cortexa9_0/libsrc/coresightps_dcc_v1_11/src"

TRACE::2026-08-04.22:02:16::SCWBDomain::make -C ps7_cortexa9_0/libsrc/coresightps_dcc_v1_11/src -s include  "SHELL=CMD" "COMPILER=arm-none-eabi-gcc" "ASSEMBLER=arm-non
TRACE::2026-08-04.22:02:16::SCWBDomain::e-eabi-as" "ARCHIVER=arm-none-eabi-ar" "COMPILER_FLAGS=  -O2 -c" "EXTRA_COMPILER_FLAGS=-mcpu=cortex-a9 -mfpu=vfpv3 -mfloat-abi=
TRACE::2026-08-04.22:02:16::SCWBDomain::hard -nostartfiles -g -Wall -Wextra -fno-tree-loop-distribute-patterns"

TRACE::2026-08-04.22:02:16::SCWBDomain::"Running Make include in ps7_cortexa9_0/libsrc/cpu_cortexa9_v2_12/src"

TRACE::2026-08-04.22:02:16::SCWBDomain::make -C ps7_cortexa9_0/libsrc/cpu_cortexa9_v2_12/src -s include  "SHELL=CMD" "COMPILER=arm-none-eabi-gcc" "ASSEMBLER=arm-none-e
TRACE::2026-08-04.22:02:16::SCWBDomain::abi-as" "ARCHIVER=arm-none-eabi-ar" "COMPILER_FLAGS=  -O2 -c" "EXTRA_COMPILER_FLAGS=-mcpu=cortex-a9 -mfpu=vfpv3 -mfloat-abi=har
TRACE::2026-08-04.22:02:16::SCWBDomain::d -nostartfiles -g -Wall -Wextra -fno-tree-loop-distribute-patterns"

TRACE::2026-08-04.22:02:16::SCWBDomain::"Running Make include in ps7_cortexa9_0/libsrc/ddrps_v1_2/src"

TRACE::2026-08-04.22:02:16::SCWBDomain::make -C ps7_cortexa9_0/libsrc/ddrps_v1_2/src -s include  "SHELL=CMD" "COMPILER=arm-none-eabi-gcc" "ASSEMBLER=arm-none-eabi-as" 
TRACE::2026-08-04.22:02:16::SCWBDomain::"ARCHIVER=arm-none-eabi-ar" "COMPILER_FLAGS=  -O2 -c" "EXTRA_COMPILER_FLAGS=-mcpu=cortex-a9 -mfpu=vfpv3 -mfloat-abi=hard -nosta
TRACE::2026-08-04.22:02:16::SCWBDomain::rtfiles -g -Wall -Wextra -fno-tree-loop-distribute-patterns"

TRACE::2026-08-04.22:02:16::SCWBDomain::"Running Make include in ps7_cortexa9_0/libsrc/devcfg_v3_8/src"

TRACE::2026-08-04.22:02:16::SCWBDomain::make -C ps7_cortexa9_0/libsrc/devcfg_v3_8/src -s include  "SHELL=CMD" "COMPILER=arm-none-eabi-gcc" "ASSEMBLER=arm-none-eabi-as"
TRACE::2026-08-04.22:02:16::SCWBDomain:: "ARCHIVER=arm-none-eabi-ar" "COMPILER_FLAGS=  -O2 -c" "EXTRA_COMPILER_FLAGS=-mcpu=cortex-a9 -mfpu=vfpv3 -mfloat-abi=hard -nost
TRACE::2026-08-04.22:02:16::SCWBDomain::artfiles -g -Wall -Wextra -fno-tree-loop-distribute-patterns"

TRACE::2026-08-04.22:02:16::SCWBDomain::"Running Make include in ps7_cortexa9_0/libsrc/dmaps_v2_11/src"

TRACE::2026-08-04.22:02:16::SCWBDomain::make -C ps7_cortexa9_0/libsrc/dmaps_v2_11/src -s include  "SHELL=CMD" "COMPILER=arm-none-eabi-gcc" "ASSEMBLER=arm-none-eabi-as"
TRACE::2026-08-04.22:02:16::SCWBDomain:: "ARCHIVER=arm-none-eabi-ar" "COMPILER_FLAGS=  -O2 -c" "EXTRA_COMPILER_FLAGS=-mcpu=cortex-a9 -mfpu=vfpv3 -mfloat-abi=hard -nost
TRACE::2026-08-04.22:02:16::SCWBDomain::artfiles -g -Wall -Wextra -fno-tree-loop-distribute-patterns"

TRACE::2026-08-04.22:02:16::SCWBDomain::"Running Make include in ps7_cortexa9_0/libsrc/emacps_v3_21/src"

TRACE::2026-08-04.22:02:16::SCWBDomain::make -C ps7_cortexa9_0/libsrc/emacps_v3_21/src -s include  "SHELL=CMD" "COMPILER=arm-none-eabi-gcc" "ASSEMBLER=arm-none-eabi-as
TRACE::2026-08-04.22:02:16::SCWBDomain::" "ARCHIVER=arm-none-eabi-ar" "COMPILER_FLAGS=  -O2 -c" "EXTRA_COMPILER_FLAGS=-mcpu=cortex-a9 -mfpu=vfpv3 -mfloat-abi=hard -nos
TRACE::2026-08-04.22:02:16::SCWBDomain::tartfiles -g -Wall -Wextra -fno-tree-loop-distribute-patterns"

TRACE::2026-08-04.22:02:16::SCWBDomain::"Running Make include in ps7_cortexa9_0/libsrc/gpiops_v3_13/src"

TRACE::2026-08-04.22:02:16::SCWBDomain::make -C ps7_cortexa9_0/libsrc/gpiops_v3_13/src -s include  "SHELL=CMD" "COMPILER=arm-none-eabi-gcc" "ASSEMBLER=arm-none-eabi-as
TRACE::2026-08-04.22:02:16::SCWBDomain::" "ARCHIVER=arm-none-eabi-ar" "COMPILER_FLAGS=  -O2 -c" "EXTRA_COMPILER_FLAGS=-mcpu=cortex-a9 -mfpu=vfpv3 -mfloat-abi=hard -nos
TRACE::2026-08-04.22:02:16::SCWBDomain::tartfiles -g -Wall -Wextra -fno-tree-loop-distribute-patterns"

TRACE::2026-08-04.22:02:16::SCWBDomain::"Running Make include in ps7_cortexa9_0/libsrc/qspips_v3_13/src"

TRACE::2026-08-04.22:02:16::SCWBDomain::make -C ps7_cortexa9_0/libsrc/qspips_v3_13/src -s include  "SHELL=CMD" "COMPILER=arm-none-eabi-gcc" "ASSEMBLER=arm-none-eabi-as
TRACE::2026-08-04.22:02:16::SCWBDomain::" "ARCHIVER=arm-none-eabi-ar" "COMPILER_FLAGS=  -O2 -c" "EXTRA_COMPILER_FLAGS=-mcpu=cortex-a9 -mfpu=vfpv3 -mfloat-abi=hard -nos
TRACE::2026-08-04.22:02:16::SCWBDomain::tartfiles -g -Wall -Wextra -fno-tree-loop-distribute-patterns"

TRACE::2026-08-04.22:02:16::SCWBDomain::"Running Make include in ps7_cortexa9_0/libsrc/scugic_v5_4/src"

TRACE::2026-08-04.22:02:16::SCWBDomain::make -C ps7_cortexa9_0/libsrc/scugic_v5_4/src -s include  "SHELL=CMD" "COMPILER=arm-none-eabi-gcc" "ASSEMBLER=arm-none-eabi-as"
TRACE::2026-08-04.22:02:16::SCWBDomain:: "ARCHIVER=arm-none-eabi-ar" "COMPILER_FLAGS=  -O2 -c" "EXTRA_COMPILER_FLAGS=-mcpu=cortex-a9 -mfpu=vfpv3 -mfloat-abi=hard -nost
TRACE::2026-08-04.22:02:16::SCWBDomain::artfiles -g -Wall -Wextra -fno-tree-loop-distribute-patterns"

TRACE::2026-08-04.22:02:16::SCWBDomain::"Running Make include in ps7_cortexa9_0/libsrc/scutimer_v2_6/src"

TRACE::2026-08-04.22:02:16::SCWBDomain::make -C ps7_cortexa9_0/libsrc/scutimer_v2_6/src -s include  "SHELL=CMD" "COMPILER=arm-none-eabi-gcc" "ASSEMBLER=arm-none-eabi-a
TRACE::2026-08-04.22:02:16::SCWBDomain::s" "ARCHIVER=arm-none-eabi-ar" "COMPILER_FLAGS=  -O2 -c" "EXTRA_COMPILER_FLAGS=-mcpu=cortex-a9 -mfpu=vfpv3 -mfloat-abi=hard -no
TRACE::2026-08-04.22:02:16::SCWBDomain::startfiles -g -Wall -Wextra -fno-tree-loop-distribute-patterns"

TRACE::2026-08-04.22:02:16::SCWBDomain::"Running Make include in ps7_cortexa9_0/libsrc/scuwdt_v2_6/src"

TRACE::2026-08-04.22:02:16::SCWBDomain::make -C ps7_cortexa9_0/libsrc/scuwdt_v2_6/src -s include  "SHELL=CMD" "COMPILER=arm-none-eabi-gcc" "ASSEMBLER=arm-none-eabi-as"
TRACE::2026-08-04.22:02:16::SCWBDomain:: "ARCHIVER=arm-none-eabi-ar" "COMPILER_FLAGS=  -O2 -c" "EXTRA_COMPILER_FLAGS=-mcpu=cortex-a9 -mfpu=vfpv3 -mfloat-abi=hard -nost
TRACE::2026-08-04.22:02:16::SCWBDomain::artfiles -g -Wall -Wextra -fno-tree-loop-distribute-patterns"

TRACE::2026-08-04.22:02:16::SCWBDomain::"Running Make include in ps7_cortexa9_0/libsrc/sdps_v4_4/src"

TRACE::2026-08-04.22:02:16::SCWBDomain::make -C ps7_cortexa9_0/libsrc/sdps_v4_4/src -s include  "SHELL=CMD" "COMPILER=arm-none-eabi-gcc" "ASSEMBLER=arm-none-eabi-as" "
TRACE::2026-08-04.22:02:16::SCWBDomain::ARCHIVER=arm-none-eabi-ar" "COMPILER_FLAGS=  -O2 -c" "EXTRA_COMPILER_FLAGS=-mcpu=cortex-a9 -mfpu=vfpv3 -mfloat-abi=hard -nostar
TRACE::2026-08-04.22:02:16::SCWBDomain::tfiles -g -Wall -Wextra -fno-tree-loop-distribute-patterns"

TRACE::2026-08-04.22:02:16::SCWBDomain::"Running Make include in ps7_cortexa9_0/libsrc/standalone_v9_2/src"

TRACE::2026-08-04.22:02:16::SCWBDomain::make -C ps7_cortexa9_0/libsrc/standalone_v9_2/src -s include  "SHELL=CMD" "COMPILER=arm-none-eabi-gcc" "ASSEMBLER=arm-none-eabi
TRACE::2026-08-04.22:02:16::SCWBDomain::-as" "ARCHIVER=arm-none-eabi-ar" "COMPILER_FLAGS=  -O2 -c" "EXTRA_COMPILER_FLAGS=-mcpu=cortex-a9 -mfpu=vfpv3 -mfloat-abi=hard -
TRACE::2026-08-04.22:02:16::SCWBDomain::nostartfiles -g -Wall -Wextra -fno-tree-loop-distribute-patterns"

TRACE::2026-08-04.22:02:16::SCWBDomain::"Running Make include in ps7_cortexa9_0/libsrc/uartps_v3_15/src"

TRACE::2026-08-04.22:02:16::SCWBDomain::make -C ps7_cortexa9_0/libsrc/uartps_v3_15/src -s include  "SHELL=CMD" "COMPILER=arm-none-eabi-gcc" "ASSEMBLER=arm-none-eabi-as
TRACE::2026-08-04.22:02:16::SCWBDomain::" "ARCHIVER=arm-none-eabi-ar" "COMPILER_FLAGS=  -O2 -c" "EXTRA_COMPILER_FLAGS=-mcpu=cortex-a9 -mfpu=vfpv3 -mfloat-abi=hard -nos
TRACE::2026-08-04.22:02:16::SCWBDomain::tartfiles -g -Wall -Wextra -fno-tree-loop-distribute-patterns"

TRACE::2026-08-04.22:02:16::SCWBDomain::"Running Make include in ps7_cortexa9_0/libsrc/usbps_v2_9/src"

TRACE::2026-08-04.22:02:16::SCWBDomain::make -C ps7_cortexa9_0/libsrc/usbps_v2_9/src -s include  "SHELL=CMD" "COMPILER=arm-none-eabi-gcc" "ASSEMBLER=arm-none-eabi-as" 
TRACE::2026-08-04.22:02:16::SCWBDomain::"ARCHIVER=arm-none-eabi-ar" "COMPILER_FLAGS=  -O2 -c" "EXTRA_COMPILER_FLAGS=-mcpu=cortex-a9 -mfpu=vfpv3 -mfloat-abi=hard -nosta
TRACE::2026-08-04.22:02:16::SCWBDomain::rtfiles -g -Wall -Wextra -fno-tree-loop-distribute-patterns"

TRACE::2026-08-04.22:02:16::SCWBDomain::"Running Make include in ps7_cortexa9_0/libsrc/xadcps_v2_7/src"

TRACE::2026-08-04.22:02:16::SCWBDomain::make -C ps7_cortexa9_0/libsrc/xadcps_v2_7/src -s include  "SHELL=CMD" "COMPILER=arm-none-eabi-gcc" "ASSEMBLER=arm-none-eabi-as"
TRACE::2026-08-04.22:02:16::SCWBDomain:: "ARCHIVER=arm-none-eabi-ar" "COMPILER_FLAGS=  -O2 -c" "EXTRA_COMPILER_FLAGS=-mcpu=cortex-a9 -mfpu=vfpv3 -mfloat-abi=hard -nost
TRACE::2026-08-04.22:02:16::SCWBDomain::artfiles -g -Wall -Wextra -fno-tree-loop-distribute-patterns"

TRACE::2026-08-04.22:02:16::SCWBDomain::"Running Make include in ps7_cortexa9_0/libsrc/xilffs_v5_3/src"

TRACE::2026-08-04.22:02:16::SCWBDomain::make -C ps7_cortexa9_0/libsrc/xilffs_v5_3/src -s include  "SHELL=CMD" "COMPILER=arm-none-eabi-gcc" "ASSEMBLER=arm-none-eabi-as"
TRACE::2026-08-04.22:02:16::SCWBDomain:: "ARCHIVER=arm-none-eabi-ar" "COMPILER_FLAGS=  -O2 -c" "EXTRA_COMPILER_FLAGS=-mcpu=cortex-a9 -mfpu=vfpv3 -mfloat-abi=hard -nost
TRACE::2026-08-04.22:02:16::SCWBDomain::artfiles -g -Wall -Wextra -fno-tree-loop-distribute-patterns"

TRACE::2026-08-04.22:02:16::SCWBDomain::"Running Make include in ps7_cortexa9_0/libsrc/xilrsa_v1_8/src"

TRACE::2026-08-04.22:02:16::SCWBDomain::make -C ps7_cortexa9_0/libsrc/xilrsa_v1_8/src -s include  "SHELL=CMD" "COMPILER=arm-none-eabi-gcc" "ASSEMBLER=arm-none-eabi-as"
TRACE::2026-08-04.22:02:16::SCWBDomain:: "ARCHIVER=arm-none-eabi-ar" "COMPILER_FLAGS=  -O2 -c" "EXTRA_COMPILER_FLAGS=-mcpu=cortex-a9 -mfpu=vfpv3 -mfloat-abi=hard -nost
TRACE::2026-08-04.22:02:16::SCWBDomain::artfiles -g -Wall -Wextra -fno-tree-loop-distribute-patterns"

TRACE::2026-08-04.22:02:16::SCWBDomain::"Running Make libs in ps7_cortexa9_0/libsrc/coresightps_dcc_v1_11/src"

TRACE::2026-08-04.22:02:16::SCWBDomain::make -C ps7_cortexa9_0/libsrc/coresightps_dcc_v1_11/src -s libs  "SHELL=CMD" "COMPILER=arm-none-eabi-gcc" "ASSEMBLER=arm-none-e
TRACE::2026-08-04.22:02:16::SCWBDomain::abi-as" "ARCHIVER=arm-none-eabi-ar" "COMPILER_FLAGS=  -O2 -c" "EXTRA_COMPILER_FLAGS=-mcpu=cortex-a9 -mfpu=vfpv3 -mfloat-abi=har
TRACE::2026-08-04.22:02:16::SCWBDomain::d -nostartfiles -g -Wall -Wextra -fno-tree-loop-distribute-patterns"

TRACE::2026-08-04.22:02:16::SCWBDomain::"Running Make libs in ps7_cortexa9_0/libsrc/cpu_cortexa9_v2_12/src"

TRACE::2026-08-04.22:02:16::SCWBDomain::make -C ps7_cortexa9_0/libsrc/cpu_cortexa9_v2_12/src -s libs  "SHELL=CMD" "COMPILER=arm-none-eabi-gcc" "ASSEMBLER=arm-none-eabi
TRACE::2026-08-04.22:02:16::SCWBDomain::-as" "ARCHIVER=arm-none-eabi-ar" "COMPILER_FLAGS=  -O2 -c" "EXTRA_COMPILER_FLAGS=-mcpu=cortex-a9 -mfpu=vfpv3 -mfloat-abi=hard -
TRACE::2026-08-04.22:02:16::SCWBDomain::nostartfiles -g -Wall -Wextra -fno-tree-loop-distribute-patterns"

TRACE::2026-08-04.22:02:16::SCWBDomain::"Running Make libs in ps7_cortexa9_0/libsrc/ddrps_v1_2/src"

TRACE::2026-08-04.22:02:16::SCWBDomain::make -C ps7_cortexa9_0/libsrc/ddrps_v1_2/src -s libs  "SHELL=CMD" "COMPILER=arm-none-eabi-gcc" "ASSEMBLER=arm-none-eabi-as" "AR
TRACE::2026-08-04.22:02:16::SCWBDomain::CHIVER=arm-none-eabi-ar" "COMPILER_FLAGS=  -O2 -c" "EXTRA_COMPILER_FLAGS=-mcpu=cortex-a9 -mfpu=vfpv3 -mfloat-abi=hard -nostartf
TRACE::2026-08-04.22:02:16::SCWBDomain::iles -g -Wall -Wextra -fno-tree-loop-distribute-patterns"

TRACE::2026-08-04.22:02:16::SCWBDomain::"Running Make libs in ps7_cortexa9_0/libsrc/devcfg_v3_8/src"

TRACE::2026-08-04.22:02:16::SCWBDomain::make -C ps7_cortexa9_0/libsrc/devcfg_v3_8/src -s libs  "SHELL=CMD" "COMPILER=arm-none-eabi-gcc" "ASSEMBLER=arm-none-eabi-as" "A
TRACE::2026-08-04.22:02:16::SCWBDomain::RCHIVER=arm-none-eabi-ar" "COMPILER_FLAGS=  -O2 -c" "EXTRA_COMPILER_FLAGS=-mcpu=cortex-a9 -mfpu=vfpv3 -mfloat-abi=hard -nostart
TRACE::2026-08-04.22:02:16::SCWBDomain::files -g -Wall -Wextra -fno-tree-loop-distribute-patterns"

TRACE::2026-08-04.22:02:16::SCWBDomain::"Running Make libs in ps7_cortexa9_0/libsrc/dmaps_v2_11/src"

TRACE::2026-08-04.22:02:17::SCWBDomain::make -C ps7_cortexa9_0/libsrc/dmaps_v2_11/src -s libs  "SHELL=CMD" "COMPILER=arm-none-eabi-gcc" "ASSEMBLER=arm-none-eabi-as" "A
TRACE::2026-08-04.22:02:17::SCWBDomain::RCHIVER=arm-none-eabi-ar" "COMPILER_FLAGS=  -O2 -c" "EXTRA_COMPILER_FLAGS=-mcpu=cortex-a9 -mfpu=vfpv3 -mfloat-abi=hard -nostart
TRACE::2026-08-04.22:02:17::SCWBDomain::files -g -Wall -Wextra -fno-tree-loop-distribute-patterns"

TRACE::2026-08-04.22:02:17::SCWBDomain::"Running Make libs in ps7_cortexa9_0/libsrc/emacps_v3_21/src"

TRACE::2026-08-04.22:02:17::SCWBDomain::make -C ps7_cortexa9_0/libsrc/emacps_v3_21/src -s libs  "SHELL=CMD" "COMPILER=arm-none-eabi-gcc" "ASSEMBLER=arm-none-eabi-as" "
TRACE::2026-08-04.22:02:17::SCWBDomain::ARCHIVER=arm-none-eabi-ar" "COMPILER_FLAGS=  -O2 -c" "EXTRA_COMPILER_FLAGS=-mcpu=cortex-a9 -mfpu=vfpv3 -mfloat-abi=hard -nostar
TRACE::2026-08-04.22:02:17::SCWBDomain::tfiles -g -Wall -Wextra -fno-tree-loop-distribute-patterns"

TRACE::2026-08-04.22:02:17::SCWBDomain::"Running Make libs in ps7_cortexa9_0/libsrc/gpiops_v3_13/src"

TRACE::2026-08-04.22:02:17::SCWBDomain::make -C ps7_cortexa9_0/libsrc/gpiops_v3_13/src -s libs  "SHELL=CMD" "COMPILER=arm-none-eabi-gcc" "ASSEMBLER=arm-none-eabi-as" "
TRACE::2026-08-04.22:02:17::SCWBDomain::ARCHIVER=arm-none-eabi-ar" "COMPILER_FLAGS=  -O2 -c" "EXTRA_COMPILER_FLAGS=-mcpu=cortex-a9 -mfpu=vfpv3 -mfloat-abi=hard -nostar
TRACE::2026-08-04.22:02:17::SCWBDomain::tfiles -g -Wall -Wextra -fno-tree-loop-distribute-patterns"

TRACE::2026-08-04.22:02:17::SCWBDomain::"Running Make libs in ps7_cortexa9_0/libsrc/qspips_v3_13/src"

TRACE::2026-08-04.22:02:17::SCWBDomain::make -C ps7_cortexa9_0/libsrc/qspips_v3_13/src -s libs  "SHELL=CMD" "COMPILER=arm-none-eabi-gcc" "ASSEMBLER=arm-none-eabi-as" "
TRACE::2026-08-04.22:02:17::SCWBDomain::ARCHIVER=arm-none-eabi-ar" "COMPILER_FLAGS=  -O2 -c" "EXTRA_COMPILER_FLAGS=-mcpu=cortex-a9 -mfpu=vfpv3 -mfloat-abi=hard -nostar
TRACE::2026-08-04.22:02:17::SCWBDomain::tfiles -g -Wall -Wextra -fno-tree-loop-distribute-patterns"

TRACE::2026-08-04.22:02:17::SCWBDomain::"Running Make libs in ps7_cortexa9_0/libsrc/scugic_v5_4/src"

TRACE::2026-08-04.22:02:17::SCWBDomain::make -C ps7_cortexa9_0/libsrc/scugic_v5_4/src -s libs  "SHELL=CMD" "COMPILER=arm-none-eabi-gcc" "ASSEMBLER=arm-none-eabi-as" "A
TRACE::2026-08-04.22:02:17::SCWBDomain::RCHIVER=arm-none-eabi-ar" "COMPILER_FLAGS=  -O2 -c" "EXTRA_COMPILER_FLAGS=-mcpu=cortex-a9 -mfpu=vfpv3 -mfloat-abi=hard -nostart
TRACE::2026-08-04.22:02:17::SCWBDomain::files -g -Wall -Wextra -fno-tree-loop-distribute-patterns"

TRACE::2026-08-04.22:02:17::SCWBDomain::"Running Make libs in ps7_cortexa9_0/libsrc/scutimer_v2_6/src"

TRACE::2026-08-04.22:02:17::SCWBDomain::make -C ps7_cortexa9_0/libsrc/scutimer_v2_6/src -s libs  "SHELL=CMD" "COMPILER=arm-none-eabi-gcc" "ASSEMBLER=arm-none-eabi-as" 
TRACE::2026-08-04.22:02:17::SCWBDomain::"ARCHIVER=arm-none-eabi-ar" "COMPILER_FLAGS=  -O2 -c" "EXTRA_COMPILER_FLAGS=-mcpu=cortex-a9 -mfpu=vfpv3 -mfloat-abi=hard -nosta
TRACE::2026-08-04.22:02:17::SCWBDomain::rtfiles -g -Wall -Wextra -fno-tree-loop-distribute-patterns"

TRACE::2026-08-04.22:02:17::SCWBDomain::"Running Make libs in ps7_cortexa9_0/libsrc/scuwdt_v2_6/src"

TRACE::2026-08-04.22:02:17::SCWBDomain::make -C ps7_cortexa9_0/libsrc/scuwdt_v2_6/src -s libs  "SHELL=CMD" "COMPILER=arm-none-eabi-gcc" "ASSEMBLER=arm-none-eabi-as" "A
TRACE::2026-08-04.22:02:17::SCWBDomain::RCHIVER=arm-none-eabi-ar" "COMPILER_FLAGS=  -O2 -c" "EXTRA_COMPILER_FLAGS=-mcpu=cortex-a9 -mfpu=vfpv3 -mfloat-abi=hard -nostart
TRACE::2026-08-04.22:02:17::SCWBDomain::files -g -Wall -Wextra -fno-tree-loop-distribute-patterns"

TRACE::2026-08-04.22:02:17::SCWBDomain::"Running Make libs in ps7_cortexa9_0/libsrc/sdps_v4_4/src"

TRACE::2026-08-04.22:02:17::SCWBDomain::make -C ps7_cortexa9_0/libsrc/sdps_v4_4/src -s libs  "SHELL=CMD" "COMPILER=arm-none-eabi-gcc" "ASSEMBLER=arm-none-eabi-as" "ARC
TRACE::2026-08-04.22:02:17::SCWBDomain::HIVER=arm-none-eabi-ar" "COMPILER_FLAGS=  -O2 -c" "EXTRA_COMPILER_FLAGS=-mcpu=cortex-a9 -mfpu=vfpv3 -mfloat-abi=hard -nostartfi
TRACE::2026-08-04.22:02:17::SCWBDomain::les -g -Wall -Wextra -fno-tree-loop-distribute-patterns"

TRACE::2026-08-04.22:02:17::SCWBDomain::"Running Make libs in ps7_cortexa9_0/libsrc/standalone_v9_2/src"

TRACE::2026-08-04.22:02:17::SCWBDomain::make -C ps7_cortexa9_0/libsrc/standalone_v9_2/src -s libs  "SHELL=CMD" "COMPILER=arm-none-eabi-gcc" "ASSEMBLER=arm-none-eabi-as
TRACE::2026-08-04.22:02:17::SCWBDomain::" "ARCHIVER=arm-none-eabi-ar" "COMPILER_FLAGS=  -O2 -c" "EXTRA_COMPILER_FLAGS=-mcpu=cortex-a9 -mfpu=vfpv3 -mfloat-abi=hard -nos
TRACE::2026-08-04.22:02:17::SCWBDomain::tartfiles -g -Wall -Wextra -fno-tree-loop-distribute-patterns"

TRACE::2026-08-04.22:02:17::SCWBDomain::"Running Make libs in ps7_cortexa9_0/libsrc/uartps_v3_15/src"

TRACE::2026-08-04.22:02:17::SCWBDomain::make -C ps7_cortexa9_0/libsrc/uartps_v3_15/src -s libs  "SHELL=CMD" "COMPILER=arm-none-eabi-gcc" "ASSEMBLER=arm-none-eabi-as" "
TRACE::2026-08-04.22:02:17::SCWBDomain::ARCHIVER=arm-none-eabi-ar" "COMPILER_FLAGS=  -O2 -c" "EXTRA_COMPILER_FLAGS=-mcpu=cortex-a9 -mfpu=vfpv3 -mfloat-abi=hard -nostar
TRACE::2026-08-04.22:02:17::SCWBDomain::tfiles -g -Wall -Wextra -fno-tree-loop-distribute-patterns"

TRACE::2026-08-04.22:02:17::SCWBDomain::"Running Make libs in ps7_cortexa9_0/libsrc/usbps_v2_9/src"

TRACE::2026-08-04.22:02:17::SCWBDomain::make -C ps7_cortexa9_0/libsrc/usbps_v2_9/src -s libs  "SHELL=CMD" "COMPILER=arm-none-eabi-gcc" "ASSEMBLER=arm-none-eabi-as" "AR
TRACE::2026-08-04.22:02:17::SCWBDomain::CHIVER=arm-none-eabi-ar" "COMPILER_FLAGS=  -O2 -c" "EXTRA_COMPILER_FLAGS=-mcpu=cortex-a9 -mfpu=vfpv3 -mfloat-abi=hard -nostartf
TRACE::2026-08-04.22:02:17::SCWBDomain::iles -g -Wall -Wextra -fno-tree-loop-distribute-patterns"

TRACE::2026-08-04.22:02:17::SCWBDomain::"Running Make libs in ps7_cortexa9_0/libsrc/xadcps_v2_7/src"

TRACE::2026-08-04.22:02:17::SCWBDomain::make -C ps7_cortexa9_0/libsrc/xadcps_v2_7/src -s libs  "SHELL=CMD" "COMPILER=arm-none-eabi-gcc" "ASSEMBLER=arm-none-eabi-as" "A
TRACE::2026-08-04.22:02:17::SCWBDomain::RCHIVER=arm-none-eabi-ar" "COMPILER_FLAGS=  -O2 -c" "EXTRA_COMPILER_FLAGS=-mcpu=cortex-a9 -mfpu=vfpv3 -mfloat-abi=hard -nostart
TRACE::2026-08-04.22:02:17::SCWBDomain::files -g -Wall -Wextra -fno-tree-loop-distribute-patterns"

TRACE::2026-08-04.22:02:18::SCWBDomain::"Running Make libs in ps7_cortexa9_0/libsrc/xilffs_v5_3/src"

TRACE::2026-08-04.22:02:18::SCWBDomain::make -C ps7_cortexa9_0/libsrc/xilffs_v5_3/src -s libs  "SHELL=CMD" "COMPILER=arm-none-eabi-gcc" "ASSEMBLER=arm-none-eabi-as" "A
TRACE::2026-08-04.22:02:18::SCWBDomain::RCHIVER=arm-none-eabi-ar" "COMPILER_FLAGS=  -O2 -c" "EXTRA_COMPILER_FLAGS=-mcpu=cortex-a9 -mfpu=vfpv3 -mfloat-abi=hard -nostart
TRACE::2026-08-04.22:02:18::SCWBDomain::files -g -Wall -Wextra -fno-tree-loop-distribute-patterns"

TRACE::2026-08-04.22:02:19::SCWBDomain::'Finished building libraries parallelly.'

TRACE::2026-08-04.22:02:19::SCWBDomain::make --no-print-directory archive

TRACE::2026-08-04.22:02:19::SCWBDomain::arm-none-eabi-ar -r  ps7_cortexa9_0/lib/libxil.a ps7_cortexa9_0/lib/_exit.o ps7_cortexa9_0/lib/_open.o ps7_cortexa9_0/lib/_sbrk
TRACE::2026-08-04.22:02:19::SCWBDomain::.o ps7_cortexa9_0/lib/abort.o ps7_cortexa9_0/lib/asm_vectors.o ps7_cortexa9_0/lib/boot.o ps7_cortexa9_0/lib/close.o ps7_cortexa
TRACE::2026-08-04.22:02:19::SCWBDomain::9_0/lib/cpputest_time.o ps7_cortexa9_0/lib/cpu_init.o ps7_cortexa9_0/lib/errno.o ps7_cortexa9_0/lib/fcntl.o ps7_cortexa9_0/lib/
TRACE::2026-08-04.22:02:19::SCWBDomain::fstat.o ps7_cortexa9_0/lib/getentropy.o ps7_cortexa9_0/lib/getpid.o ps7_cortexa9_0/lib/gettimeofday.o ps7_cortexa9_0/lib/inbyte
TRACE::2026-08-04.22:02:19::SCWBDomain::.o ps7_cortexa9_0/lib/isatty.o ps7_cortexa9_0/lib/kill.o ps7_cortexa9_0/lib/lseek.o ps7_cortexa9_0/lib/open.o ps7_cortexa9_0/li
TRACE::2026-08-04.22:02:19::SCWBDomain::b/outbyte.o ps7_cortexa9_0/lib/print.o ps7_cortexa9_0/lib/putnum.o ps7_cortexa9_0/lib/read.o ps7_cortexa9_0/lib/sbrk.o ps7_cort
TRACE::2026-08-04.22:02:19::SCWBDomain::exa9_0/lib/sleep.o ps7_cortexa9_0/lib/time.o ps7_cortexa9_0/lib/translation_table.o ps7_cortexa9_0/lib/unlink.o ps7_cortexa9_0/
TRACE::2026-08-04.22:02:19::SCWBDomain::lib/usleep.o ps7_cortexa9_0/lib/vectors.o ps7_cortexa9_0/lib/write.o ps7_cortexa9_0/lib/xadcps.o ps7_cortexa9_0/lib/xadcps_g.o 
TRACE::2026-08-04.22:02:19::SCWBDomain::ps7_cortexa9_0/lib/xadcps_intr.o ps7_cortexa9_0/lib/xadcps_selftest.o ps7_cortexa9_0/lib/xadcps_sinit.o ps7_cortexa9_0/lib/xcor
TRACE::2026-08-04.22:02:19::SCWBDomain::esightpsdcc.o ps7_cortexa9_0/lib/xdevcfg.o ps7_cortexa9_0/lib/xdevcfg_g.o ps7_cortexa9_0/lib/xdevcfg_hw.o ps7_cortexa9_0/lib/xd
TRACE::2026-08-04.22:02:19::SCWBDomain::evcfg_intr.o ps7_cortexa9_0/lib/xdevcfg_selftest.o ps7_cortexa9_0/lib/xdevcfg_sinit.o ps7_cortexa9_0/lib/xdmaps.o ps7_cortexa9_
TRACE::2026-08-04.22:02:19::SCWBDomain::0/lib/xdmaps_g.o ps7_cortexa9_0/lib/xdmaps_hw.o ps7_cortexa9_0/lib/xdmaps_selftest.o ps7_cortexa9_0/lib/xdmaps_sinit.o ps7_cort
TRACE::2026-08-04.22:02:19::SCWBDomain::exa9_0/lib/xemacps.o ps7_cortexa9_0/lib/xemacps_bdring.o ps7_cortexa9_0/lib/xemacps_control.o ps7_cortexa9_0/lib/xemacps_g.o ps
TRACE::2026-08-04.22:02:19::SCWBDomain::7_cortexa9_0/lib/xemacps_hw.o ps7_cortexa9_0/lib/xemacps_intr.o ps7_cortexa9_0/lib/xemacps_sinit.o ps7_cortexa9_0/lib/xgpiops.o
TRACE::2026-08-04.22:02:19::SCWBDomain:: ps7_cortexa9_0/lib/xgpiops_g.o ps7_cortexa9_0/lib/xgpiops_hw.o ps7_cortexa9_0/lib/xgpiops_intr.o ps7_cortexa9_0/lib/xgpiops_se
TRACE::2026-08-04.22:02:19::SCWBDomain::lftest.o ps7_cortexa9_0/lib/xgpiops_sinit.o ps7_cortexa9_0/lib/xil-crt0.o ps7_cortexa9_0/lib/xil_assert.o ps7_cortexa9_0/lib/xi
TRACE::2026-08-04.22:02:19::SCWBDomain::l_cache.o ps7_cortexa9_0/lib/xil_clocking.o ps7_cortexa9_0/lib/xil_exception.o ps7_cortexa9_0/lib/xil_mem.o ps7_cortexa9_0/lib/
TRACE::2026-08-04.22:02:19::SCWBDomain::xil_misc_psreset_api.o ps7_cortexa9_0/lib/xil_mmu.o ps7_cortexa9_0/lib/xil_printf.o ps7_cortexa9_0/lib/xil_sleepcommon.o ps7_co
TRACE::2026-08-04.22:02:19::SCWBDomain::rtexa9_0/lib/xil_sleeptimer.o ps7_cortexa9_0/lib/xil_spinlock.o ps7_cortexa9_0/lib/xil_sutil.o ps7_cortexa9_0/lib/xil_testcache
TRACE::2026-08-04.22:02:19::SCWBDomain::.o ps7_cortexa9_0/lib/xil_testio.o ps7_cortexa9_0/lib/xil_testmem.o ps7_cortexa9_0/lib/xil_util.o ps7_cortexa9_0/lib/xinterrupt
TRACE::2026-08-04.22:02:19::SCWBDomain::_wrap.o ps7_cortexa9_0/lib/xl2cc_counter.o ps7_cortexa9_0/lib/xplatform_info.o ps7_cortexa9_0/lib/xpm_counter.o ps7_cortexa9_0/
TRACE::2026-08-04.22:02:19::SCWBDomain::lib/xpm_init.o ps7_cortexa9_0/lib/xqspips.o ps7_cortexa9_0/lib/xqspips_g.o ps7_cortexa9_0/lib/xqspips_hw.o ps7_cortexa9_0/lib/x
TRACE::2026-08-04.22:02:19::SCWBDomain::qspips_options.o ps7_cortexa9_0/lib/xqspips_selftest.o ps7_cortexa9_0/lib/xqspips_sinit.o ps7_cortexa9_0/lib/xscugic.o ps7_cort
TRACE::2026-08-04.22:02:19::SCWBDomain::exa9_0/lib/xscugic_g.o ps7_cortexa9_0/lib/xscugic_hw.o ps7_cortexa9_0/lib/xscugic_intr.o ps7_cortexa9_0/lib/xscugic_selftest.o 
TRACE::2026-08-04.22:02:19::SCWBDomain::ps7_cortexa9_0/lib/xscugic_sinit.o ps7_cortexa9_0/lib/xscutimer.o ps7_cortexa9_0/lib/xscutimer_g.o ps7_cortexa9_0/lib/xscutimer
TRACE::2026-08-04.22:02:19::SCWBDomain::_selftest.o ps7_cortexa9_0/lib/xscutimer_sinit.o ps7_cortexa9_0/lib/xscuwdt.o ps7_cortexa9_0/lib/xscuwdt_g.o ps7_cortexa9_0/lib
TRACE::2026-08-04.22:02:19::SCWBDomain::/xscuwdt_selftest.o ps7_cortexa9_0/lib/xscuwdt_sinit.o ps7_cortexa9_0/lib/xsdps.o ps7_cortexa9_0/lib/xsdps_card.o ps7_cortexa9_
TRACE::2026-08-04.22:02:19::SCWBDomain::0/lib/xsdps_g.o ps7_cortexa9_0/lib/xsdps_host.o ps7_cortexa9_0/lib/xsdps_options.o ps7_cortexa9_0/lib/xsdps_sinit.o ps7_cortexa
TRACE::2026-08-04.22:02:19::SCWBDomain::9_0/lib/xtime_l.o ps7_cortexa9_0/lib/xuartps.o ps7_cortexa9_0/lib/xuartps_g.o ps7_cortexa9_0/lib/xuartps_hw.o ps7_cortexa9_0/li
TRACE::2026-08-04.22:02:19::SCWBDomain::b/xuartps_intr.o ps7_cortexa9_0/lib/xuartps_options.o ps7_cortexa9_0/lib/xuartps_selftest.o ps7_cortexa9_0/lib/xuartps_sinit.o 
TRACE::2026-08-04.22:02:19::SCWBDomain::ps7_cortexa9_0/lib/xusbps.o ps7_cortexa9_0/lib/xusbps_endpoint.o ps7_cortexa9_0/lib/xusbps_g.o ps7_cortexa9_0/lib/xusbps_hw.o p
TRACE::2026-08-04.22:02:19::SCWBDomain::s7_cortexa9_0/lib/xusbps_intr.o ps7_cortexa9_0/lib/xusbps_sinit.o

TRACE::2026-08-04.22:02:19::SCWBDomain::'Finished building libraries'

TRACE::2026-08-04.22:02:19::SCWBDomain::make: Leaving directory 'D:/Work/projects/zybo_z7_projects/DD_RF/vitis/RFsender_platform/zynq_fsbl/zynq_fsbl_bsp'

TRACE::2026-08-04.22:02:19::SCWBDomain::arm-none-eabi-gcc  -O2 -c -MMD -MP       -mcpu=cortex-a9 -mfpu=vfpv3 -mfloat-abi=hard  -c sd.c -o sd.o -Izynq_fsbl_bsp/ps7_cort
TRACE::2026-08-04.22:02:19::SCWBDomain::exa9_0/include -I.

TRACE::2026-08-04.22:02:19::SCWBDomain::arm-none-eabi-gcc  -O2 -c -MMD -MP       -mcpu=cortex-a9 -mfpu=vfpv3 -mfloat-abi=hard  -c nand.c -o nand.o -Izynq_fsbl_bsp/ps7_
TRACE::2026-08-04.22:02:19::SCWBDomain::cortexa9_0/include -I.

TRACE::2026-08-04.22:02:20::SCWBDomain::arm-none-eabi-gcc  -O2 -c -MMD -MP       -mcpu=cortex-a9 -mfpu=vfpv3 -mfloat-abi=hard  -c image_mover.c -o image_mover.o -Izynq
TRACE::2026-08-04.22:02:20::SCWBDomain::_fsbl_bsp/ps7_cortexa9_0/include -I.

TRACE::2026-08-04.22:02:20::SCWBDomain::arm-none-eabi-gcc  -O2 -c -MMD -MP       -mcpu=cortex-a9 -mfpu=vfpv3 -mfloat-abi=hard  -c md5.c -o md5.o -Izynq_fsbl_bsp/ps7_co
TRACE::2026-08-04.22:02:20::SCWBDomain::rtexa9_0/include -I.

TRACE::2026-08-04.22:02:20::SCWBDomain::arm-none-eabi-gcc  -O2 -c -MMD -MP       -mcpu=cortex-a9 -mfpu=vfpv3 -mfloat-abi=hard  -c fsbl_hooks.c -o fsbl_hooks.o -Izynq_f
TRACE::2026-08-04.22:02:20::SCWBDomain::sbl_bsp/ps7_cortexa9_0/include -I.

TRACE::2026-08-04.22:02:20::SCWBDomain::arm-none-eabi-gcc  -O2 -c -MMD -MP       -mcpu=cortex-a9 -mfpu=vfpv3 -mfloat-abi=hard  -c main.c -o main.o -Izynq_fsbl_bsp/ps7_
TRACE::2026-08-04.22:02:20::SCWBDomain::cortexa9_0/include -I.

TRACE::2026-08-04.22:02:20::SCWBDomain::arm-none-eabi-gcc  -O2 -c -MMD -MP       -mcpu=cortex-a9 -mfpu=vfpv3 -mfloat-abi=hard  -c rsa.c -o rsa.o -Izynq_fsbl_bsp/ps7_co
TRACE::2026-08-04.22:02:20::SCWBDomain::rtexa9_0/include -I.

TRACE::2026-08-04.22:02:20::SCWBDomain::arm-none-eabi-gcc  -O2 -c -MMD -MP       -mcpu=cortex-a9 -mfpu=vfpv3 -mfloat-abi=hard  -c nor.c -o nor.o -Izynq_fsbl_bsp/ps7_co
TRACE::2026-08-04.22:02:20::SCWBDomain::rtexa9_0/include -I.

TRACE::2026-08-04.22:02:21::SCWBDomain::arm-none-eabi-gcc  -O2 -c -MMD -MP       -mcpu=cortex-a9 -mfpu=vfpv3 -mfloat-abi=hard  -c qspi.c -o qspi.o -Izynq_fsbl_bsp/ps7_
TRACE::2026-08-04.22:02:21::SCWBDomain::cortexa9_0/include -I.

TRACE::2026-08-04.22:02:21::SCWBDomain::arm-none-eabi-gcc  -O2 -c -MMD -MP       -mcpu=cortex-a9 -mfpu=vfpv3 -mfloat-abi=hard  -c ps7_init.c -o ps7_init.o -Izynq_fsbl_
TRACE::2026-08-04.22:02:21::SCWBDomain::bsp/ps7_cortexa9_0/include -I.

TRACE::2026-08-04.22:02:21::SCWBDomain::arm-none-eabi-gcc  -O2 -c -MMD -MP       -mcpu=cortex-a9 -mfpu=vfpv3 -mfloat-abi=hard  -c pcap.c -o pcap.o -Izynq_fsbl_bsp/ps7_
TRACE::2026-08-04.22:02:21::SCWBDomain::cortexa9_0/include -I.

TRACE::2026-08-04.22:02:21::SCWBDomain::arm-none-eabi-gcc  -O2 -c -MMD -MP       -mcpu=cortex-a9 -mfpu=vfpv3 -mfloat-abi=hard  -c fsbl_handoff.S -o fsbl_handoff.o -Izy
TRACE::2026-08-04.22:02:21::SCWBDomain::nq_fsbl_bsp/ps7_cortexa9_0/include -I.

TRACE::2026-08-04.22:02:21::SCWBDomain::arm-none-eabi-gcc -o fsbl.elf fsbl_handoff.o fsbl_hooks.o image_mover.o main.o md5.o nand.o nor.o pcap.o ps7_init.o qspi.o rsa.
TRACE::2026-08-04.22:02:21::SCWBDomain::o sd.o -MMD -MP       -mcpu=cortex-a9 -mfpu=vfpv3 -mfloat-abi=hard   -mcpu=cortex-a9 -mfpu=vfpv3 -mfloat-abi=hard -Wl,-build-id
TRACE::2026-08-04.22:02:21::SCWBDomain::=none -specs=Xilinx.spec  -lrsa -Wl,--start-group,-lxil,-lgcc,-lc,--end-group -Wl,--start-group,-lxilffs,-lxil,-lgcc,-lc,--end-
TRACE::2026-08-04.22:02:21::SCWBDomain::group -Wl,--start-group,-lrsa,-lxil,-lgcc,-lc,--end-group                                   -Wl,--gc-sections -Lzynq_fsbl_bsp/p
TRACE::2026-08-04.22:02:21::SCWBDomain::s7_cortexa9_0/lib -L./ -Tlscript.ld

LOG::2026-08-04.22:02:21::SCWSystem::Checking the domain standalone_domain
LOG::2026-08-04.22:02:21::SCWSystem::Not a boot domain 
LOG::2026-08-04.22:02:21::SCWSystem::Started Processing the domain standalone_domain
TRACE::2026-08-04.22:02:21::SCWDomain::Generating domain artifcats
TRACE::2026-08-04.22:02:21::SCWMssOS::Generating standalone artifcats
TRACE::2026-08-04.22:02:21::SCWMssOS::Copying the qemu file from  D:/Work/projects/zybo_z7_projects/DD_RF/vitis/RFsender_platform/resources/RFsender_platform/standalone_domain/qemu_args.txt To D:/Work/projects/zybo_z7_projects/DD_RF/vitis/RFsender_platform/export/RFsender_platform/sw/RFsender_platform/qemu/
TRACE::2026-08-04.22:02:21::SCWMssOS::Copying the qemu file from  D:/Work/projects/zybo_z7_projects/DD_RF/vitis/RFsender_platform/resources/RFsender_platform/standalone_domain/qemu_args.txt To D:/Work/projects/zybo_z7_projects/DD_RF/vitis/RFsender_platform/export/RFsender_platform/sw/RFsender_platform/standalone_domain/qemu/
TRACE::2026-08-04.22:02:21::SCWMssOS:: Copying the user libraries. 
TRACE::2026-08-04.22:02:21::SCWPlatform::Trying to open the hw design at D:/Work/projects/zybo_z7_projects/DD_RF/vitis/RFsender_platform/hw/sender.xsa
TRACE::2026-08-04.22:02:21::SCWPlatform::DSA given D:/Work/projects/zybo_z7_projects/DD_RF/vitis/RFsender_platform/hw/sender.xsa
TRACE::2026-08-04.22:02:21::SCWPlatform::DSA absoulate path D:/Work/projects/zybo_z7_projects/DD_RF/vitis/RFsender_platform/hw/sender.xsa
TRACE::2026-08-04.22:02:21::SCWPlatform::DSA directory D:/Work/projects/zybo_z7_projects/DD_RF/vitis/RFsender_platform/hw
TRACE::2026-08-04.22:02:21::SCWPlatform:: Platform Path D:/Work/projects/zybo_z7_projects/DD_RF/vitis/RFsender_platform/hw/sender.xsa
TRACE::2026-08-04.22:02:21::SCWPlatform:: Unique name xilinx:zybo-z7-10::0.0
TRACE::2026-08-04.22:02:21::SCWPlatform::Trying to set the existing hwdb with name topSystem_10
TRACE::2026-08-04.22:02:21::SCWPlatform::Opened existing hwdb topSystem_10
TRACE::2026-08-04.22:02:21::SCWPlatform::Found the Hw Db part of the input DSA
TRACE::2026-08-04.22:02:21::SCWMssOS::Checking the sw design at  D:/Work/projects/zybo_z7_projects/DD_RF/vitis/RFsender_platform/ps7_cortexa9_0/standalone_domain/bsp/system.mss
TRACE::2026-08-04.22:02:21::SCWMssOS::DEBUG:  swdes dump  D:/Work/projects/zybo_z7_projects/DD_RF/vitis/RFsender_platform/ps7_cortexa9_0/standalone_domain/bsp/system.mss|system_0||
D:/Work/projects/zybo_z7_projects/DD_RF/vitis/RFsender_platform/zynq_fsbl/zynq_fsbl_bsp/system.mss|system||

TRACE::2026-08-04.22:02:21::SCWMssOS::Sw design exists and opened at  D:/Work/projects/zybo_z7_projects/DD_RF/vitis/RFsender_platform/ps7_cortexa9_0/standalone_domain/bsp/system.mss
TRACE::2026-08-04.22:02:21::SCWMssOS::Completed writing the mss file at D:/Work/projects/zybo_z7_projects/DD_RF/vitis/RFsender_platform/ps7_cortexa9_0/standalone_domain/bsp
TRACE::2026-08-04.22:02:21::SCWMssOS::Mss edits present, copying mssfile into export location D:/Work/projects/zybo_z7_projects/DD_RF/vitis/RFsender_platform/ps7_cortexa9_0/standalone_domain/bsp/system.mss
TRACE::2026-08-04.22:02:21::SCWMssOS::bsp generated is upto date with the mss file. Skipping bsp generation.
TRACE::2026-08-04.22:02:21::SCWMssOS::BSP is already built. skipping the bsp build ... 
TRACE::2026-08-04.22:02:21::SCWDomain::Building the domain as part of full build :  standalone_domain
TRACE::2026-08-04.22:02:21::SCWMssOS::doing bsp build ... 
TRACE::2026-08-04.22:02:21::SCWMssOS::System Command Ran  D: & cd  D:/Work/projects/zybo_z7_projects/DD_RF/vitis/RFsender_platform/ps7_cortexa9_0/standalone_domain/bsp & make 
TRACE::2026-08-04.22:02:21::SCWMssOS::make --no-print-directory seq_libs

TRACE::2026-08-04.22:02:21::SCWMssOS::'Finished building libraries sequentially.'

TRACE::2026-08-04.22:02:21::SCWMssOS::make -j 14 --no-print-directory par_libs

TRACE::2026-08-04.22:02:22::SCWMssOS::"Running Make include in ps7_cortexa9_0/libsrc/coresightps_dcc_v1_11/src"

TRACE::2026-08-04.22:02:22::SCWMssOS::make -C ps7_cortexa9_0/libsrc/coresightps_dcc_v1_11/src -s include  "SHELL=CMD" "COMPILER=arm-none-eabi-gcc" "ASSEMBLER=arm-non
TRACE::2026-08-04.22:02:22::SCWMssOS::e-eabi-as" "ARCHIVER=arm-none-eabi-ar" "COMPILER_FLAGS=  -O2 -c" "EXTRA_COMPILER_FLAGS=-mcpu=cortex-a9 -mfpu=vfpv3 -mfloat-abi=
TRACE::2026-08-04.22:02:22::SCWMssOS::hard -nostartfiles -g -Wall -Wextra -fno-tree-loop-distribute-patterns"

TRACE::2026-08-04.22:02:22::SCWMssOS::"Running Make include in ps7_cortexa9_0/libsrc/cpu_cortexa9_v2_12/src"

TRACE::2026-08-04.22:02:22::SCWMssOS::make -C ps7_cortexa9_0/libsrc/cpu_cortexa9_v2_12/src -s include  "SHELL=CMD" "COMPILER=arm-none-eabi-gcc" "ASSEMBLER=arm-none-e
TRACE::2026-08-04.22:02:22::SCWMssOS::abi-as" "ARCHIVER=arm-none-eabi-ar" "COMPILER_FLAGS=  -O2 -c" "EXTRA_COMPILER_FLAGS=-mcpu=cortex-a9 -mfpu=vfpv3 -mfloat-abi=har
TRACE::2026-08-04.22:02:22::SCWMssOS::d -nostartfiles -g -Wall -Wextra -fno-tree-loop-distribute-patterns"

TRACE::2026-08-04.22:02:22::SCWMssOS::"Running Make include in ps7_cortexa9_0/libsrc/ddrps_v1_2/src"

TRACE::2026-08-04.22:02:22::SCWMssOS::make -C ps7_cortexa9_0/libsrc/ddrps_v1_2/src -s include  "SHELL=CMD" "COMPILER=arm-none-eabi-gcc" "ASSEMBLER=arm-none-eabi-as" 
TRACE::2026-08-04.22:02:22::SCWMssOS::"ARCHIVER=arm-none-eabi-ar" "COMPILER_FLAGS=  -O2 -c" "EXTRA_COMPILER_FLAGS=-mcpu=cortex-a9 -mfpu=vfpv3 -mfloat-abi=hard -nosta
TRACE::2026-08-04.22:02:22::SCWMssOS::rtfiles -g -Wall -Wextra -fno-tree-loop-distribute-patterns"

TRACE::2026-08-04.22:02:22::SCWMssOS::"Running Make include in ps7_cortexa9_0/libsrc/devcfg_v3_8/src"

TRACE::2026-08-04.22:02:22::SCWMssOS::make -C ps7_cortexa9_0/libsrc/devcfg_v3_8/src -s include  "SHELL=CMD" "COMPILER=arm-none-eabi-gcc" "ASSEMBLER=arm-none-eabi-as"
TRACE::2026-08-04.22:02:22::SCWMssOS:: "ARCHIVER=arm-none-eabi-ar" "COMPILER_FLAGS=  -O2 -c" "EXTRA_COMPILER_FLAGS=-mcpu=cortex-a9 -mfpu=vfpv3 -mfloat-abi=hard -nost
TRACE::2026-08-04.22:02:22::SCWMssOS::artfiles -g -Wall -Wextra -fno-tree-loop-distribute-patterns"

TRACE::2026-08-04.22:02:22::SCWMssOS::"Running Make include in ps7_cortexa9_0/libsrc/dmaps_v2_11/src"

TRACE::2026-08-04.22:02:22::SCWMssOS::make -C ps7_cortexa9_0/libsrc/dmaps_v2_11/src -s include  "SHELL=CMD" "COMPILER=arm-none-eabi-gcc" "ASSEMBLER=arm-none-eabi-as"
TRACE::2026-08-04.22:02:22::SCWMssOS:: "ARCHIVER=arm-none-eabi-ar" "COMPILER_FLAGS=  -O2 -c" "EXTRA_COMPILER_FLAGS=-mcpu=cortex-a9 -mfpu=vfpv3 -mfloat-abi=hard -nost
TRACE::2026-08-04.22:02:22::SCWMssOS::artfiles -g -Wall -Wextra -fno-tree-loop-distribute-patterns"

TRACE::2026-08-04.22:02:22::SCWMssOS::"Running Make include in ps7_cortexa9_0/libsrc/emacps_v3_21/src"

TRACE::2026-08-04.22:02:22::SCWMssOS::make -C ps7_cortexa9_0/libsrc/emacps_v3_21/src -s include  "SHELL=CMD" "COMPILER=arm-none-eabi-gcc" "ASSEMBLER=arm-none-eabi-as
TRACE::2026-08-04.22:02:22::SCWMssOS::" "ARCHIVER=arm-none-eabi-ar" "COMPILER_FLAGS=  -O2 -c" "EXTRA_COMPILER_FLAGS=-mcpu=cortex-a9 -mfpu=vfpv3 -mfloat-abi=hard -nos
TRACE::2026-08-04.22:02:22::SCWMssOS::tartfiles -g -Wall -Wextra -fno-tree-loop-distribute-patterns"

TRACE::2026-08-04.22:02:22::SCWMssOS::"Running Make include in ps7_cortexa9_0/libsrc/gpiops_v3_13/src"

TRACE::2026-08-04.22:02:22::SCWMssOS::make -C ps7_cortexa9_0/libsrc/gpiops_v3_13/src -s include  "SHELL=CMD" "COMPILER=arm-none-eabi-gcc" "ASSEMBLER=arm-none-eabi-as
TRACE::2026-08-04.22:02:22::SCWMssOS::" "ARCHIVER=arm-none-eabi-ar" "COMPILER_FLAGS=  -O2 -c" "EXTRA_COMPILER_FLAGS=-mcpu=cortex-a9 -mfpu=vfpv3 -mfloat-abi=hard -nos
TRACE::2026-08-04.22:02:22::SCWMssOS::tartfiles -g -Wall -Wextra -fno-tree-loop-distribute-patterns"

TRACE::2026-08-04.22:02:22::SCWMssOS::"Running Make include in ps7_cortexa9_0/libsrc/qspips_v3_13/src"

TRACE::2026-08-04.22:02:22::SCWMssOS::make -C ps7_cortexa9_0/libsrc/qspips_v3_13/src -s include  "SHELL=CMD" "COMPILER=arm-none-eabi-gcc" "ASSEMBLER=arm-none-eabi-as
TRACE::2026-08-04.22:02:22::SCWMssOS::" "ARCHIVER=arm-none-eabi-ar" "COMPILER_FLAGS=  -O2 -c" "EXTRA_COMPILER_FLAGS=-mcpu=cortex-a9 -mfpu=vfpv3 -mfloat-abi=hard -nos
TRACE::2026-08-04.22:02:22::SCWMssOS::tartfiles -g -Wall -Wextra -fno-tree-loop-distribute-patterns"

TRACE::2026-08-04.22:02:22::SCWMssOS::"Running Make include in ps7_cortexa9_0/libsrc/scugic_v5_4/src"

TRACE::2026-08-04.22:02:22::SCWMssOS::make -C ps7_cortexa9_0/libsrc/scugic_v5_4/src -s include  "SHELL=CMD" "COMPILER=arm-none-eabi-gcc" "ASSEMBLER=arm-none-eabi-as"
TRACE::2026-08-04.22:02:22::SCWMssOS:: "ARCHIVER=arm-none-eabi-ar" "COMPILER_FLAGS=  -O2 -c" "EXTRA_COMPILER_FLAGS=-mcpu=cortex-a9 -mfpu=vfpv3 -mfloat-abi=hard -nost
TRACE::2026-08-04.22:02:22::SCWMssOS::artfiles -g -Wall -Wextra -fno-tree-loop-distribute-patterns"

TRACE::2026-08-04.22:02:22::SCWMssOS::"Running Make include in ps7_cortexa9_0/libsrc/scutimer_v2_6/src"

TRACE::2026-08-04.22:02:22::SCWMssOS::make -C ps7_cortexa9_0/libsrc/scutimer_v2_6/src -s include  "SHELL=CMD" "COMPILER=arm-none-eabi-gcc" "ASSEMBLER=arm-none-eabi-a
TRACE::2026-08-04.22:02:22::SCWMssOS::s" "ARCHIVER=arm-none-eabi-ar" "COMPILER_FLAGS=  -O2 -c" "EXTRA_COMPILER_FLAGS=-mcpu=cortex-a9 -mfpu=vfpv3 -mfloat-abi=hard -no
TRACE::2026-08-04.22:02:22::SCWMssOS::startfiles -g -Wall -Wextra -fno-tree-loop-distribute-patterns"

TRACE::2026-08-04.22:02:22::SCWMssOS::"Running Make include in ps7_cortexa9_0/libsrc/scuwdt_v2_6/src"

TRACE::2026-08-04.22:02:22::SCWMssOS::make -C ps7_cortexa9_0/libsrc/scuwdt_v2_6/src -s include  "SHELL=CMD" "COMPILER=arm-none-eabi-gcc" "ASSEMBLER=arm-none-eabi-as"
TRACE::2026-08-04.22:02:22::SCWMssOS:: "ARCHIVER=arm-none-eabi-ar" "COMPILER_FLAGS=  -O2 -c" "EXTRA_COMPILER_FLAGS=-mcpu=cortex-a9 -mfpu=vfpv3 -mfloat-abi=hard -nost
TRACE::2026-08-04.22:02:22::SCWMssOS::artfiles -g -Wall -Wextra -fno-tree-loop-distribute-patterns"

TRACE::2026-08-04.22:02:22::SCWMssOS::"Running Make include in ps7_cortexa9_0/libsrc/sdps_v4_4/src"

TRACE::2026-08-04.22:02:22::SCWMssOS::make -C ps7_cortexa9_0/libsrc/sdps_v4_4/src -s include  "SHELL=CMD" "COMPILER=arm-none-eabi-gcc" "ASSEMBLER=arm-none-eabi-as" "
TRACE::2026-08-04.22:02:22::SCWMssOS::ARCHIVER=arm-none-eabi-ar" "COMPILER_FLAGS=  -O2 -c" "EXTRA_COMPILER_FLAGS=-mcpu=cortex-a9 -mfpu=vfpv3 -mfloat-abi=hard -nostar
TRACE::2026-08-04.22:02:22::SCWMssOS::tfiles -g -Wall -Wextra -fno-tree-loop-distribute-patterns"

TRACE::2026-08-04.22:02:22::SCWMssOS::"Running Make include in ps7_cortexa9_0/libsrc/standalone_v9_2/src"

TRACE::2026-08-04.22:02:22::SCWMssOS::make -C ps7_cortexa9_0/libsrc/standalone_v9_2/src -s include  "SHELL=CMD" "COMPILER=arm-none-eabi-gcc" "ASSEMBLER=arm-none-eabi
TRACE::2026-08-04.22:02:22::SCWMssOS::-as" "ARCHIVER=arm-none-eabi-ar" "COMPILER_FLAGS=  -O2 -c" "EXTRA_COMPILER_FLAGS=-mcpu=cortex-a9 -mfpu=vfpv3 -mfloat-abi=hard -
TRACE::2026-08-04.22:02:22::SCWMssOS::nostartfiles -g -Wall -Wextra -fno-tree-loop-distribute-patterns"

TRACE::2026-08-04.22:02:22::SCWMssOS::"Running Make include in ps7_cortexa9_0/libsrc/uartps_v3_15/src"

TRACE::2026-08-04.22:02:22::SCWMssOS::make -C ps7_cortexa9_0/libsrc/uartps_v3_15/src -s include  "SHELL=CMD" "COMPILER=arm-none-eabi-gcc" "ASSEMBLER=arm-none-eabi-as
TRACE::2026-08-04.22:02:22::SCWMssOS::" "ARCHIVER=arm-none-eabi-ar" "COMPILER_FLAGS=  -O2 -c" "EXTRA_COMPILER_FLAGS=-mcpu=cortex-a9 -mfpu=vfpv3 -mfloat-abi=hard -nos
TRACE::2026-08-04.22:02:22::SCWMssOS::tartfiles -g -Wall -Wextra -fno-tree-loop-distribute-patterns"

TRACE::2026-08-04.22:02:22::SCWMssOS::"Running Make include in ps7_cortexa9_0/libsrc/usbps_v2_9/src"

TRACE::2026-08-04.22:02:22::SCWMssOS::make -C ps7_cortexa9_0/libsrc/usbps_v2_9/src -s include  "SHELL=CMD" "COMPILER=arm-none-eabi-gcc" "ASSEMBLER=arm-none-eabi-as" 
TRACE::2026-08-04.22:02:22::SCWMssOS::"ARCHIVER=arm-none-eabi-ar" "COMPILER_FLAGS=  -O2 -c" "EXTRA_COMPILER_FLAGS=-mcpu=cortex-a9 -mfpu=vfpv3 -mfloat-abi=hard -nosta
TRACE::2026-08-04.22:02:22::SCWMssOS::rtfiles -g -Wall -Wextra -fno-tree-loop-distribute-patterns"

TRACE::2026-08-04.22:02:22::SCWMssOS::"Running Make include in ps7_cortexa9_0/libsrc/xadcps_v2_7/src"

TRACE::2026-08-04.22:02:22::SCWMssOS::make -C ps7_cortexa9_0/libsrc/xadcps_v2_7/src -s include  "SHELL=CMD" "COMPILER=arm-none-eabi-gcc" "ASSEMBLER=arm-none-eabi-as"
TRACE::2026-08-04.22:02:22::SCWMssOS:: "ARCHIVER=arm-none-eabi-ar" "COMPILER_FLAGS=  -O2 -c" "EXTRA_COMPILER_FLAGS=-mcpu=cortex-a9 -mfpu=vfpv3 -mfloat-abi=hard -nost
TRACE::2026-08-04.22:02:22::SCWMssOS::artfiles -g -Wall -Wextra -fno-tree-loop-distribute-patterns"

TRACE::2026-08-04.22:02:22::SCWMssOS::"Running Make include in ps7_cortexa9_0/libsrc/xilffs_v5_3/src"

TRACE::2026-08-04.22:02:22::SCWMssOS::make -C ps7_cortexa9_0/libsrc/xilffs_v5_3/src -s include  "SHELL=CMD" "COMPILER=arm-none-eabi-gcc" "ASSEMBLER=arm-none-eabi-as"
TRACE::2026-08-04.22:02:22::SCWMssOS:: "ARCHIVER=arm-none-eabi-ar" "COMPILER_FLAGS=  -O2 -c" "EXTRA_COMPILER_FLAGS=-mcpu=cortex-a9 -mfpu=vfpv3 -mfloat-abi=hard -nost
TRACE::2026-08-04.22:02:22::SCWMssOS::artfiles -g -Wall -Wextra -fno-tree-loop-distribute-patterns"

TRACE::2026-08-04.22:02:22::SCWMssOS::"Running Make libs in ps7_cortexa9_0/libsrc/coresightps_dcc_v1_11/src"

TRACE::2026-08-04.22:02:22::SCWMssOS::make -C ps7_cortexa9_0/libsrc/coresightps_dcc_v1_11/src -s libs  "SHELL=CMD" "COMPILER=arm-none-eabi-gcc" "ASSEMBLER=arm-none-e
TRACE::2026-08-04.22:02:22::SCWMssOS::abi-as" "ARCHIVER=arm-none-eabi-ar" "COMPILER_FLAGS=  -O2 -c" "EXTRA_COMPILER_FLAGS=-mcpu=cortex-a9 -mfpu=vfpv3 -mfloat-abi=har
TRACE::2026-08-04.22:02:22::SCWMssOS::d -nostartfiles -g -Wall -Wextra -fno-tree-loop-distribute-patterns"

TRACE::2026-08-04.22:02:22::SCWMssOS::"Running Make libs in ps7_cortexa9_0/libsrc/cpu_cortexa9_v2_12/src"

TRACE::2026-08-04.22:02:22::SCWMssOS::make -C ps7_cortexa9_0/libsrc/cpu_cortexa9_v2_12/src -s libs  "SHELL=CMD" "COMPILER=arm-none-eabi-gcc" "ASSEMBLER=arm-none-eabi
TRACE::2026-08-04.22:02:22::SCWMssOS::-as" "ARCHIVER=arm-none-eabi-ar" "COMPILER_FLAGS=  -O2 -c" "EXTRA_COMPILER_FLAGS=-mcpu=cortex-a9 -mfpu=vfpv3 -mfloat-abi=hard -
TRACE::2026-08-04.22:02:22::SCWMssOS::nostartfiles -g -Wall -Wextra -fno-tree-loop-distribute-patterns"

TRACE::2026-08-04.22:02:22::SCWMssOS::"Running Make libs in ps7_cortexa9_0/libsrc/ddrps_v1_2/src"

TRACE::2026-08-04.22:02:22::SCWMssOS::make -C ps7_cortexa9_0/libsrc/ddrps_v1_2/src -s libs  "SHELL=CMD" "COMPILER=arm-none-eabi-gcc" "ASSEMBLER=arm-none-eabi-as" "AR
TRACE::2026-08-04.22:02:22::SCWMssOS::CHIVER=arm-none-eabi-ar" "COMPILER_FLAGS=  -O2 -c" "EXTRA_COMPILER_FLAGS=-mcpu=cortex-a9 -mfpu=vfpv3 -mfloat-abi=hard -nostartf
TRACE::2026-08-04.22:02:22::SCWMssOS::iles -g -Wall -Wextra -fno-tree-loop-distribute-patterns"

TRACE::2026-08-04.22:02:22::SCWMssOS::"Running Make libs in ps7_cortexa9_0/libsrc/devcfg_v3_8/src"

TRACE::2026-08-04.22:02:23::SCWMssOS::make -C ps7_cortexa9_0/libsrc/devcfg_v3_8/src -s libs  "SHELL=CMD" "COMPILER=arm-none-eabi-gcc" "ASSEMBLER=arm-none-eabi-as" "A
TRACE::2026-08-04.22:02:23::SCWMssOS::RCHIVER=arm-none-eabi-ar" "COMPILER_FLAGS=  -O2 -c" "EXTRA_COMPILER_FLAGS=-mcpu=cortex-a9 -mfpu=vfpv3 -mfloat-abi=hard -nostart
TRACE::2026-08-04.22:02:23::SCWMssOS::files -g -Wall -Wextra -fno-tree-loop-distribute-patterns"

TRACE::2026-08-04.22:02:23::SCWMssOS::"Running Make libs in ps7_cortexa9_0/libsrc/dmaps_v2_11/src"

TRACE::2026-08-04.22:02:23::SCWMssOS::make -C ps7_cortexa9_0/libsrc/dmaps_v2_11/src -s libs  "SHELL=CMD" "COMPILER=arm-none-eabi-gcc" "ASSEMBLER=arm-none-eabi-as" "A
TRACE::2026-08-04.22:02:23::SCWMssOS::RCHIVER=arm-none-eabi-ar" "COMPILER_FLAGS=  -O2 -c" "EXTRA_COMPILER_FLAGS=-mcpu=cortex-a9 -mfpu=vfpv3 -mfloat-abi=hard -nostart
TRACE::2026-08-04.22:02:23::SCWMssOS::files -g -Wall -Wextra -fno-tree-loop-distribute-patterns"

TRACE::2026-08-04.22:02:23::SCWMssOS::"Running Make libs in ps7_cortexa9_0/libsrc/emacps_v3_21/src"

TRACE::2026-08-04.22:02:23::SCWMssOS::make -C ps7_cortexa9_0/libsrc/emacps_v3_21/src -s libs  "SHELL=CMD" "COMPILER=arm-none-eabi-gcc" "ASSEMBLER=arm-none-eabi-as" "
TRACE::2026-08-04.22:02:23::SCWMssOS::ARCHIVER=arm-none-eabi-ar" "COMPILER_FLAGS=  -O2 -c" "EXTRA_COMPILER_FLAGS=-mcpu=cortex-a9 -mfpu=vfpv3 -mfloat-abi=hard -nostar
TRACE::2026-08-04.22:02:23::SCWMssOS::tfiles -g -Wall -Wextra -fno-tree-loop-distribute-patterns"

TRACE::2026-08-04.22:02:23::SCWMssOS::"Running Make libs in ps7_cortexa9_0/libsrc/gpiops_v3_13/src"

TRACE::2026-08-04.22:02:23::SCWMssOS::make -C ps7_cortexa9_0/libsrc/gpiops_v3_13/src -s libs  "SHELL=CMD" "COMPILER=arm-none-eabi-gcc" "ASSEMBLER=arm-none-eabi-as" "
TRACE::2026-08-04.22:02:23::SCWMssOS::ARCHIVER=arm-none-eabi-ar" "COMPILER_FLAGS=  -O2 -c" "EXTRA_COMPILER_FLAGS=-mcpu=cortex-a9 -mfpu=vfpv3 -mfloat-abi=hard -nostar
TRACE::2026-08-04.22:02:23::SCWMssOS::tfiles -g -Wall -Wextra -fno-tree-loop-distribute-patterns"

TRACE::2026-08-04.22:02:23::SCWMssOS::"Running Make libs in ps7_cortexa9_0/libsrc/qspips_v3_13/src"

TRACE::2026-08-04.22:02:23::SCWMssOS::make -C ps7_cortexa9_0/libsrc/qspips_v3_13/src -s libs  "SHELL=CMD" "COMPILER=arm-none-eabi-gcc" "ASSEMBLER=arm-none-eabi-as" "
TRACE::2026-08-04.22:02:23::SCWMssOS::ARCHIVER=arm-none-eabi-ar" "COMPILER_FLAGS=  -O2 -c" "EXTRA_COMPILER_FLAGS=-mcpu=cortex-a9 -mfpu=vfpv3 -mfloat-abi=hard -nostar
TRACE::2026-08-04.22:02:23::SCWMssOS::tfiles -g -Wall -Wextra -fno-tree-loop-distribute-patterns"

TRACE::2026-08-04.22:02:23::SCWMssOS::"Running Make libs in ps7_cortexa9_0/libsrc/scugic_v5_4/src"

TRACE::2026-08-04.22:02:23::SCWMssOS::make -C ps7_cortexa9_0/libsrc/scugic_v5_4/src -s libs  "SHELL=CMD" "COMPILER=arm-none-eabi-gcc" "ASSEMBLER=arm-none-eabi-as" "A
TRACE::2026-08-04.22:02:23::SCWMssOS::RCHIVER=arm-none-eabi-ar" "COMPILER_FLAGS=  -O2 -c" "EXTRA_COMPILER_FLAGS=-mcpu=cortex-a9 -mfpu=vfpv3 -mfloat-abi=hard -nostart
TRACE::2026-08-04.22:02:23::SCWMssOS::files -g -Wall -Wextra -fno-tree-loop-distribute-patterns"

TRACE::2026-08-04.22:02:23::SCWMssOS::"Running Make libs in ps7_cortexa9_0/libsrc/scutimer_v2_6/src"

TRACE::2026-08-04.22:02:23::SCWMssOS::make -C ps7_cortexa9_0/libsrc/scutimer_v2_6/src -s libs  "SHELL=CMD" "COMPILER=arm-none-eabi-gcc" "ASSEMBLER=arm-none-eabi-as" 
TRACE::2026-08-04.22:02:23::SCWMssOS::"ARCHIVER=arm-none-eabi-ar" "COMPILER_FLAGS=  -O2 -c" "EXTRA_COMPILER_FLAGS=-mcpu=cortex-a9 -mfpu=vfpv3 -mfloat-abi=hard -nosta
TRACE::2026-08-04.22:02:23::SCWMssOS::rtfiles -g -Wall -Wextra -fno-tree-loop-distribute-patterns"

TRACE::2026-08-04.22:02:23::SCWMssOS::"Running Make libs in ps7_cortexa9_0/libsrc/scuwdt_v2_6/src"

TRACE::2026-08-04.22:02:23::SCWMssOS::make -C ps7_cortexa9_0/libsrc/scuwdt_v2_6/src -s libs  "SHELL=CMD" "COMPILER=arm-none-eabi-gcc" "ASSEMBLER=arm-none-eabi-as" "A
TRACE::2026-08-04.22:02:23::SCWMssOS::RCHIVER=arm-none-eabi-ar" "COMPILER_FLAGS=  -O2 -c" "EXTRA_COMPILER_FLAGS=-mcpu=cortex-a9 -mfpu=vfpv3 -mfloat-abi=hard -nostart
TRACE::2026-08-04.22:02:23::SCWMssOS::files -g -Wall -Wextra -fno-tree-loop-distribute-patterns"

TRACE::2026-08-04.22:02:23::SCWMssOS::"Running Make libs in ps7_cortexa9_0/libsrc/sdps_v4_4/src"

TRACE::2026-08-04.22:02:23::SCWMssOS::make -C ps7_cortexa9_0/libsrc/sdps_v4_4/src -s libs  "SHELL=CMD" "COMPILER=arm-none-eabi-gcc" "ASSEMBLER=arm-none-eabi-as" "ARC
TRACE::2026-08-04.22:02:23::SCWMssOS::HIVER=arm-none-eabi-ar" "COMPILER_FLAGS=  -O2 -c" "EXTRA_COMPILER_FLAGS=-mcpu=cortex-a9 -mfpu=vfpv3 -mfloat-abi=hard -nostartfi
TRACE::2026-08-04.22:02:23::SCWMssOS::les -g -Wall -Wextra -fno-tree-loop-distribute-patterns"

TRACE::2026-08-04.22:02:23::SCWMssOS::"Running Make libs in ps7_cortexa9_0/libsrc/standalone_v9_2/src"

TRACE::2026-08-04.22:02:24::SCWMssOS::make -C ps7_cortexa9_0/libsrc/standalone_v9_2/src -s libs  "SHELL=CMD" "COMPILER=arm-none-eabi-gcc" "ASSEMBLER=arm-none-eabi-as
TRACE::2026-08-04.22:02:24::SCWMssOS::" "ARCHIVER=arm-none-eabi-ar" "COMPILER_FLAGS=  -O2 -c" "EXTRA_COMPILER_FLAGS=-mcpu=cortex-a9 -mfpu=vfpv3 -mfloat-abi=hard -nos
TRACE::2026-08-04.22:02:24::SCWMssOS::tartfiles -g -Wall -Wextra -fno-tree-loop-distribute-patterns"

TRACE::2026-08-04.22:02:24::SCWMssOS::"Running Make libs in ps7_cortexa9_0/libsrc/uartps_v3_15/src"

TRACE::2026-08-04.22:02:24::SCWMssOS::make -C ps7_cortexa9_0/libsrc/uartps_v3_15/src -s libs  "SHELL=CMD" "COMPILER=arm-none-eabi-gcc" "ASSEMBLER=arm-none-eabi-as" "
TRACE::2026-08-04.22:02:24::SCWMssOS::ARCHIVER=arm-none-eabi-ar" "COMPILER_FLAGS=  -O2 -c" "EXTRA_COMPILER_FLAGS=-mcpu=cortex-a9 -mfpu=vfpv3 -mfloat-abi=hard -nostar
TRACE::2026-08-04.22:02:24::SCWMssOS::tfiles -g -Wall -Wextra -fno-tree-loop-distribute-patterns"

TRACE::2026-08-04.22:02:24::SCWMssOS::"Running Make libs in ps7_cortexa9_0/libsrc/usbps_v2_9/src"

TRACE::2026-08-04.22:02:24::SCWMssOS::make -C ps7_cortexa9_0/libsrc/usbps_v2_9/src -s libs  "SHELL=CMD" "COMPILER=arm-none-eabi-gcc" "ASSEMBLER=arm-none-eabi-as" "AR
TRACE::2026-08-04.22:02:24::SCWMssOS::CHIVER=arm-none-eabi-ar" "COMPILER_FLAGS=  -O2 -c" "EXTRA_COMPILER_FLAGS=-mcpu=cortex-a9 -mfpu=vfpv3 -mfloat-abi=hard -nostartf
TRACE::2026-08-04.22:02:24::SCWMssOS::iles -g -Wall -Wextra -fno-tree-loop-distribute-patterns"

TRACE::2026-08-04.22:02:24::SCWMssOS::"Running Make libs in ps7_cortexa9_0/libsrc/xadcps_v2_7/src"

TRACE::2026-08-04.22:02:24::SCWMssOS::make -C ps7_cortexa9_0/libsrc/xadcps_v2_7/src -s libs  "SHELL=CMD" "COMPILER=arm-none-eabi-gcc" "ASSEMBLER=arm-none-eabi-as" "A
TRACE::2026-08-04.22:02:24::SCWMssOS::RCHIVER=arm-none-eabi-ar" "COMPILER_FLAGS=  -O2 -c" "EXTRA_COMPILER_FLAGS=-mcpu=cortex-a9 -mfpu=vfpv3 -mfloat-abi=hard -nostart
TRACE::2026-08-04.22:02:24::SCWMssOS::files -g -Wall -Wextra -fno-tree-loop-distribute-patterns"

TRACE::2026-08-04.22:02:24::SCWMssOS::"Running Make libs in ps7_cortexa9_0/libsrc/xilffs_v5_3/src"

TRACE::2026-08-04.22:02:24::SCWMssOS::make -C ps7_cortexa9_0/libsrc/xilffs_v5_3/src -s libs  "SHELL=CMD" "COMPILER=arm-none-eabi-gcc" "ASSEMBLER=arm-none-eabi-as" "A
TRACE::2026-08-04.22:02:24::SCWMssOS::RCHIVER=arm-none-eabi-ar" "COMPILER_FLAGS=  -O2 -c" "EXTRA_COMPILER_FLAGS=-mcpu=cortex-a9 -mfpu=vfpv3 -mfloat-abi=hard -nostart
TRACE::2026-08-04.22:02:24::SCWMssOS::files -g -Wall -Wextra -fno-tree-loop-distribute-patterns"

TRACE::2026-08-04.22:02:25::SCWMssOS::'Finished building libraries parallelly.'

TRACE::2026-08-04.22:02:25::SCWMssOS::make --no-print-directory archive

TRACE::2026-08-04.22:02:25::SCWMssOS::arm-none-eabi-ar -r  ps7_cortexa9_0/lib/libxil.a ps7_cortexa9_0/lib/_exit.o ps7_cortexa9_0/lib/_open.o ps7_cortexa9_0/lib/_sbrk
TRACE::2026-08-04.22:02:25::SCWMssOS::.o ps7_cortexa9_0/lib/abort.o ps7_cortexa9_0/lib/asm_vectors.o ps7_cortexa9_0/lib/boot.o ps7_cortexa9_0/lib/close.o ps7_cortexa
TRACE::2026-08-04.22:02:25::SCWMssOS::9_0/lib/cpputest_time.o ps7_cortexa9_0/lib/cpu_init.o ps7_cortexa9_0/lib/errno.o ps7_cortexa9_0/lib/fcntl.o ps7_cortexa9_0/lib/
TRACE::2026-08-04.22:02:25::SCWMssOS::fstat.o ps7_cortexa9_0/lib/getentropy.o ps7_cortexa9_0/lib/getpid.o ps7_cortexa9_0/lib/gettimeofday.o ps7_cortexa9_0/lib/inbyte
TRACE::2026-08-04.22:02:25::SCWMssOS::.o ps7_cortexa9_0/lib/isatty.o ps7_cortexa9_0/lib/kill.o ps7_cortexa9_0/lib/lseek.o ps7_cortexa9_0/lib/open.o ps7_cortexa9_0/li
TRACE::2026-08-04.22:02:25::SCWMssOS::b/outbyte.o ps7_cortexa9_0/lib/print.o ps7_cortexa9_0/lib/putnum.o ps7_cortexa9_0/lib/read.o ps7_cortexa9_0/lib/sbrk.o ps7_cort
TRACE::2026-08-04.22:02:25::SCWMssOS::exa9_0/lib/sleep.o ps7_cortexa9_0/lib/time.o ps7_cortexa9_0/lib/translation_table.o ps7_cortexa9_0/lib/unlink.o ps7_cortexa9_0/
TRACE::2026-08-04.22:02:25::SCWMssOS::lib/usleep.o ps7_cortexa9_0/lib/vectors.o ps7_cortexa9_0/lib/write.o ps7_cortexa9_0/lib/xadcps.o ps7_cortexa9_0/lib/xadcps_g.o 
TRACE::2026-08-04.22:02:25::SCWMssOS::ps7_cortexa9_0/lib/xadcps_intr.o ps7_cortexa9_0/lib/xadcps_selftest.o ps7_cortexa9_0/lib/xadcps_sinit.o ps7_cortexa9_0/lib/xcor
TRACE::2026-08-04.22:02:25::SCWMssOS::esightpsdcc.o ps7_cortexa9_0/lib/xdevcfg.o ps7_cortexa9_0/lib/xdevcfg_g.o ps7_cortexa9_0/lib/xdevcfg_hw.o ps7_cortexa9_0/lib/xd
TRACE::2026-08-04.22:02:25::SCWMssOS::evcfg_intr.o ps7_cortexa9_0/lib/xdevcfg_selftest.o ps7_cortexa9_0/lib/xdevcfg_sinit.o ps7_cortexa9_0/lib/xdmaps.o ps7_cortexa9_
TRACE::2026-08-04.22:02:25::SCWMssOS::0/lib/xdmaps_g.o ps7_cortexa9_0/lib/xdmaps_hw.o ps7_cortexa9_0/lib/xdmaps_selftest.o ps7_cortexa9_0/lib/xdmaps_sinit.o ps7_cort
TRACE::2026-08-04.22:02:25::SCWMssOS::exa9_0/lib/xemacps.o ps7_cortexa9_0/lib/xemacps_bdring.o ps7_cortexa9_0/lib/xemacps_control.o ps7_cortexa9_0/lib/xemacps_g.o ps
TRACE::2026-08-04.22:02:25::SCWMssOS::7_cortexa9_0/lib/xemacps_hw.o ps7_cortexa9_0/lib/xemacps_intr.o ps7_cortexa9_0/lib/xemacps_sinit.o ps7_cortexa9_0/lib/xgpiops.o
TRACE::2026-08-04.22:02:25::SCWMssOS:: ps7_cortexa9_0/lib/xgpiops_g.o ps7_cortexa9_0/lib/xgpiops_hw.o ps7_cortexa9_0/lib/xgpiops_intr.o ps7_cortexa9_0/lib/xgpiops_se
TRACE::2026-08-04.22:02:25::SCWMssOS::lftest.o ps7_cortexa9_0/lib/xgpiops_sinit.o ps7_cortexa9_0/lib/xil-crt0.o ps7_cortexa9_0/lib/xil_assert.o ps7_cortexa9_0/lib/xi
TRACE::2026-08-04.22:02:25::SCWMssOS::l_cache.o ps7_cortexa9_0/lib/xil_clocking.o ps7_cortexa9_0/lib/xil_exception.o ps7_cortexa9_0/lib/xil_mem.o ps7_cortexa9_0/lib/
TRACE::2026-08-04.22:02:25::SCWMssOS::xil_misc_psreset_api.o ps7_cortexa9_0/lib/xil_mmu.o ps7_cortexa9_0/lib/xil_printf.o ps7_cortexa9_0/lib/xil_sleepcommon.o ps7_co
TRACE::2026-08-04.22:02:25::SCWMssOS::rtexa9_0/lib/xil_sleeptimer.o ps7_cortexa9_0/lib/xil_spinlock.o ps7_cortexa9_0/lib/xil_sutil.o ps7_cortexa9_0/lib/xil_testcache
TRACE::2026-08-04.22:02:25::SCWMssOS::.o ps7_cortexa9_0/lib/xil_testio.o ps7_cortexa9_0/lib/xil_testmem.o ps7_cortexa9_0/lib/xil_util.o ps7_cortexa9_0/lib/xinterrupt
TRACE::2026-08-04.22:02:25::SCWMssOS::_wrap.o ps7_cortexa9_0/lib/xl2cc_counter.o ps7_cortexa9_0/lib/xplatform_info.o ps7_cortexa9_0/lib/xpm_counter.o ps7_cortexa9_0/
TRACE::2026-08-04.22:02:25::SCWMssOS::lib/xpm_init.o ps7_cortexa9_0/lib/xqspips.o ps7_cortexa9_0/lib/xqspips_g.o ps7_cortexa9_0/lib/xqspips_hw.o ps7_cortexa9_0/lib/x
TRACE::2026-08-04.22:02:25::SCWMssOS::qspips_options.o ps7_cortexa9_0/lib/xqspips_selftest.o ps7_cortexa9_0/lib/xqspips_sinit.o ps7_cortexa9_0/lib/xscugic.o ps7_cort
TRACE::2026-08-04.22:02:25::SCWMssOS::exa9_0/lib/xscugic_g.o ps7_cortexa9_0/lib/xscugic_hw.o ps7_cortexa9_0/lib/xscugic_intr.o ps7_cortexa9_0/lib/xscugic_selftest.o 
TRACE::2026-08-04.22:02:25::SCWMssOS::ps7_cortexa9_0/lib/xscugic_sinit.o ps7_cortexa9_0/lib/xscutimer.o ps7_cortexa9_0/lib/xscutimer_g.o ps7_cortexa9_0/lib/xscutimer
TRACE::2026-08-04.22:02:25::SCWMssOS::_selftest.o ps7_cortexa9_0/lib/xscutimer_sinit.o ps7_cortexa9_0/lib/xscuwdt.o ps7_cortexa9_0/lib/xscuwdt_g.o ps7_cortexa9_0/lib
TRACE::2026-08-04.22:02:25::SCWMssOS::/xscuwdt_selftest.o ps7_cortexa9_0/lib/xscuwdt_sinit.o ps7_cortexa9_0/lib/xsdps.o ps7_cortexa9_0/lib/xsdps_card.o ps7_cortexa9_
TRACE::2026-08-04.22:02:25::SCWMssOS::0/lib/xsdps_g.o ps7_cortexa9_0/lib/xsdps_host.o ps7_cortexa9_0/lib/xsdps_options.o ps7_cortexa9_0/lib/xsdps_sinit.o ps7_cortexa
TRACE::2026-08-04.22:02:25::SCWMssOS::9_0/lib/xtime_l.o ps7_cortexa9_0/lib/xuartps.o ps7_cortexa9_0/lib/xuartps_g.o ps7_cortexa9_0/lib/xuartps_hw.o ps7_cortexa9_0/li
TRACE::2026-08-04.22:02:25::SCWMssOS::b/xuartps_intr.o ps7_cortexa9_0/lib/xuartps_options.o ps7_cortexa9_0/lib/xuartps_selftest.o ps7_cortexa9_0/lib/xuartps_sinit.o 
TRACE::2026-08-04.22:02:25::SCWMssOS::ps7_cortexa9_0/lib/xusbps.o ps7_cortexa9_0/lib/xusbps_endpoint.o ps7_cortexa9_0/lib/xusbps_g.o ps7_cortexa9_0/lib/xusbps_hw.o p
TRACE::2026-08-04.22:02:25::SCWMssOS::s7_cortexa9_0/lib/xusbps_intr.o ps7_cortexa9_0/lib/xusbps_sinit.o

TRACE::2026-08-04.22:02:25::SCWMssOS::'Finished building libraries'

TRACE::2026-08-04.22:02:26::SCWMssOS::Copying to export directory.
TRACE::2026-08-04.22:02:26::SCWMssOS:: Checking if to create the Supporting Applications
TRACE::2026-08-04.22:02:26::SCWMssOS:: No Linux domain exists, trying to generate FSBL 
LOG::2026-08-04.22:02:26::SCWSystem::Completed Processing the domain standalone_domain
LOG::2026-08-04.22:02:26::SCWSystem::Completed Processing the sysconfig RFsender_platform
LOG::2026-08-04.22:02:26::SCWPlatform::Completed generating the artifacts for system configuration RFsender_platform
TRACE::2026-08-04.22:02:26::SCWPlatform::Started preparing the platform 
TRACE::2026-08-04.22:02:26::SCWSystem::Writing the bif file for system config RFsender_platform
TRACE::2026-08-04.22:02:26::SCWSystem::dir created 
TRACE::2026-08-04.22:02:26::SCWSystem::Writing the bif 
TRACE::2026-08-04.22:02:26::SCWPlatform::Started writing the spfm file 
TRACE::2026-08-04.22:02:26::SCWPlatform::Started writing the xpfm file 
TRACE::2026-08-04.22:02:26::SCWPlatform::Completed generating the platform
TRACE::2026-08-04.22:02:26::SCWMssOS::Saving the mss changes D:/Work/projects/zybo_z7_projects/DD_RF/vitis/RFsender_platform/zynq_fsbl/zynq_fsbl_bsp/system.mss
TRACE::2026-08-04.22:02:26::SCWMssOS::Found a swdesign opened with the mssfile.
TRACE::2026-08-04.22:02:26::SCWMssOS::Running validate of swdbs.
KEYINFO::2026-08-04.22:02:26::SCWMssOS::Could not open the swdb for system
KEYINFO::2026-08-04.22:02:26::SCWMssOS::Could not open the sw design at  system
ERROR: [Hsi 55-1558] Software Design system is not found

TRACE::2026-08-04.22:02:26::SCWMssOS::Cleared the swdb table entry
TRACE::2026-08-04.22:02:26::SCWMssOS::Adding the swdes entry, mss present, able to open swdb D:/Work/projects/zybo_z7_projects/DD_RF/vitis/RFsender_platform/zynq_fsbl/zynq_fsbl_bsp/system.mss with des name system
TRACE::2026-08-04.22:02:26::SCWMssOS::Writing the mss file completed D:/Work/projects/zybo_z7_projects/DD_RF/vitis/RFsender_platform/zynq_fsbl/zynq_fsbl_bsp/system.mss
TRACE::2026-08-04.22:02:26::SCWMssOS::Commit changes completed.
TRACE::2026-08-04.22:02:26::SCWMssOS::Saving the mss changes D:/Work/projects/zybo_z7_projects/DD_RF/vitis/RFsender_platform/ps7_cortexa9_0/standalone_domain/bsp/system.mss
TRACE::2026-08-04.22:02:26::SCWMssOS::Found a swdesign opened with the mssfile.
TRACE::2026-08-04.22:02:26::SCWMssOS::Completed writemss as part of save.
TRACE::2026-08-04.22:02:26::SCWMssOS::Commit changes completed.
TRACE::2026-08-04.22:02:26::SCWPlatform::Trying to open the hw design at D:/Work/projects/zybo_z7_projects/DD_RF/vitis/RFsender_platform/hw/sender.xsa
TRACE::2026-08-04.22:02:26::SCWPlatform::DSA given D:/Work/projects/zybo_z7_projects/DD_RF/vitis/RFsender_platform/hw/sender.xsa
TRACE::2026-08-04.22:02:26::SCWPlatform::DSA absoulate path D:/Work/projects/zybo_z7_projects/DD_RF/vitis/RFsender_platform/hw/sender.xsa
TRACE::2026-08-04.22:02:26::SCWPlatform::DSA directory D:/Work/projects/zybo_z7_projects/DD_RF/vitis/RFsender_platform/hw
TRACE::2026-08-04.22:02:26::SCWPlatform:: Platform Path D:/Work/projects/zybo_z7_projects/DD_RF/vitis/RFsender_platform/hw/sender.xsa
TRACE::2026-08-04.22:02:26::SCWPlatform:: Unique name xilinx:zybo-z7-10::0.0
TRACE::2026-08-04.22:02:26::SCWPlatform::Trying to set the existing hwdb with name topSystem_10
TRACE::2026-08-04.22:02:26::SCWPlatform::Opened existing hwdb topSystem_10
TRACE::2026-08-04.22:02:26::SCWPlatform::Found the Hw Db part of the input DSA
TRACE::2026-08-04.22:02:26::SCWMssOS::Checking the sw design at  D:/Work/projects/zybo_z7_projects/DD_RF/vitis/RFsender_platform/zynq_fsbl/zynq_fsbl_bsp/system.mss
TRACE::2026-08-04.22:02:26::SCWMssOS::DEBUG:  swdes dump  D:/Work/projects/zybo_z7_projects/DD_RF/vitis/RFsender_platform/ps7_cortexa9_0/standalone_domain/bsp/system.mss|system_0||
D:/Work/projects/zybo_z7_projects/DD_RF/vitis/RFsender_platform/zynq_fsbl/zynq_fsbl_bsp/system.mss|system||

TRACE::2026-08-04.22:02:26::SCWMssOS::Sw design exists and opened at  D:/Work/projects/zybo_z7_projects/DD_RF/vitis/RFsender_platform/zynq_fsbl/zynq_fsbl_bsp/system.mss
TRACE::2026-08-04.22:02:26::SCWPlatform::Trying to open the hw design at D:/Work/projects/zybo_z7_projects/DD_RF/vitis/RFsender_platform/hw/sender.xsa
TRACE::2026-08-04.22:02:26::SCWPlatform::DSA given D:/Work/projects/zybo_z7_projects/DD_RF/vitis/RFsender_platform/hw/sender.xsa
TRACE::2026-08-04.22:02:26::SCWPlatform::DSA absoulate path D:/Work/projects/zybo_z7_projects/DD_RF/vitis/RFsender_platform/hw/sender.xsa
TRACE::2026-08-04.22:02:26::SCWPlatform::DSA directory D:/Work/projects/zybo_z7_projects/DD_RF/vitis/RFsender_platform/hw
TRACE::2026-08-04.22:02:26::SCWPlatform:: Platform Path D:/Work/projects/zybo_z7_projects/DD_RF/vitis/RFsender_platform/hw/sender.xsa
TRACE::2026-08-04.22:02:26::SCWPlatform:: Unique name xilinx:zybo-z7-10::0.0
TRACE::2026-08-04.22:02:26::SCWPlatform::Trying to set the existing hwdb with name topSystem_10
TRACE::2026-08-04.22:02:26::SCWPlatform::Opened existing hwdb topSystem_10
TRACE::2026-08-04.22:02:26::SCWPlatform::Found the Hw Db part of the input DSA
TRACE::2026-08-04.22:02:26::SCWMssOS::Checking the sw design at  D:/Work/projects/zybo_z7_projects/DD_RF/vitis/RFsender_platform/ps7_cortexa9_0/standalone_domain/bsp/system.mss
TRACE::2026-08-04.22:02:26::SCWMssOS::DEBUG:  swdes dump  D:/Work/projects/zybo_z7_projects/DD_RF/vitis/RFsender_platform/ps7_cortexa9_0/standalone_domain/bsp/system.mss|system_0||
D:/Work/projects/zybo_z7_projects/DD_RF/vitis/RFsender_platform/zynq_fsbl/zynq_fsbl_bsp/system.mss|system||

TRACE::2026-08-04.22:02:26::SCWMssOS::Sw design exists and opened at  D:/Work/projects/zybo_z7_projects/DD_RF/vitis/RFsender_platform/ps7_cortexa9_0/standalone_domain/bsp/system.mss
TRACE::2026-08-04.22:02:26::SCWWriter::formatted JSON is {
	"platformName":	"RFsender_platform",
	"sprVersion":	"2.0",
	"mode":	"gui",
	"dsaType":	"Fixed",
	"platformDesc":	"RFsender_platform",
	"platHandOff":	"D:/Work/projects/zybo_z7_projects/DD_RF/vivado/project_1/sender.xsa",
	"platIntHandOff":	"<platformDir>/hw/sender.xsa",
	"deviceType":	"zynq",
	"platIsPrebuiltAutogen":	"false",
	"platIsNoBootBsp":	"false",
	"hasFsblMakeHasChanges":	"false",
	"hasPmufwMakeHasChanges":	"false",
	"fsblExtraCompilerFlags":	"-MMD -MP       -mcpu=cortex-a9 -mfpu=vfpv3 -mfloat-abi=hard ",
	"platPreBuiltFlag":	false,
	"platformSamplesDir":	"",
	"platActiveSys":	"RFsender_platform",
	"systems":	[{
			"systemName":	"RFsender_platform",
			"systemDesc":	"RFsender_platform",
			"sysIsBootAutoGen":	"true",
			"systemDispName":	"RFsender_platform",
			"sysActiveDom":	"standalone_domain",
			"sysDefaultDom":	"standalone_domain",
			"domains":	[{
					"domainName":	"zynq_fsbl",
					"domainDispName":	"zynq_fsbl",
					"domainDesc":	"FSBL Application BSP - Auto Generated.",
					"processors":	"ps7_cortexa9_0",
					"os":	"standalone",
					"sdxOs":	"standalone",
					"debugEnable":	"",
					"domRuntimes":	["cpp"],
					"swRepo":	"",
					"mssOsVer":	"9.2",
					"mssFile":	"",
					"md5Digest":	"30215168a6860ec346c5df07b875ca91",
					"compatibleApp":	"zynq_fsbl",
					"domType":	"bootDomain",
					"arch":	"32-bit",
					"appSettings":	{
						"appCompilerFlags":	"",
						"appLinkerFlags":	""
					},
					"addedLibs":	["xilffs:5.3", "xilrsa:1.8"],
					"libOptions":	{
						"libsContainingOptions":	[]
					},
					"prebuiltLibs":	{
						"prebuiltIncPath":	[],
						"prebuiltLibPath":	[]
					},
					"isolation":	{
					}
				}, {
					"domainName":	"standalone_domain",
					"domainDispName":	"standalone on ps7_cortexa9_0",
					"domainDesc":	"standalone_domain",
					"processors":	"ps7_cortexa9_0",
					"os":	"standalone",
					"sdxOs":	"standalone",
					"qemuArgs":	"<platformDir>/resources/RFsender_platform/standalone_domain/qemu_args.txt",
					"qemuData":	"<platformDir>/resources/RFsender_platform/standalone_domain/qemu",
					"debugEnable":	"False",
					"domRuntimes":	["cpp"],
					"swRepo":	"",
					"mssOsVer":	"9.2",
					"mssFile":	"",
					"md5Digest":	"cdf1d043c3be5ad3d6f2b109f4a0d161",
					"compatibleApp":	"",
					"domType":	"mssDomain",
					"appSettings":	{
						"appCompilerFlags":	"",
						"appLinkerFlags":	""
					},
					"addedLibs":	["xilffs:5.3"],
					"libOptions":	{
						"libsContainingOptions":	[]
					},
					"prebuiltLibs":	{
						"prebuiltIncPath":	[],
						"prebuiltLibPath":	[]
					},
					"isolation":	{
					}
				}]
		}]
}
KEYINFO::2026-08-04.22:02:26::SCWPlatform::updated the xpfm file.
TRACE::2026-08-04.22:02:27::SCWPlatform::Trying to open the hw design at D:/Work/projects/zybo_z7_projects/DD_RF/vitis/RFsender_platform/hw/sender.xsa
TRACE::2026-08-04.22:02:27::SCWPlatform::DSA given D:/Work/projects/zybo_z7_projects/DD_RF/vitis/RFsender_platform/hw/sender.xsa
TRACE::2026-08-04.22:02:27::SCWPlatform::DSA absoulate path D:/Work/projects/zybo_z7_projects/DD_RF/vitis/RFsender_platform/hw/sender.xsa
TRACE::2026-08-04.22:02:27::SCWPlatform::DSA directory D:/Work/projects/zybo_z7_projects/DD_RF/vitis/RFsender_platform/hw
TRACE::2026-08-04.22:02:27::SCWPlatform:: Platform Path D:/Work/projects/zybo_z7_projects/DD_RF/vitis/RFsender_platform/hw/sender.xsa
TRACE::2026-08-04.22:02:27::SCWPlatform:: Unique name xilinx:zybo-z7-10::0.0
TRACE::2026-08-04.22:02:27::SCWPlatform::Trying to set the existing hwdb with name topSystem_10
TRACE::2026-08-04.22:02:27::SCWPlatform::Opened existing hwdb topSystem_10
TRACE::2026-08-04.22:02:27::SCWPlatform::Found the Hw Db part of the input DSA
TRACE::2026-08-04.22:02:27::SCWMssOS::Checking the sw design at  D:/Work/projects/zybo_z7_projects/DD_RF/vitis/RFsender_platform/ps7_cortexa9_0/standalone_domain/bsp/system.mss
TRACE::2026-08-04.22:02:27::SCWMssOS::DEBUG:  swdes dump  D:/Work/projects/zybo_z7_projects/DD_RF/vitis/RFsender_platform/ps7_cortexa9_0/standalone_domain/bsp/system.mss|system_0||
D:/Work/projects/zybo_z7_projects/DD_RF/vitis/RFsender_platform/zynq_fsbl/zynq_fsbl_bsp/system.mss|system||

TRACE::2026-08-04.22:02:27::SCWMssOS::Sw design exists and opened at  D:/Work/projects/zybo_z7_projects/DD_RF/vitis/RFsender_platform/ps7_cortexa9_0/standalone_domain/bsp/system.mss
TRACE::2026-08-04.22:33:06::SCWPlatform::Clearing the existing platform
TRACE::2026-08-04.22:33:06::SCWSystem::Clearing the existing sysconfig
TRACE::2026-08-04.22:33:06::SCWBDomain::clearing the fsbl build
TRACE::2026-08-04.22:33:06::SCWMssOS::Removing the swdes entry for  D:/Work/projects/zybo_z7_projects/DD_RF/vitis/RFsender_platform/zynq_fsbl/zynq_fsbl_bsp/system.mss
TRACE::2026-08-04.22:33:06::SCWMssOS::Removing the swdes entry for  D:/Work/projects/zybo_z7_projects/DD_RF/vitis/RFsender_platform/ps7_cortexa9_0/standalone_domain/bsp/system.mss
TRACE::2026-08-04.22:33:06::SCWSystem::Clearing the domains completed.
TRACE::2026-08-04.22:33:06::SCWPlatform::Clearing the opened hw db.
TRACE::2026-08-04.22:33:06::SCWPlatform::DSA given D:/Work/projects/zybo_z7_projects/DD_RF/vitis/RFsender_platform/hw/sender.xsa
TRACE::2026-08-04.22:33:06::SCWPlatform::DSA absoulate path D:/Work/projects/zybo_z7_projects/DD_RF/vitis/RFsender_platform/hw/sender.xsa
TRACE::2026-08-04.22:33:06::SCWPlatform:: Platform location is D:/Work/projects/zybo_z7_projects/DD_RF/vitis/RFsender_platform/hw
TRACE::2026-08-04.22:33:06::SCWPlatform:: Platform Path D:/Work/projects/zybo_z7_projects/DD_RF/vitis/RFsender_platform/hw/sender.xsa
TRACE::2026-08-04.22:33:06::SCWPlatform:: Unique name xilinx:zybo-z7-10::0.0
TRACE::2026-08-04.22:33:06::SCWPlatform::Removing the HwDB with name D:/Work/projects/zybo_z7_projects/DD_RF/vitis/RFsender_platform/hw/sender.xsa
TRACE::2026-08-04.22:33:06::SCWPlatform::Trying to open the hw design at D:/Work/projects/zybo_z7_projects/DD_RF/vitis/RFsender_platform/hw/sender.xsa
TRACE::2026-08-04.22:33:06::SCWPlatform::DSA given D:/Work/projects/zybo_z7_projects/DD_RF/vitis/RFsender_platform/hw/sender.xsa
TRACE::2026-08-04.22:33:06::SCWPlatform::DSA absoulate path D:/Work/projects/zybo_z7_projects/DD_RF/vitis/RFsender_platform/hw/sender.xsa
TRACE::2026-08-04.22:33:06::SCWPlatform::DSA directory D:/Work/projects/zybo_z7_projects/DD_RF/vitis/RFsender_platform/hw
TRACE::2026-08-04.22:33:06::SCWPlatform:: Platform Path D:/Work/projects/zybo_z7_projects/DD_RF/vitis/RFsender_platform/hw/sender.xsa
TRACE::2026-08-04.22:33:06::SCWPlatform:: Unique name xilinx:zybo-z7-10::0.0
TRACE::2026-08-04.22:33:06::SCWPlatform::Do not have an existing db opened. 
TRACE::2026-08-04.22:33:07::SCWPlatform::Opened new HwDB with name topSystem_12
TRACE::2026-08-04.22:33:07::SCWReader::Active system found as  RFsender_platform
TRACE::2026-08-04.22:33:07::SCWReader::Handling sysconfig RFsender_platform
TRACE::2026-08-04.22:33:07::SCWDomain::checking for install qemu data   : 
TRACE::2026-08-04.22:33:07::SCWDomain:: Using the QEMU Data from install at  : D:/Applications/Xilinx/Vitis/2024.2/data/emulation/platforms/zynq/sw/a9_standalone/qemu/
TRACE::2026-08-04.22:33:07::SCWDomain:: Using the QEMU args  from install at  : D:/Applications/Xilinx/Vitis/2024.2/data/emulation/platforms/zynq/sw/a9_standalone/qemu/qemu_args.txt
TRACE::2026-08-04.22:33:07::SCWPlatform::Trying to open the hw design at D:/Work/projects/zybo_z7_projects/DD_RF/vitis/RFsender_platform/hw/sender.xsa
TRACE::2026-08-04.22:33:07::SCWPlatform::DSA given D:/Work/projects/zybo_z7_projects/DD_RF/vitis/RFsender_platform/hw/sender.xsa
TRACE::2026-08-04.22:33:07::SCWPlatform::DSA absoulate path D:/Work/projects/zybo_z7_projects/DD_RF/vitis/RFsender_platform/hw/sender.xsa
TRACE::2026-08-04.22:33:07::SCWPlatform::DSA directory D:/Work/projects/zybo_z7_projects/DD_RF/vitis/RFsender_platform/hw
TRACE::2026-08-04.22:33:07::SCWPlatform:: Platform Path D:/Work/projects/zybo_z7_projects/DD_RF/vitis/RFsender_platform/hw/sender.xsa
TRACE::2026-08-04.22:33:07::SCWPlatform:: Unique name xilinx:zybo-z7-10::0.0
TRACE::2026-08-04.22:33:07::SCWPlatform::Trying to set the existing hwdb with name topSystem_12
TRACE::2026-08-04.22:33:07::SCWPlatform::Opened existing hwdb topSystem_12
TRACE::2026-08-04.22:33:07::SCWPlatform::Found the Hw Db part of the input DSA
TRACE::2026-08-04.22:33:07::SCWPlatform::Trying to open the hw design at D:/Work/projects/zybo_z7_projects/DD_RF/vitis/RFsender_platform/hw/sender.xsa
TRACE::2026-08-04.22:33:07::SCWPlatform::DSA given D:/Work/projects/zybo_z7_projects/DD_RF/vitis/RFsender_platform/hw/sender.xsa
TRACE::2026-08-04.22:33:07::SCWPlatform::DSA absoulate path D:/Work/projects/zybo_z7_projects/DD_RF/vitis/RFsender_platform/hw/sender.xsa
TRACE::2026-08-04.22:33:07::SCWPlatform::DSA directory D:/Work/projects/zybo_z7_projects/DD_RF/vitis/RFsender_platform/hw
TRACE::2026-08-04.22:33:07::SCWPlatform:: Platform Path D:/Work/projects/zybo_z7_projects/DD_RF/vitis/RFsender_platform/hw/sender.xsa
TRACE::2026-08-04.22:33:07::SCWPlatform:: Unique name xilinx:zybo-z7-10::0.0
TRACE::2026-08-04.22:33:07::SCWPlatform::Trying to set the existing hwdb with name topSystem_12
TRACE::2026-08-04.22:33:07::SCWPlatform::Opened existing hwdb topSystem_12
TRACE::2026-08-04.22:33:07::SCWPlatform::Found the Hw Db part of the input DSA
TRACE::2026-08-04.22:33:07::SCWPlatform::Trying to open the hw design at D:/Work/projects/zybo_z7_projects/DD_RF/vitis/RFsender_platform/hw/sender.xsa
TRACE::2026-08-04.22:33:07::SCWPlatform::DSA given D:/Work/projects/zybo_z7_projects/DD_RF/vitis/RFsender_platform/hw/sender.xsa
TRACE::2026-08-04.22:33:07::SCWPlatform::DSA absoulate path D:/Work/projects/zybo_z7_projects/DD_RF/vitis/RFsender_platform/hw/sender.xsa
TRACE::2026-08-04.22:33:07::SCWPlatform::DSA directory D:/Work/projects/zybo_z7_projects/DD_RF/vitis/RFsender_platform/hw
TRACE::2026-08-04.22:33:07::SCWPlatform:: Platform Path D:/Work/projects/zybo_z7_projects/DD_RF/vitis/RFsender_platform/hw/sender.xsa
TRACE::2026-08-04.22:33:07::SCWPlatform:: Unique name xilinx:zybo-z7-10::0.0
TRACE::2026-08-04.22:33:07::SCWPlatform::Trying to set the existing hwdb with name topSystem_12
TRACE::2026-08-04.22:33:07::SCWPlatform::Opened existing hwdb topSystem_12
TRACE::2026-08-04.22:33:07::SCWPlatform::Found the Hw Db part of the input DSA
TRACE::2026-08-04.22:33:07::SCWReader::Boot application domain added for zynq_fsbl
TRACE::2026-08-04.22:33:07::SCWPlatform::Trying to open the hw design at D:/Work/projects/zybo_z7_projects/DD_RF/vitis/RFsender_platform/hw/sender.xsa
TRACE::2026-08-04.22:33:07::SCWPlatform::DSA given D:/Work/projects/zybo_z7_projects/DD_RF/vitis/RFsender_platform/hw/sender.xsa
TRACE::2026-08-04.22:33:07::SCWPlatform::DSA absoulate path D:/Work/projects/zybo_z7_projects/DD_RF/vitis/RFsender_platform/hw/sender.xsa
TRACE::2026-08-04.22:33:07::SCWPlatform::DSA directory D:/Work/projects/zybo_z7_projects/DD_RF/vitis/RFsender_platform/hw
TRACE::2026-08-04.22:33:07::SCWPlatform:: Platform Path D:/Work/projects/zybo_z7_projects/DD_RF/vitis/RFsender_platform/hw/sender.xsa
TRACE::2026-08-04.22:33:07::SCWPlatform:: Unique name xilinx:zybo-z7-10::0.0
TRACE::2026-08-04.22:33:07::SCWPlatform::Trying to set the existing hwdb with name topSystem_12
TRACE::2026-08-04.22:33:07::SCWPlatform::Opened existing hwdb topSystem_12
TRACE::2026-08-04.22:33:07::SCWPlatform::Found the Hw Db part of the input DSA
TRACE::2026-08-04.22:33:07::SCWMssOS::Checking the sw design at  D:/Work/projects/zybo_z7_projects/DD_RF/vitis/RFsender_platform/zynq_fsbl/zynq_fsbl_bsp/system.mss
TRACE::2026-08-04.22:33:08::SCWMssOS::DEBUG:  swdes dump  
TRACE::2026-08-04.22:33:08::SCWMssOS::No sw design opened at  D:/Work/projects/zybo_z7_projects/DD_RF/vitis/RFsender_platform/zynq_fsbl/zynq_fsbl_bsp/system.mss
TRACE::2026-08-04.22:33:08::SCWMssOS::mss exists loading the mss file  D:/Work/projects/zybo_z7_projects/DD_RF/vitis/RFsender_platform/zynq_fsbl/zynq_fsbl_bsp/system.mss
TRACE::2026-08-04.22:33:08::SCWMssOS::Opened the sw design from mss  D:/Work/projects/zybo_z7_projects/DD_RF/vitis/RFsender_platform/zynq_fsbl/zynq_fsbl_bsp/system.mss
TRACE::2026-08-04.22:33:08::SCWMssOS::Adding the swdes entry D:/Work/projects/zybo_z7_projects/DD_RF/vitis/RFsender_platform/zynq_fsbl/zynq_fsbl_bsp/system.mss with des name system
TRACE::2026-08-04.22:33:08::SCWMssOS::updating the scw layer about changes
TRACE::2026-08-04.22:33:08::SCWMssOS::Opened the sw design.  D:/Work/projects/zybo_z7_projects/DD_RF/vitis/RFsender_platform/zynq_fsbl/zynq_fsbl_bsp/system.mss
TRACE::2026-08-04.22:33:08::SCWPlatform::Trying to open the hw design at D:/Work/projects/zybo_z7_projects/DD_RF/vitis/RFsender_platform/hw/sender.xsa
TRACE::2026-08-04.22:33:08::SCWPlatform::DSA given D:/Work/projects/zybo_z7_projects/DD_RF/vitis/RFsender_platform/hw/sender.xsa
TRACE::2026-08-04.22:33:08::SCWPlatform::DSA absoulate path D:/Work/projects/zybo_z7_projects/DD_RF/vitis/RFsender_platform/hw/sender.xsa
TRACE::2026-08-04.22:33:08::SCWPlatform::DSA directory D:/Work/projects/zybo_z7_projects/DD_RF/vitis/RFsender_platform/hw
TRACE::2026-08-04.22:33:08::SCWPlatform:: Platform Path D:/Work/projects/zybo_z7_projects/DD_RF/vitis/RFsender_platform/hw/sender.xsa
TRACE::2026-08-04.22:33:08::SCWPlatform:: Unique name xilinx:zybo-z7-10::0.0
TRACE::2026-08-04.22:33:08::SCWPlatform::Trying to set the existing hwdb with name topSystem_12
TRACE::2026-08-04.22:33:08::SCWPlatform::Opened existing hwdb topSystem_12
TRACE::2026-08-04.22:33:08::SCWPlatform::Found the Hw Db part of the input DSA
TRACE::2026-08-04.22:33:08::SCWMssOS::Checking the sw design at  D:/Work/projects/zybo_z7_projects/DD_RF/vitis/RFsender_platform/zynq_fsbl/zynq_fsbl_bsp/system.mss
TRACE::2026-08-04.22:33:08::SCWMssOS::DEBUG:  swdes dump  D:/Work/projects/zybo_z7_projects/DD_RF/vitis/RFsender_platform/zynq_fsbl/zynq_fsbl_bsp/system.mss|system||

TRACE::2026-08-04.22:33:08::SCWMssOS::Sw design exists and opened at  D:/Work/projects/zybo_z7_projects/DD_RF/vitis/RFsender_platform/zynq_fsbl/zynq_fsbl_bsp/system.mss
TRACE::2026-08-04.22:33:08::SCWMssOS:: library already available in sw design:  xilffs:5.3
TRACE::2026-08-04.22:33:08::SCWPlatform::Trying to open the hw design at D:/Work/projects/zybo_z7_projects/DD_RF/vitis/RFsender_platform/hw/sender.xsa
TRACE::2026-08-04.22:33:08::SCWPlatform::DSA given D:/Work/projects/zybo_z7_projects/DD_RF/vitis/RFsender_platform/hw/sender.xsa
TRACE::2026-08-04.22:33:08::SCWPlatform::DSA absoulate path D:/Work/projects/zybo_z7_projects/DD_RF/vitis/RFsender_platform/hw/sender.xsa
TRACE::2026-08-04.22:33:08::SCWPlatform::DSA directory D:/Work/projects/zybo_z7_projects/DD_RF/vitis/RFsender_platform/hw
TRACE::2026-08-04.22:33:08::SCWPlatform:: Platform Path D:/Work/projects/zybo_z7_projects/DD_RF/vitis/RFsender_platform/hw/sender.xsa
TRACE::2026-08-04.22:33:08::SCWPlatform:: Unique name xilinx:zybo-z7-10::0.0
TRACE::2026-08-04.22:33:08::SCWPlatform::Trying to set the existing hwdb with name topSystem_12
TRACE::2026-08-04.22:33:08::SCWPlatform::Opened existing hwdb topSystem_12
TRACE::2026-08-04.22:33:08::SCWPlatform::Found the Hw Db part of the input DSA
TRACE::2026-08-04.22:33:08::SCWMssOS::Checking the sw design at  D:/Work/projects/zybo_z7_projects/DD_RF/vitis/RFsender_platform/zynq_fsbl/zynq_fsbl_bsp/system.mss
TRACE::2026-08-04.22:33:08::SCWMssOS::DEBUG:  swdes dump  D:/Work/projects/zybo_z7_projects/DD_RF/vitis/RFsender_platform/zynq_fsbl/zynq_fsbl_bsp/system.mss|system||

TRACE::2026-08-04.22:33:08::SCWMssOS::Sw design exists and opened at  D:/Work/projects/zybo_z7_projects/DD_RF/vitis/RFsender_platform/zynq_fsbl/zynq_fsbl_bsp/system.mss
TRACE::2026-08-04.22:33:08::SCWMssOS:: library already available in sw design:  xilrsa:1.8
TRACE::2026-08-04.22:33:08::SCWMssOS::Saving the mss changes D:/Work/projects/zybo_z7_projects/DD_RF/vitis/RFsender_platform/zynq_fsbl/zynq_fsbl_bsp/system.mss
TRACE::2026-08-04.22:33:08::SCWMssOS::Found a swdesign opened with the mssfile.
TRACE::2026-08-04.22:33:08::SCWMssOS::Completed writemss as part of save.
TRACE::2026-08-04.22:33:08::SCWMssOS::Commit changes completed.
TRACE::2026-08-04.22:33:08::SCWReader::Adding prebuilt librarypaths as   
TRACE::2026-08-04.22:33:08::SCWReader::Adding prebuilt incpaths  as   
TRACE::2026-08-04.22:33:08::SCWPlatform::Trying to open the hw design at D:/Work/projects/zybo_z7_projects/DD_RF/vitis/RFsender_platform/hw/sender.xsa
TRACE::2026-08-04.22:33:08::SCWPlatform::DSA given D:/Work/projects/zybo_z7_projects/DD_RF/vitis/RFsender_platform/hw/sender.xsa
TRACE::2026-08-04.22:33:08::SCWPlatform::DSA absoulate path D:/Work/projects/zybo_z7_projects/DD_RF/vitis/RFsender_platform/hw/sender.xsa
TRACE::2026-08-04.22:33:08::SCWPlatform::DSA directory D:/Work/projects/zybo_z7_projects/DD_RF/vitis/RFsender_platform/hw
TRACE::2026-08-04.22:33:08::SCWPlatform:: Platform Path D:/Work/projects/zybo_z7_projects/DD_RF/vitis/RFsender_platform/hw/sender.xsa
TRACE::2026-08-04.22:33:08::SCWPlatform:: Unique name xilinx:zybo-z7-10::0.0
TRACE::2026-08-04.22:33:08::SCWPlatform::Trying to set the existing hwdb with name topSystem_12
TRACE::2026-08-04.22:33:08::SCWPlatform::Opened existing hwdb topSystem_12
TRACE::2026-08-04.22:33:08::SCWPlatform::Found the Hw Db part of the input DSA
TRACE::2026-08-04.22:33:08::SCWMssOS::Checking the sw design at  D:/Work/projects/zybo_z7_projects/DD_RF/vitis/RFsender_platform/zynq_fsbl/zynq_fsbl_bsp/system.mss
TRACE::2026-08-04.22:33:08::SCWMssOS::DEBUG:  swdes dump  D:/Work/projects/zybo_z7_projects/DD_RF/vitis/RFsender_platform/zynq_fsbl/zynq_fsbl_bsp/system.mss|system||

TRACE::2026-08-04.22:33:08::SCWMssOS::Sw design exists and opened at  D:/Work/projects/zybo_z7_projects/DD_RF/vitis/RFsender_platform/zynq_fsbl/zynq_fsbl_bsp/system.mss
TRACE::2026-08-04.22:33:08::SCWReader::No isolation master present  
TRACE::2026-08-04.22:33:08::SCWDomain::checking for install qemu data   : 
TRACE::2026-08-04.22:33:08::SCWDomain:: Using the QEMU Data from install at  : D:/Applications/Xilinx/Vitis/2024.2/data/emulation/platforms/zynq/sw/a9_standalone/qemu/
TRACE::2026-08-04.22:33:08::SCWDomain:: Using the QEMU args  from install at  : D:/Applications/Xilinx/Vitis/2024.2/data/emulation/platforms/zynq/sw/a9_standalone/qemu/qemu_args.txt
TRACE::2026-08-04.22:33:08::SCWPlatform::Trying to open the hw design at D:/Work/projects/zybo_z7_projects/DD_RF/vitis/RFsender_platform/hw/sender.xsa
TRACE::2026-08-04.22:33:08::SCWPlatform::DSA given D:/Work/projects/zybo_z7_projects/DD_RF/vitis/RFsender_platform/hw/sender.xsa
TRACE::2026-08-04.22:33:08::SCWPlatform::DSA absoulate path D:/Work/projects/zybo_z7_projects/DD_RF/vitis/RFsender_platform/hw/sender.xsa
TRACE::2026-08-04.22:33:08::SCWPlatform::DSA directory D:/Work/projects/zybo_z7_projects/DD_RF/vitis/RFsender_platform/hw
TRACE::2026-08-04.22:33:08::SCWPlatform:: Platform Path D:/Work/projects/zybo_z7_projects/DD_RF/vitis/RFsender_platform/hw/sender.xsa
TRACE::2026-08-04.22:33:08::SCWPlatform:: Unique name xilinx:zybo-z7-10::0.0
TRACE::2026-08-04.22:33:08::SCWPlatform::Trying to set the existing hwdb with name topSystem_12
TRACE::2026-08-04.22:33:08::SCWPlatform::Opened existing hwdb topSystem_12
TRACE::2026-08-04.22:33:08::SCWPlatform::Found the Hw Db part of the input DSA
TRACE::2026-08-04.22:33:08::SCWPlatform::Trying to open the hw design at D:/Work/projects/zybo_z7_projects/DD_RF/vitis/RFsender_platform/hw/sender.xsa
TRACE::2026-08-04.22:33:08::SCWPlatform::DSA given D:/Work/projects/zybo_z7_projects/DD_RF/vitis/RFsender_platform/hw/sender.xsa
TRACE::2026-08-04.22:33:08::SCWPlatform::DSA absoulate path D:/Work/projects/zybo_z7_projects/DD_RF/vitis/RFsender_platform/hw/sender.xsa
TRACE::2026-08-04.22:33:08::SCWPlatform::DSA directory D:/Work/projects/zybo_z7_projects/DD_RF/vitis/RFsender_platform/hw
TRACE::2026-08-04.22:33:08::SCWPlatform:: Platform Path D:/Work/projects/zybo_z7_projects/DD_RF/vitis/RFsender_platform/hw/sender.xsa
TRACE::2026-08-04.22:33:08::SCWPlatform:: Unique name xilinx:zybo-z7-10::0.0
TRACE::2026-08-04.22:33:08::SCWPlatform::Trying to set the existing hwdb with name topSystem_12
TRACE::2026-08-04.22:33:08::SCWPlatform::Opened existing hwdb topSystem_12
TRACE::2026-08-04.22:33:08::SCWPlatform::Found the Hw Db part of the input DSA
TRACE::2026-08-04.22:33:08::SCWPlatform::Trying to open the hw design at D:/Work/projects/zybo_z7_projects/DD_RF/vitis/RFsender_platform/hw/sender.xsa
TRACE::2026-08-04.22:33:08::SCWPlatform::DSA given D:/Work/projects/zybo_z7_projects/DD_RF/vitis/RFsender_platform/hw/sender.xsa
TRACE::2026-08-04.22:33:08::SCWPlatform::DSA absoulate path D:/Work/projects/zybo_z7_projects/DD_RF/vitis/RFsender_platform/hw/sender.xsa
TRACE::2026-08-04.22:33:08::SCWPlatform::DSA directory D:/Work/projects/zybo_z7_projects/DD_RF/vitis/RFsender_platform/hw
TRACE::2026-08-04.22:33:08::SCWPlatform:: Platform Path D:/Work/projects/zybo_z7_projects/DD_RF/vitis/RFsender_platform/hw/sender.xsa
TRACE::2026-08-04.22:33:08::SCWPlatform:: Unique name xilinx:zybo-z7-10::0.0
TRACE::2026-08-04.22:33:08::SCWPlatform::Trying to set the existing hwdb with name topSystem_12
TRACE::2026-08-04.22:33:08::SCWPlatform::Opened existing hwdb topSystem_12
TRACE::2026-08-04.22:33:08::SCWPlatform::Found the Hw Db part of the input DSA
TRACE::2026-08-04.22:33:08::SCWMssOS::Checking the sw design at  D:/Work/projects/zybo_z7_projects/DD_RF/vitis/RFsender_platform/ps7_cortexa9_0/standalone_domain/bsp/system.mss
TRACE::2026-08-04.22:33:08::SCWMssOS::DEBUG:  swdes dump  D:/Work/projects/zybo_z7_projects/DD_RF/vitis/RFsender_platform/zynq_fsbl/zynq_fsbl_bsp/system.mss|system||

TRACE::2026-08-04.22:33:08::SCWMssOS::No sw design opened at  D:/Work/projects/zybo_z7_projects/DD_RF/vitis/RFsender_platform/ps7_cortexa9_0/standalone_domain/bsp/system.mss
TRACE::2026-08-04.22:33:08::SCWMssOS::mss exists loading the mss file  D:/Work/projects/zybo_z7_projects/DD_RF/vitis/RFsender_platform/ps7_cortexa9_0/standalone_domain/bsp/system.mss
TRACE::2026-08-04.22:33:08::SCWMssOS::Opened the sw design from mss  D:/Work/projects/zybo_z7_projects/DD_RF/vitis/RFsender_platform/ps7_cortexa9_0/standalone_domain/bsp/system.mss
TRACE::2026-08-04.22:33:08::SCWMssOS::Adding the swdes entry D:/Work/projects/zybo_z7_projects/DD_RF/vitis/RFsender_platform/ps7_cortexa9_0/standalone_domain/bsp/system.mss with des name system_0
TRACE::2026-08-04.22:33:08::SCWMssOS::updating the scw layer about changes
TRACE::2026-08-04.22:33:08::SCWMssOS::Opened the sw design.  D:/Work/projects/zybo_z7_projects/DD_RF/vitis/RFsender_platform/ps7_cortexa9_0/standalone_domain/bsp/system.mss
TRACE::2026-08-04.22:33:08::SCWPlatform::Trying to open the hw design at D:/Work/projects/zybo_z7_projects/DD_RF/vitis/RFsender_platform/hw/sender.xsa
TRACE::2026-08-04.22:33:08::SCWPlatform::DSA given D:/Work/projects/zybo_z7_projects/DD_RF/vitis/RFsender_platform/hw/sender.xsa
TRACE::2026-08-04.22:33:08::SCWPlatform::DSA absoulate path D:/Work/projects/zybo_z7_projects/DD_RF/vitis/RFsender_platform/hw/sender.xsa
TRACE::2026-08-04.22:33:08::SCWPlatform::DSA directory D:/Work/projects/zybo_z7_projects/DD_RF/vitis/RFsender_platform/hw
TRACE::2026-08-04.22:33:08::SCWPlatform:: Platform Path D:/Work/projects/zybo_z7_projects/DD_RF/vitis/RFsender_platform/hw/sender.xsa
TRACE::2026-08-04.22:33:08::SCWPlatform:: Unique name xilinx:zybo-z7-10::0.0
TRACE::2026-08-04.22:33:08::SCWPlatform::Trying to set the existing hwdb with name topSystem_12
TRACE::2026-08-04.22:33:08::SCWPlatform::Opened existing hwdb topSystem_12
TRACE::2026-08-04.22:33:08::SCWPlatform::Found the Hw Db part of the input DSA
TRACE::2026-08-04.22:33:08::SCWMssOS::Checking the sw design at  D:/Work/projects/zybo_z7_projects/DD_RF/vitis/RFsender_platform/ps7_cortexa9_0/standalone_domain/bsp/system.mss
TRACE::2026-08-04.22:33:08::SCWMssOS::DEBUG:  swdes dump  D:/Work/projects/zybo_z7_projects/DD_RF/vitis/RFsender_platform/ps7_cortexa9_0/standalone_domain/bsp/system.mss|system_0||
D:/Work/projects/zybo_z7_projects/DD_RF/vitis/RFsender_platform/zynq_fsbl/zynq_fsbl_bsp/system.mss|system||

TRACE::2026-08-04.22:33:08::SCWMssOS::Sw design exists and opened at  D:/Work/projects/zybo_z7_projects/DD_RF/vitis/RFsender_platform/ps7_cortexa9_0/standalone_domain/bsp/system.mss
TRACE::2026-08-04.22:33:08::SCWMssOS:: library already available in sw design:  xilffs:5.3
TRACE::2026-08-04.22:33:08::SCWMssOS::Saving the mss changes D:/Work/projects/zybo_z7_projects/DD_RF/vitis/RFsender_platform/ps7_cortexa9_0/standalone_domain/bsp/system.mss
TRACE::2026-08-04.22:33:08::SCWMssOS::Found a swdesign opened with the mssfile.
TRACE::2026-08-04.22:33:08::SCWMssOS::Completed writemss as part of save.
TRACE::2026-08-04.22:33:08::SCWMssOS::Commit changes completed.
TRACE::2026-08-04.22:33:08::SCWReader::Adding prebuilt librarypaths as   
TRACE::2026-08-04.22:33:08::SCWReader::Adding prebuilt incpaths  as   
TRACE::2026-08-04.22:33:08::SCWPlatform::Trying to open the hw design at D:/Work/projects/zybo_z7_projects/DD_RF/vitis/RFsender_platform/hw/sender.xsa
TRACE::2026-08-04.22:33:08::SCWPlatform::DSA given D:/Work/projects/zybo_z7_projects/DD_RF/vitis/RFsender_platform/hw/sender.xsa
TRACE::2026-08-04.22:33:08::SCWPlatform::DSA absoulate path D:/Work/projects/zybo_z7_projects/DD_RF/vitis/RFsender_platform/hw/sender.xsa
TRACE::2026-08-04.22:33:08::SCWPlatform::DSA directory D:/Work/projects/zybo_z7_projects/DD_RF/vitis/RFsender_platform/hw
TRACE::2026-08-04.22:33:08::SCWPlatform:: Platform Path D:/Work/projects/zybo_z7_projects/DD_RF/vitis/RFsender_platform/hw/sender.xsa
TRACE::2026-08-04.22:33:08::SCWPlatform:: Unique name xilinx:zybo-z7-10::0.0
TRACE::2026-08-04.22:33:08::SCWPlatform::Trying to set the existing hwdb with name topSystem_12
TRACE::2026-08-04.22:33:08::SCWPlatform::Opened existing hwdb topSystem_12
TRACE::2026-08-04.22:33:08::SCWPlatform::Found the Hw Db part of the input DSA
TRACE::2026-08-04.22:33:08::SCWMssOS::Checking the sw design at  D:/Work/projects/zybo_z7_projects/DD_RF/vitis/RFsender_platform/ps7_cortexa9_0/standalone_domain/bsp/system.mss
TRACE::2026-08-04.22:33:08::SCWMssOS::DEBUG:  swdes dump  D:/Work/projects/zybo_z7_projects/DD_RF/vitis/RFsender_platform/ps7_cortexa9_0/standalone_domain/bsp/system.mss|system_0||
D:/Work/projects/zybo_z7_projects/DD_RF/vitis/RFsender_platform/zynq_fsbl/zynq_fsbl_bsp/system.mss|system||

TRACE::2026-08-04.22:33:08::SCWMssOS::Sw design exists and opened at  D:/Work/projects/zybo_z7_projects/DD_RF/vitis/RFsender_platform/ps7_cortexa9_0/standalone_domain/bsp/system.mss
TRACE::2026-08-04.22:33:08::SCWReader::No isolation master present  
TRACE::2026-08-04.22:33:13::SCWPlatform::DSA given D:/Work/projects/zybo_z7_projects/DD_RF/vitis/RFsender_platform/tempdsa/fullsender.xsa
TRACE::2026-08-04.22:33:13::SCWPlatform::DSA absoulate path D:/Work/projects/zybo_z7_projects/DD_RF/vitis/RFsender_platform/tempdsa/fullsender.xsa
TRACE::2026-08-04.22:33:13::SCWPlatform:: Platform location is D:/Work/projects/zybo_z7_projects/DD_RF/vitis/RFsender_platform/tempdsa
TRACE::2026-08-04.22:33:13::SCWPlatform:: Platform Path D:/Work/projects/zybo_z7_projects/DD_RF/vitis/RFsender_platform/tempdsa/fullsender.xsa
TRACE::2026-08-04.22:33:13::SCWPlatform:: Unique name xilinx:zybo-z7-10::0.0
TRACE::2026-08-04.22:33:15::SCWPlatform::Found the Hw Db part of the input DSA
TRACE::2026-08-04.22:33:15::SCWMssOS::Doing hw sync for the mss in domain: zynq_fsbl
TRACE::2026-08-04.22:33:15::SCWPlatform::Trying to open the hw design at D:/Work/projects/zybo_z7_projects/DD_RF/vitis/RFsender_platform/hw/sender.xsa
TRACE::2026-08-04.22:33:15::SCWPlatform::DSA given D:/Work/projects/zybo_z7_projects/DD_RF/vitis/RFsender_platform/hw/sender.xsa
TRACE::2026-08-04.22:33:15::SCWPlatform::DSA absoulate path D:/Work/projects/zybo_z7_projects/DD_RF/vitis/RFsender_platform/hw/sender.xsa
TRACE::2026-08-04.22:33:15::SCWPlatform::DSA directory D:/Work/projects/zybo_z7_projects/DD_RF/vitis/RFsender_platform/hw
TRACE::2026-08-04.22:33:15::SCWPlatform:: Platform Path D:/Work/projects/zybo_z7_projects/DD_RF/vitis/RFsender_platform/hw/sender.xsa
TRACE::2026-08-04.22:33:15::SCWPlatform:: Unique name xilinx:zybo-z7-10::0.0
TRACE::2026-08-04.22:33:15::SCWPlatform::Trying to set the existing hwdb with name topSystem_12
TRACE::2026-08-04.22:33:15::SCWPlatform::Opened existing hwdb topSystem_12
TRACE::2026-08-04.22:33:15::SCWPlatform::Found the Hw Db part of the input DSA
TRACE::2026-08-04.22:33:15::SCWPlatform::Trying to open the hw design at D:/Work/projects/zybo_z7_projects/DD_RF/vitis/RFsender_platform/hw/sender.xsa
TRACE::2026-08-04.22:33:15::SCWPlatform::DSA given D:/Work/projects/zybo_z7_projects/DD_RF/vitis/RFsender_platform/hw/sender.xsa
TRACE::2026-08-04.22:33:15::SCWPlatform::DSA absoulate path D:/Work/projects/zybo_z7_projects/DD_RF/vitis/RFsender_platform/hw/sender.xsa
TRACE::2026-08-04.22:33:15::SCWPlatform::DSA directory D:/Work/projects/zybo_z7_projects/DD_RF/vitis/RFsender_platform/hw
TRACE::2026-08-04.22:33:15::SCWPlatform:: Platform Path D:/Work/projects/zybo_z7_projects/DD_RF/vitis/RFsender_platform/hw/sender.xsa
TRACE::2026-08-04.22:33:15::SCWPlatform:: Unique name xilinx:zybo-z7-10::0.0
TRACE::2026-08-04.22:33:15::SCWPlatform::Trying to set the existing hwdb with name topSystem_12
TRACE::2026-08-04.22:33:15::SCWPlatform::Opened existing hwdb topSystem_12
TRACE::2026-08-04.22:33:15::SCWPlatform::Found the Hw Db part of the input DSA
TRACE::2026-08-04.22:33:15::SCWMssOS::Checking the sw design at  D:/Work/projects/zybo_z7_projects/DD_RF/vitis/RFsender_platform/zynq_fsbl/zynq_fsbl_bsp/system.mss
TRACE::2026-08-04.22:33:15::SCWMssOS::DEBUG:  swdes dump  D:/Work/projects/zybo_z7_projects/DD_RF/vitis/RFsender_platform/ps7_cortexa9_0/standalone_domain/bsp/system.mss|system_0||
D:/Work/projects/zybo_z7_projects/DD_RF/vitis/RFsender_platform/zynq_fsbl/zynq_fsbl_bsp/system.mss|system||

TRACE::2026-08-04.22:33:15::SCWMssOS::Sw design exists and opened at  D:/Work/projects/zybo_z7_projects/DD_RF/vitis/RFsender_platform/zynq_fsbl/zynq_fsbl_bsp/system.mss
TRACE::2026-08-04.22:33:15::SCWPlatform::Trying to open the hw design at D:/Work/projects/zybo_z7_projects/DD_RF/vitis/RFsender_platform/tempdsa/fullsender.xsa
TRACE::2026-08-04.22:33:15::SCWPlatform::DSA given D:/Work/projects/zybo_z7_projects/DD_RF/vitis/RFsender_platform/tempdsa/fullsender.xsa
TRACE::2026-08-04.22:33:15::SCWPlatform::DSA absoulate path D:/Work/projects/zybo_z7_projects/DD_RF/vitis/RFsender_platform/tempdsa/fullsender.xsa
TRACE::2026-08-04.22:33:15::SCWPlatform::DSA directory D:/Work/projects/zybo_z7_projects/DD_RF/vitis/RFsender_platform/tempdsa
TRACE::2026-08-04.22:33:15::SCWPlatform:: Platform Path D:/Work/projects/zybo_z7_projects/DD_RF/vitis/RFsender_platform/tempdsa/fullsender.xsa
TRACE::2026-08-04.22:33:15::SCWPlatform:: Unique name xilinx:zybo-z7-10::0.0
TRACE::2026-08-04.22:33:15::SCWPlatform::update - Opened existing hwdb topSystem_13
TRACE::2026-08-04.22:33:15::SCWPlatform::Found the Hw Db part of the input DSA
TRACE::2026-08-04.22:33:15::SCWMssOS::Doing hw sync for the mss in domain: standalone_domain
TRACE::2026-08-04.22:33:15::SCWPlatform::Trying to open the hw design at D:/Work/projects/zybo_z7_projects/DD_RF/vitis/RFsender_platform/hw/sender.xsa
TRACE::2026-08-04.22:33:15::SCWPlatform::DSA given D:/Work/projects/zybo_z7_projects/DD_RF/vitis/RFsender_platform/hw/sender.xsa
TRACE::2026-08-04.22:33:15::SCWPlatform::DSA absoulate path D:/Work/projects/zybo_z7_projects/DD_RF/vitis/RFsender_platform/hw/sender.xsa
TRACE::2026-08-04.22:33:15::SCWPlatform::DSA directory D:/Work/projects/zybo_z7_projects/DD_RF/vitis/RFsender_platform/hw
TRACE::2026-08-04.22:33:15::SCWPlatform:: Platform Path D:/Work/projects/zybo_z7_projects/DD_RF/vitis/RFsender_platform/hw/sender.xsa
TRACE::2026-08-04.22:33:15::SCWPlatform:: Unique name xilinx:zybo-z7-10::0.0
TRACE::2026-08-04.22:33:15::SCWPlatform::Trying to set the existing hwdb with name topSystem_12
TRACE::2026-08-04.22:33:15::SCWPlatform::Opened existing hwdb topSystem_12
TRACE::2026-08-04.22:33:15::SCWPlatform::Found the Hw Db part of the input DSA
TRACE::2026-08-04.22:33:15::SCWPlatform::Trying to open the hw design at D:/Work/projects/zybo_z7_projects/DD_RF/vitis/RFsender_platform/hw/sender.xsa
TRACE::2026-08-04.22:33:15::SCWPlatform::DSA given D:/Work/projects/zybo_z7_projects/DD_RF/vitis/RFsender_platform/hw/sender.xsa
TRACE::2026-08-04.22:33:15::SCWPlatform::DSA absoulate path D:/Work/projects/zybo_z7_projects/DD_RF/vitis/RFsender_platform/hw/sender.xsa
TRACE::2026-08-04.22:33:15::SCWPlatform::DSA directory D:/Work/projects/zybo_z7_projects/DD_RF/vitis/RFsender_platform/hw
TRACE::2026-08-04.22:33:15::SCWPlatform:: Platform Path D:/Work/projects/zybo_z7_projects/DD_RF/vitis/RFsender_platform/hw/sender.xsa
TRACE::2026-08-04.22:33:15::SCWPlatform:: Unique name xilinx:zybo-z7-10::0.0
TRACE::2026-08-04.22:33:15::SCWPlatform::Trying to set the existing hwdb with name topSystem_12
TRACE::2026-08-04.22:33:15::SCWPlatform::Opened existing hwdb topSystem_12
TRACE::2026-08-04.22:33:15::SCWPlatform::Found the Hw Db part of the input DSA
TRACE::2026-08-04.22:33:15::SCWMssOS::Checking the sw design at  D:/Work/projects/zybo_z7_projects/DD_RF/vitis/RFsender_platform/ps7_cortexa9_0/standalone_domain/bsp/system.mss
TRACE::2026-08-04.22:33:15::SCWMssOS::DEBUG:  swdes dump  D:/Work/projects/zybo_z7_projects/DD_RF/vitis/RFsender_platform/ps7_cortexa9_0/standalone_domain/bsp/system.mss|system_0||
D:/Work/projects/zybo_z7_projects/DD_RF/vitis/RFsender_platform/zynq_fsbl/zynq_fsbl_bsp/system.mss|system||

TRACE::2026-08-04.22:33:15::SCWMssOS::Sw design exists and opened at  D:/Work/projects/zybo_z7_projects/DD_RF/vitis/RFsender_platform/ps7_cortexa9_0/standalone_domain/bsp/system.mss
TRACE::2026-08-04.22:33:15::SCWPlatform::Trying to open the hw design at D:/Work/projects/zybo_z7_projects/DD_RF/vitis/RFsender_platform/tempdsa/fullsender.xsa
TRACE::2026-08-04.22:33:15::SCWPlatform::DSA given D:/Work/projects/zybo_z7_projects/DD_RF/vitis/RFsender_platform/tempdsa/fullsender.xsa
TRACE::2026-08-04.22:33:15::SCWPlatform::DSA absoulate path D:/Work/projects/zybo_z7_projects/DD_RF/vitis/RFsender_platform/tempdsa/fullsender.xsa
TRACE::2026-08-04.22:33:15::SCWPlatform::DSA directory D:/Work/projects/zybo_z7_projects/DD_RF/vitis/RFsender_platform/tempdsa
TRACE::2026-08-04.22:33:15::SCWPlatform:: Platform Path D:/Work/projects/zybo_z7_projects/DD_RF/vitis/RFsender_platform/tempdsa/fullsender.xsa
TRACE::2026-08-04.22:33:15::SCWPlatform:: Unique name xilinx:zybo-z7-10::0.0
TRACE::2026-08-04.22:33:15::SCWPlatform::update - Opened existing hwdb topSystem_13
TRACE::2026-08-04.22:33:15::SCWPlatform::Found the Hw Db part of the input DSA
TRACE::2026-08-04.22:33:15::SCWMssOS::Saving the mss changes D:/Work/projects/zybo_z7_projects/DD_RF/vitis/RFsender_platform/zynq_fsbl/zynq_fsbl_bsp/system.mss
TRACE::2026-08-04.22:33:15::SCWMssOS::Found a swdesign opened with the mssfile.
TRACE::2026-08-04.22:33:15::SCWMssOS::Completed writemss as part of save.
TRACE::2026-08-04.22:33:15::SCWMssOS::Commit changes completed.
TRACE::2026-08-04.22:33:15::SCWMssOS::Completed hw sync for the mss in domain: zynq_fsbl
TRACE::2026-08-04.22:33:15::SCWMssOS::Removing the swdes entry for  D:/Work/projects/zybo_z7_projects/DD_RF/vitis/RFsender_platform/zynq_fsbl/zynq_fsbl_bsp/system.mss
TRACE::2026-08-04.22:33:15::SCWMssOS::Saving the mss changes D:/Work/projects/zybo_z7_projects/DD_RF/vitis/RFsender_platform/ps7_cortexa9_0/standalone_domain/bsp/system.mss
TRACE::2026-08-04.22:33:15::SCWMssOS::Found a swdesign opened with the mssfile.
TRACE::2026-08-04.22:33:15::SCWMssOS::Completed writemss as part of save.
TRACE::2026-08-04.22:33:15::SCWMssOS::Commit changes completed.
TRACE::2026-08-04.22:33:15::SCWMssOS::Completed hw sync for the mss in domain: standalone_domain
TRACE::2026-08-04.22:33:15::SCWMssOS::Removing the swdes entry for  D:/Work/projects/zybo_z7_projects/DD_RF/vitis/RFsender_platform/ps7_cortexa9_0/standalone_domain/bsp/system.mss
TRACE::2026-08-04.22:33:15::SCWPlatform::Trying to open the hw design at D:/Work/projects/zybo_z7_projects/DD_RF/vitis/RFsender_platform/hw/fullsender.xsa
TRACE::2026-08-04.22:33:15::SCWPlatform::DSA given D:/Work/projects/zybo_z7_projects/DD_RF/vitis/RFsender_platform/hw/fullsender.xsa
TRACE::2026-08-04.22:33:15::SCWPlatform::DSA absoulate path D:/Work/projects/zybo_z7_projects/DD_RF/vitis/RFsender_platform/hw/fullsender.xsa
TRACE::2026-08-04.22:33:15::SCWPlatform::DSA directory D:/Work/projects/zybo_z7_projects/DD_RF/vitis/RFsender_platform/hw
TRACE::2026-08-04.22:33:15::SCWPlatform:: Platform Path D:/Work/projects/zybo_z7_projects/DD_RF/vitis/RFsender_platform/hw/fullsender.xsa
TRACE::2026-08-04.22:33:15::SCWPlatform:: Unique name xilinx:zybo-z7-10::0.0
TRACE::2026-08-04.22:33:15::SCWPlatform::Do not have an existing db opened. 
TRACE::2026-08-04.22:33:18::SCWPlatform::Opened new HwDB with name topSystem_14
TRACE::2026-08-04.22:33:18::SCWMssOS::Saving the mss changes D:/Work/projects/zybo_z7_projects/DD_RF/vitis/RFsender_platform/zynq_fsbl/zynq_fsbl_bsp/system.mss
TRACE::2026-08-04.22:33:18::SCWMssOS::Adding the swdes entry, mss present, able to open swdb D:/Work/projects/zybo_z7_projects/DD_RF/vitis/RFsender_platform/zynq_fsbl/zynq_fsbl_bsp/system.mss with des name system
TRACE::2026-08-04.22:33:18::SCWMssOS::Writing the mss file completed D:/Work/projects/zybo_z7_projects/DD_RF/vitis/RFsender_platform/zynq_fsbl/zynq_fsbl_bsp/system.mss
TRACE::2026-08-04.22:33:18::SCWMssOS::Commit changes completed.
TRACE::2026-08-04.22:33:18::SCWMssOS::Saving the mss changes D:/Work/projects/zybo_z7_projects/DD_RF/vitis/RFsender_platform/ps7_cortexa9_0/standalone_domain/bsp/system.mss
TRACE::2026-08-04.22:33:18::SCWMssOS::Adding the swdes entry, mss present, able to open swdb D:/Work/projects/zybo_z7_projects/DD_RF/vitis/RFsender_platform/ps7_cortexa9_0/standalone_domain/bsp/system.mss with des name system_0
TRACE::2026-08-04.22:33:18::SCWMssOS::Writing the mss file completed D:/Work/projects/zybo_z7_projects/DD_RF/vitis/RFsender_platform/ps7_cortexa9_0/standalone_domain/bsp/system.mss
TRACE::2026-08-04.22:33:18::SCWMssOS::Commit changes completed.
TRACE::2026-08-04.22:33:18::SCWPlatform::Trying to open the hw design at D:/Work/projects/zybo_z7_projects/DD_RF/vitis/RFsender_platform/hw/fullsender.xsa
TRACE::2026-08-04.22:33:18::SCWPlatform::DSA given D:/Work/projects/zybo_z7_projects/DD_RF/vitis/RFsender_platform/hw/fullsender.xsa
TRACE::2026-08-04.22:33:18::SCWPlatform::DSA absoulate path D:/Work/projects/zybo_z7_projects/DD_RF/vitis/RFsender_platform/hw/fullsender.xsa
TRACE::2026-08-04.22:33:18::SCWPlatform::DSA directory D:/Work/projects/zybo_z7_projects/DD_RF/vitis/RFsender_platform/hw
TRACE::2026-08-04.22:33:18::SCWPlatform:: Platform Path D:/Work/projects/zybo_z7_projects/DD_RF/vitis/RFsender_platform/hw/fullsender.xsa
TRACE::2026-08-04.22:33:18::SCWPlatform:: Unique name xilinx:zybo-z7-10::0.0
TRACE::2026-08-04.22:33:18::SCWPlatform::Trying to set the existing hwdb with name topSystem_14
TRACE::2026-08-04.22:33:18::SCWPlatform::Opened existing hwdb topSystem_14
TRACE::2026-08-04.22:33:18::SCWPlatform::Found the Hw Db part of the input DSA
TRACE::2026-08-04.22:33:18::SCWMssOS::Checking the sw design at  D:/Work/projects/zybo_z7_projects/DD_RF/vitis/RFsender_platform/zynq_fsbl/zynq_fsbl_bsp/system.mss
TRACE::2026-08-04.22:33:18::SCWMssOS::DEBUG:  swdes dump  D:/Work/projects/zybo_z7_projects/DD_RF/vitis/RFsender_platform/ps7_cortexa9_0/standalone_domain/bsp/system.mss|system_0||
D:/Work/projects/zybo_z7_projects/DD_RF/vitis/RFsender_platform/zynq_fsbl/zynq_fsbl_bsp/system.mss|system||

TRACE::2026-08-04.22:33:18::SCWMssOS::Sw design exists and opened at  D:/Work/projects/zybo_z7_projects/DD_RF/vitis/RFsender_platform/zynq_fsbl/zynq_fsbl_bsp/system.mss
TRACE::2026-08-04.22:33:18::SCWPlatform::Trying to open the hw design at D:/Work/projects/zybo_z7_projects/DD_RF/vitis/RFsender_platform/hw/fullsender.xsa
TRACE::2026-08-04.22:33:18::SCWPlatform::DSA given D:/Work/projects/zybo_z7_projects/DD_RF/vitis/RFsender_platform/hw/fullsender.xsa
TRACE::2026-08-04.22:33:18::SCWPlatform::DSA absoulate path D:/Work/projects/zybo_z7_projects/DD_RF/vitis/RFsender_platform/hw/fullsender.xsa
TRACE::2026-08-04.22:33:18::SCWPlatform::DSA directory D:/Work/projects/zybo_z7_projects/DD_RF/vitis/RFsender_platform/hw
TRACE::2026-08-04.22:33:18::SCWPlatform:: Platform Path D:/Work/projects/zybo_z7_projects/DD_RF/vitis/RFsender_platform/hw/fullsender.xsa
TRACE::2026-08-04.22:33:18::SCWPlatform:: Unique name xilinx:zybo-z7-10::0.0
TRACE::2026-08-04.22:33:18::SCWPlatform::Trying to set the existing hwdb with name topSystem_14
TRACE::2026-08-04.22:33:18::SCWPlatform::Opened existing hwdb topSystem_14
TRACE::2026-08-04.22:33:18::SCWPlatform::Found the Hw Db part of the input DSA
TRACE::2026-08-04.22:33:18::SCWMssOS::Checking the sw design at  D:/Work/projects/zybo_z7_projects/DD_RF/vitis/RFsender_platform/ps7_cortexa9_0/standalone_domain/bsp/system.mss
TRACE::2026-08-04.22:33:18::SCWMssOS::DEBUG:  swdes dump  D:/Work/projects/zybo_z7_projects/DD_RF/vitis/RFsender_platform/ps7_cortexa9_0/standalone_domain/bsp/system.mss|system_0||
D:/Work/projects/zybo_z7_projects/DD_RF/vitis/RFsender_platform/zynq_fsbl/zynq_fsbl_bsp/system.mss|system||

TRACE::2026-08-04.22:33:18::SCWMssOS::Sw design exists and opened at  D:/Work/projects/zybo_z7_projects/DD_RF/vitis/RFsender_platform/ps7_cortexa9_0/standalone_domain/bsp/system.mss
TRACE::2026-08-04.22:33:18::SCWWriter::formatted JSON is {
	"platformName":	"RFsender_platform",
	"sprVersion":	"2.0",
	"mode":	"gui",
	"dsaType":	"Fixed",
	"platformDesc":	"RFsender_platform",
	"platHandOff":	"D:/Work/projects/zybo_z7_projects/DD_RF/vivado/project_1/fullsender.xsa",
	"platIntHandOff":	"<platformDir>/hw/fullsender.xsa",
	"deviceType":	"zynq",
	"platIsPrebuiltAutogen":	"false",
	"platIsNoBootBsp":	"false",
	"hasFsblMakeHasChanges":	"false",
	"hasPmufwMakeHasChanges":	"false",
	"fsblExtraCompilerFlags":	"-MMD -MP       -mcpu=cortex-a9 -mfpu=vfpv3 -mfloat-abi=hard ",
	"platPreBuiltFlag":	false,
	"platformSamplesDir":	"",
	"platActiveSys":	"RFsender_platform",
	"systems":	[{
			"systemName":	"RFsender_platform",
			"systemDesc":	"RFsender_platform",
			"sysIsBootAutoGen":	"true",
			"systemDispName":	"RFsender_platform",
			"sysActiveDom":	"standalone_domain",
			"sysDefaultDom":	"standalone_domain",
			"domains":	[{
					"domainName":	"zynq_fsbl",
					"domainDispName":	"zynq_fsbl",
					"domainDesc":	"FSBL Application BSP - Auto Generated.",
					"processors":	"ps7_cortexa9_0",
					"os":	"standalone",
					"sdxOs":	"standalone",
					"debugEnable":	"",
					"domRuntimes":	["cpp"],
					"swRepo":	"",
					"mssOsVer":	"9.2",
					"mssFile":	"",
					"md5Digest":	"30215168a6860ec346c5df07b875ca911",
					"compatibleApp":	"zynq_fsbl",
					"domType":	"bootDomain",
					"arch":	"32-bit",
					"appSettings":	{
						"appCompilerFlags":	"",
						"appLinkerFlags":	""
					},
					"addedLibs":	["xilffs:5.3", "xilrsa:1.8"],
					"libOptions":	{
						"libsContainingOptions":	[]
					},
					"prebuiltLibs":	{
						"prebuiltIncPath":	[],
						"prebuiltLibPath":	[]
					},
					"isolation":	{
					}
				}, {
					"domainName":	"standalone_domain",
					"domainDispName":	"standalone on ps7_cortexa9_0",
					"domainDesc":	"standalone_domain",
					"processors":	"ps7_cortexa9_0",
					"os":	"standalone",
					"sdxOs":	"standalone",
					"qemuArgs":	"<platformDir>/resources/RFsender_platform/standalone_domain/qemu_args.txt",
					"qemuData":	"<platformDir>/resources/RFsender_platform/standalone_domain/qemu",
					"debugEnable":	"False",
					"domRuntimes":	["cpp"],
					"swRepo":	"",
					"mssOsVer":	"9.2",
					"mssFile":	"",
					"md5Digest":	"cdf1d043c3be5ad3d6f2b109f4a0d1611",
					"compatibleApp":	"",
					"domType":	"mssDomain",
					"appSettings":	{
						"appCompilerFlags":	"",
						"appLinkerFlags":	""
					},
					"addedLibs":	["xilffs:5.3"],
					"libOptions":	{
						"libsContainingOptions":	[]
					},
					"prebuiltLibs":	{
						"prebuiltIncPath":	[],
						"prebuiltLibPath":	[]
					},
					"isolation":	{
					}
				}]
		}]
}
LOG::2026-08-04.22:33:32::SCWPlatform::Started generating the artifacts platform RFsender_platform
TRACE::2026-08-04.22:33:32::SCWPlatform::Sanity checking of platform is completed
LOG::2026-08-04.22:33:32::SCWPlatform::Started generating the artifacts for system configuration RFsender_platform
LOG::2026-08-04.22:33:32::SCWSystem::Checking the domain zynq_fsbl
LOG::2026-08-04.22:33:32::SCWSystem::Doing application build for :  zynq_fsbl
TRACE::2026-08-04.22:33:32::SCWBDomain::Not a forced makefile updation, No changes are present. 
TRACE::2026-08-04.22:33:32::SCWDomain::Skipping the build for domain :  zynq_fsbl
LOG::2026-08-04.22:33:32::SCWSystem::Checking the domain standalone_domain
LOG::2026-08-04.22:33:32::SCWSystem::Not a boot domain 
LOG::2026-08-04.22:33:33::SCWSystem::Started Processing the domain standalone_domain
TRACE::2026-08-04.22:33:33::SCWDomain::Generating domain artifcats
TRACE::2026-08-04.22:33:33::SCWMssOS::Generating standalone artifcats
TRACE::2026-08-04.22:33:33::SCWMssOS::Copying the qemu file from  D:/Work/projects/zybo_z7_projects/DD_RF/vitis/RFsender_platform/resources/RFsender_platform/standalone_domain/qemu_args.txt To D:/Work/projects/zybo_z7_projects/DD_RF/vitis/RFsender_platform/export/RFsender_platform/sw/RFsender_platform/qemu/
TRACE::2026-08-04.22:33:33::SCWMssOS::Copying the qemu file from  D:/Work/projects/zybo_z7_projects/DD_RF/vitis/RFsender_platform/resources/RFsender_platform/standalone_domain/qemu_args.txt To D:/Work/projects/zybo_z7_projects/DD_RF/vitis/RFsender_platform/export/RFsender_platform/sw/RFsender_platform/standalone_domain/qemu/
TRACE::2026-08-04.22:33:33::SCWMssOS:: Copying the user libraries. 
TRACE::2026-08-04.22:33:33::SCWPlatform::Trying to open the hw design at D:/Work/projects/zybo_z7_projects/DD_RF/vitis/RFsender_platform/hw/fullsender.xsa
TRACE::2026-08-04.22:33:33::SCWPlatform::DSA given D:/Work/projects/zybo_z7_projects/DD_RF/vitis/RFsender_platform/hw/fullsender.xsa
TRACE::2026-08-04.22:33:33::SCWPlatform::DSA absoulate path D:/Work/projects/zybo_z7_projects/DD_RF/vitis/RFsender_platform/hw/fullsender.xsa
TRACE::2026-08-04.22:33:33::SCWPlatform::DSA directory D:/Work/projects/zybo_z7_projects/DD_RF/vitis/RFsender_platform/hw
TRACE::2026-08-04.22:33:33::SCWPlatform:: Platform Path D:/Work/projects/zybo_z7_projects/DD_RF/vitis/RFsender_platform/hw/fullsender.xsa
TRACE::2026-08-04.22:33:33::SCWPlatform:: Unique name xilinx:zybo-z7-10::0.0
TRACE::2026-08-04.22:33:33::SCWPlatform::Trying to set the existing hwdb with name topSystem_14
TRACE::2026-08-04.22:33:33::SCWPlatform::Opened existing hwdb topSystem_14
TRACE::2026-08-04.22:33:33::SCWPlatform::Found the Hw Db part of the input DSA
TRACE::2026-08-04.22:33:33::SCWMssOS::Checking the sw design at  D:/Work/projects/zybo_z7_projects/DD_RF/vitis/RFsender_platform/ps7_cortexa9_0/standalone_domain/bsp/system.mss
TRACE::2026-08-04.22:33:33::SCWMssOS::DEBUG:  swdes dump  D:/Work/projects/zybo_z7_projects/DD_RF/vitis/RFsender_platform/ps7_cortexa9_0/standalone_domain/bsp/system.mss|system_0||
D:/Work/projects/zybo_z7_projects/DD_RF/vitis/RFsender_platform/zynq_fsbl/zynq_fsbl_bsp/system.mss|system||

TRACE::2026-08-04.22:33:33::SCWMssOS::Sw design exists and opened at  D:/Work/projects/zybo_z7_projects/DD_RF/vitis/RFsender_platform/ps7_cortexa9_0/standalone_domain/bsp/system.mss
TRACE::2026-08-04.22:33:33::SCWMssOS::Completed writing the mss file at D:/Work/projects/zybo_z7_projects/DD_RF/vitis/RFsender_platform/ps7_cortexa9_0/standalone_domain/bsp
TRACE::2026-08-04.22:33:33::SCWMssOS::Mss edits present, copying mssfile into export location D:/Work/projects/zybo_z7_projects/DD_RF/vitis/RFsender_platform/ps7_cortexa9_0/standalone_domain/bsp/system.mss
TRACE::2026-08-04.22:33:33::SCWMssOS::bsp generated is stale removing and regenerating. 
TRACE::2026-08-04.22:33:34::SCWMssOS::doing bsp build ... 
TRACE::2026-08-04.22:33:34::SCWMssOS::System Command Ran  D: & cd  D:/Work/projects/zybo_z7_projects/DD_RF/vitis/RFsender_platform/ps7_cortexa9_0/standalone_domain/bsp & make 
TRACE::2026-08-04.22:33:35::SCWMssOS::make --no-print-directory seq_libs

TRACE::2026-08-04.22:33:35::SCWMssOS::'Finished building libraries sequentially.'

TRACE::2026-08-04.22:33:35::SCWMssOS::make -j 14 --no-print-directory par_libs

TRACE::2026-08-04.22:33:35::SCWMssOS::"Running Make include in ps7_cortexa9_0/libsrc/coresightps_dcc_v1_11/src"

TRACE::2026-08-04.22:33:35::SCWMssOS::make -C ps7_cortexa9_0/libsrc/coresightps_dcc_v1_11/src -s include  "SHELL=CMD" "COMPILER=arm-none-eabi-gcc" "ASSEMBLER=arm-non
TRACE::2026-08-04.22:33:35::SCWMssOS::e-eabi-as" "ARCHIVER=arm-none-eabi-ar" "COMPILER_FLAGS=  -O2 -c" "EXTRA_COMPILER_FLAGS=-mcpu=cortex-a9 -mfpu=vfpv3 -mfloat-abi=
TRACE::2026-08-04.22:33:35::SCWMssOS::hard -nostartfiles -g -Wall -Wextra -fno-tree-loop-distribute-patterns"

TRACE::2026-08-04.22:33:35::SCWMssOS::"Running Make include in ps7_cortexa9_0/libsrc/cpu_cortexa9_v2_12/src"

TRACE::2026-08-04.22:33:35::SCWMssOS::make -C ps7_cortexa9_0/libsrc/cpu_cortexa9_v2_12/src -s include  "SHELL=CMD" "COMPILER=arm-none-eabi-gcc" "ASSEMBLER=arm-none-e
TRACE::2026-08-04.22:33:35::SCWMssOS::abi-as" "ARCHIVER=arm-none-eabi-ar" "COMPILER_FLAGS=  -O2 -c" "EXTRA_COMPILER_FLAGS=-mcpu=cortex-a9 -mfpu=vfpv3 -mfloat-abi=har
TRACE::2026-08-04.22:33:35::SCWMssOS::d -nostartfiles -g -Wall -Wextra -fno-tree-loop-distribute-patterns"

TRACE::2026-08-04.22:33:35::SCWMssOS::"Running Make include in ps7_cortexa9_0/libsrc/ddrps_v1_2/src"

TRACE::2026-08-04.22:33:35::SCWMssOS::make -C ps7_cortexa9_0/libsrc/ddrps_v1_2/src -s include  "SHELL=CMD" "COMPILER=arm-none-eabi-gcc" "ASSEMBLER=arm-none-eabi-as" 
TRACE::2026-08-04.22:33:35::SCWMssOS::"ARCHIVER=arm-none-eabi-ar" "COMPILER_FLAGS=  -O2 -c" "EXTRA_COMPILER_FLAGS=-mcpu=cortex-a9 -mfpu=vfpv3 -mfloat-abi=hard -nosta
TRACE::2026-08-04.22:33:35::SCWMssOS::rtfiles -g -Wall -Wextra -fno-tree-loop-distribute-patterns"

TRACE::2026-08-04.22:33:35::SCWMssOS::"Running Make include in ps7_cortexa9_0/libsrc/devcfg_v3_8/src"

TRACE::2026-08-04.22:33:35::SCWMssOS::make -C ps7_cortexa9_0/libsrc/devcfg_v3_8/src -s include  "SHELL=CMD" "COMPILER=arm-none-eabi-gcc" "ASSEMBLER=arm-none-eabi-as"
TRACE::2026-08-04.22:33:35::SCWMssOS:: "ARCHIVER=arm-none-eabi-ar" "COMPILER_FLAGS=  -O2 -c" "EXTRA_COMPILER_FLAGS=-mcpu=cortex-a9 -mfpu=vfpv3 -mfloat-abi=hard -nost
TRACE::2026-08-04.22:33:35::SCWMssOS::artfiles -g -Wall -Wextra -fno-tree-loop-distribute-patterns"

TRACE::2026-08-04.22:33:35::SCWMssOS::"Running Make include in ps7_cortexa9_0/libsrc/dmaps_v2_11/src"

TRACE::2026-08-04.22:33:35::SCWMssOS::make -C ps7_cortexa9_0/libsrc/dmaps_v2_11/src -s include  "SHELL=CMD" "COMPILER=arm-none-eabi-gcc" "ASSEMBLER=arm-none-eabi-as"
TRACE::2026-08-04.22:33:35::SCWMssOS:: "ARCHIVER=arm-none-eabi-ar" "COMPILER_FLAGS=  -O2 -c" "EXTRA_COMPILER_FLAGS=-mcpu=cortex-a9 -mfpu=vfpv3 -mfloat-abi=hard -nost
TRACE::2026-08-04.22:33:35::SCWMssOS::artfiles -g -Wall -Wextra -fno-tree-loop-distribute-patterns"

TRACE::2026-08-04.22:33:35::SCWMssOS::"Running Make include in ps7_cortexa9_0/libsrc/emacps_v3_21/src"

TRACE::2026-08-04.22:33:35::SCWMssOS::make -C ps7_cortexa9_0/libsrc/emacps_v3_21/src -s include  "SHELL=CMD" "COMPILER=arm-none-eabi-gcc" "ASSEMBLER=arm-none-eabi-as
TRACE::2026-08-04.22:33:35::SCWMssOS::" "ARCHIVER=arm-none-eabi-ar" "COMPILER_FLAGS=  -O2 -c" "EXTRA_COMPILER_FLAGS=-mcpu=cortex-a9 -mfpu=vfpv3 -mfloat-abi=hard -nos
TRACE::2026-08-04.22:33:35::SCWMssOS::tartfiles -g -Wall -Wextra -fno-tree-loop-distribute-patterns"

TRACE::2026-08-04.22:33:35::SCWMssOS::"Running Make include in ps7_cortexa9_0/libsrc/gpiops_v3_13/src"

TRACE::2026-08-04.22:33:35::SCWMssOS::make -C ps7_cortexa9_0/libsrc/gpiops_v3_13/src -s include  "SHELL=CMD" "COMPILER=arm-none-eabi-gcc" "ASSEMBLER=arm-none-eabi-as
TRACE::2026-08-04.22:33:35::SCWMssOS::" "ARCHIVER=arm-none-eabi-ar" "COMPILER_FLAGS=  -O2 -c" "EXTRA_COMPILER_FLAGS=-mcpu=cortex-a9 -mfpu=vfpv3 -mfloat-abi=hard -nos
TRACE::2026-08-04.22:33:35::SCWMssOS::tartfiles -g -Wall -Wextra -fno-tree-loop-distribute-patterns"

TRACE::2026-08-04.22:33:35::SCWMssOS::"Running Make include in ps7_cortexa9_0/libsrc/qspips_v3_13/src"

TRACE::2026-08-04.22:33:35::SCWMssOS::make -C ps7_cortexa9_0/libsrc/qspips_v3_13/src -s include  "SHELL=CMD" "COMPILER=arm-none-eabi-gcc" "ASSEMBLER=arm-none-eabi-as
TRACE::2026-08-04.22:33:35::SCWMssOS::" "ARCHIVER=arm-none-eabi-ar" "COMPILER_FLAGS=  -O2 -c" "EXTRA_COMPILER_FLAGS=-mcpu=cortex-a9 -mfpu=vfpv3 -mfloat-abi=hard -nos
TRACE::2026-08-04.22:33:35::SCWMssOS::tartfiles -g -Wall -Wextra -fno-tree-loop-distribute-patterns"

TRACE::2026-08-04.22:33:35::SCWMssOS::"Running Make include in ps7_cortexa9_0/libsrc/scugic_v5_4/src"

TRACE::2026-08-04.22:33:35::SCWMssOS::make -C ps7_cortexa9_0/libsrc/scugic_v5_4/src -s include  "SHELL=CMD" "COMPILER=arm-none-eabi-gcc" "ASSEMBLER=arm-none-eabi-as"
TRACE::2026-08-04.22:33:35::SCWMssOS:: "ARCHIVER=arm-none-eabi-ar" "COMPILER_FLAGS=  -O2 -c" "EXTRA_COMPILER_FLAGS=-mcpu=cortex-a9 -mfpu=vfpv3 -mfloat-abi=hard -nost
TRACE::2026-08-04.22:33:35::SCWMssOS::artfiles -g -Wall -Wextra -fno-tree-loop-distribute-patterns"

TRACE::2026-08-04.22:33:35::SCWMssOS::"Running Make include in ps7_cortexa9_0/libsrc/scutimer_v2_6/src"

TRACE::2026-08-04.22:33:35::SCWMssOS::make -C ps7_cortexa9_0/libsrc/scutimer_v2_6/src -s include  "SHELL=CMD" "COMPILER=arm-none-eabi-gcc" "ASSEMBLER=arm-none-eabi-a
TRACE::2026-08-04.22:33:35::SCWMssOS::s" "ARCHIVER=arm-none-eabi-ar" "COMPILER_FLAGS=  -O2 -c" "EXTRA_COMPILER_FLAGS=-mcpu=cortex-a9 -mfpu=vfpv3 -mfloat-abi=hard -no
TRACE::2026-08-04.22:33:35::SCWMssOS::startfiles -g -Wall -Wextra -fno-tree-loop-distribute-patterns"

TRACE::2026-08-04.22:33:35::SCWMssOS::"Running Make include in ps7_cortexa9_0/libsrc/scuwdt_v2_6/src"

TRACE::2026-08-04.22:33:35::SCWMssOS::make -C ps7_cortexa9_0/libsrc/scuwdt_v2_6/src -s include  "SHELL=CMD" "COMPILER=arm-none-eabi-gcc" "ASSEMBLER=arm-none-eabi-as"
TRACE::2026-08-04.22:33:35::SCWMssOS:: "ARCHIVER=arm-none-eabi-ar" "COMPILER_FLAGS=  -O2 -c" "EXTRA_COMPILER_FLAGS=-mcpu=cortex-a9 -mfpu=vfpv3 -mfloat-abi=hard -nost
TRACE::2026-08-04.22:33:35::SCWMssOS::artfiles -g -Wall -Wextra -fno-tree-loop-distribute-patterns"

TRACE::2026-08-04.22:33:35::SCWMssOS::"Running Make include in ps7_cortexa9_0/libsrc/sdps_v4_4/src"

TRACE::2026-08-04.22:33:35::SCWMssOS::make -C ps7_cortexa9_0/libsrc/sdps_v4_4/src -s include  "SHELL=CMD" "COMPILER=arm-none-eabi-gcc" "ASSEMBLER=arm-none-eabi-as" "
TRACE::2026-08-04.22:33:35::SCWMssOS::ARCHIVER=arm-none-eabi-ar" "COMPILER_FLAGS=  -O2 -c" "EXTRA_COMPILER_FLAGS=-mcpu=cortex-a9 -mfpu=vfpv3 -mfloat-abi=hard -nostar
TRACE::2026-08-04.22:33:35::SCWMssOS::tfiles -g -Wall -Wextra -fno-tree-loop-distribute-patterns"

TRACE::2026-08-04.22:33:35::SCWMssOS::"Running Make include in ps7_cortexa9_0/libsrc/standalone_v9_2/src"

TRACE::2026-08-04.22:33:35::SCWMssOS::make -C ps7_cortexa9_0/libsrc/standalone_v9_2/src -s include  "SHELL=CMD" "COMPILER=arm-none-eabi-gcc" "ASSEMBLER=arm-none-eabi
TRACE::2026-08-04.22:33:35::SCWMssOS::-as" "ARCHIVER=arm-none-eabi-ar" "COMPILER_FLAGS=  -O2 -c" "EXTRA_COMPILER_FLAGS=-mcpu=cortex-a9 -mfpu=vfpv3 -mfloat-abi=hard -
TRACE::2026-08-04.22:33:35::SCWMssOS::nostartfiles -g -Wall -Wextra -fno-tree-loop-distribute-patterns"

TRACE::2026-08-04.22:33:35::SCWMssOS::"Running Make include in ps7_cortexa9_0/libsrc/uartps_v3_15/src"

TRACE::2026-08-04.22:33:35::SCWMssOS::make -C ps7_cortexa9_0/libsrc/uartps_v3_15/src -s include  "SHELL=CMD" "COMPILER=arm-none-eabi-gcc" "ASSEMBLER=arm-none-eabi-as
TRACE::2026-08-04.22:33:35::SCWMssOS::" "ARCHIVER=arm-none-eabi-ar" "COMPILER_FLAGS=  -O2 -c" "EXTRA_COMPILER_FLAGS=-mcpu=cortex-a9 -mfpu=vfpv3 -mfloat-abi=hard -nos
TRACE::2026-08-04.22:33:35::SCWMssOS::tartfiles -g -Wall -Wextra -fno-tree-loop-distribute-patterns"

TRACE::2026-08-04.22:33:35::SCWMssOS::"Running Make include in ps7_cortexa9_0/libsrc/usbps_v2_9/src"

TRACE::2026-08-04.22:33:35::SCWMssOS::make -C ps7_cortexa9_0/libsrc/usbps_v2_9/src -s include  "SHELL=CMD" "COMPILER=arm-none-eabi-gcc" "ASSEMBLER=arm-none-eabi-as" 
TRACE::2026-08-04.22:33:35::SCWMssOS::"ARCHIVER=arm-none-eabi-ar" "COMPILER_FLAGS=  -O2 -c" "EXTRA_COMPILER_FLAGS=-mcpu=cortex-a9 -mfpu=vfpv3 -mfloat-abi=hard -nosta
TRACE::2026-08-04.22:33:35::SCWMssOS::rtfiles -g -Wall -Wextra -fno-tree-loop-distribute-patterns"

TRACE::2026-08-04.22:33:35::SCWMssOS::"Running Make include in ps7_cortexa9_0/libsrc/xadcps_v2_7/src"

TRACE::2026-08-04.22:33:35::SCWMssOS::make -C ps7_cortexa9_0/libsrc/xadcps_v2_7/src -s include  "SHELL=CMD" "COMPILER=arm-none-eabi-gcc" "ASSEMBLER=arm-none-eabi-as"
TRACE::2026-08-04.22:33:35::SCWMssOS:: "ARCHIVER=arm-none-eabi-ar" "COMPILER_FLAGS=  -O2 -c" "EXTRA_COMPILER_FLAGS=-mcpu=cortex-a9 -mfpu=vfpv3 -mfloat-abi=hard -nost
TRACE::2026-08-04.22:33:35::SCWMssOS::artfiles -g -Wall -Wextra -fno-tree-loop-distribute-patterns"

TRACE::2026-08-04.22:33:35::SCWMssOS::"Running Make include in ps7_cortexa9_0/libsrc/xilffs_v5_3/src"

TRACE::2026-08-04.22:33:35::SCWMssOS::make -C ps7_cortexa9_0/libsrc/xilffs_v5_3/src -s include  "SHELL=CMD" "COMPILER=arm-none-eabi-gcc" "ASSEMBLER=arm-none-eabi-as"
TRACE::2026-08-04.22:33:35::SCWMssOS:: "ARCHIVER=arm-none-eabi-ar" "COMPILER_FLAGS=  -O2 -c" "EXTRA_COMPILER_FLAGS=-mcpu=cortex-a9 -mfpu=vfpv3 -mfloat-abi=hard -nost
TRACE::2026-08-04.22:33:35::SCWMssOS::artfiles -g -Wall -Wextra -fno-tree-loop-distribute-patterns"

TRACE::2026-08-04.22:33:36::SCWMssOS::"Running Make libs in ps7_cortexa9_0/libsrc/coresightps_dcc_v1_11/src"

TRACE::2026-08-04.22:33:36::SCWMssOS::"Running Make libs in ps7_cortexa9_0/libsrc/cpu_cortexa9_v2_12/src"

TRACE::2026-08-04.22:33:36::SCWMssOS::make -C ps7_cortexa9_0/libsrc/coresightps_dcc_v1_11/src -s libs  "SHELL=CMD" "COMPILER=arm-none-eabi-gcc" "ASSEMBLER=arm-none-e
TRACE::2026-08-04.22:33:36::SCWMssOS::abi-as" "ARCHIVER=arm-none-eabi-ar" "COMPILER_FLAGS=  -O2 -c" "EXTRA_COMPILER_FLAGS=-mcpu=cortex-a9 -mfpu=vfpv3 -mfloat-abi=har
TRACE::2026-08-04.22:33:36::SCWMssOS::d -nostartfiles -g -Wall -Wextra -fno-tree-loop-distribute-patterns"

TRACE::2026-08-04.22:33:36::SCWMssOS::make -C ps7_cortexa9_0/libsrc/cpu_cortexa9_v2_12/src -s libs  "SHELL=CMD" "COMPILER=arm-none-eabi-gcc" "ASSEMBLER=arm-none-eabi
TRACE::2026-08-04.22:33:36::SCWMssOS::-as" "ARCHIVER=arm-none-eabi-ar" "COMPILER_FLAGS=  -O2 -c" "EXTRA_COMPILER_FLAGS=-mcpu=cortex-a9 -mfpu=vfpv3 -mfloat-abi=hard -
TRACE::2026-08-04.22:33:36::SCWMssOS::nostartfiles -g -Wall -Wextra -fno-tree-loop-distribute-patterns"

TRACE::2026-08-04.22:33:36::SCWMssOS::"Running Make libs in ps7_cortexa9_0/libsrc/ddrps_v1_2/src"

TRACE::2026-08-04.22:33:36::SCWMssOS::make -C ps7_cortexa9_0/libsrc/ddrps_v1_2/src -s libs  "SHELL=CMD" "COMPILER=arm-none-eabi-gcc" "ASSEMBLER=arm-none-eabi-as" "AR
TRACE::2026-08-04.22:33:36::SCWMssOS::CHIVER=arm-none-eabi-ar" "COMPILER_FLAGS=  -O2 -c" "EXTRA_COMPILER_FLAGS=-mcpu=cortex-a9 -mfpu=vfpv3 -mfloat-abi=hard -nostartf
TRACE::2026-08-04.22:33:36::SCWMssOS::iles -g -Wall -Wextra -fno-tree-loop-distribute-patterns"

TRACE::2026-08-04.22:33:36::SCWMssOS::"Running Make libs in ps7_cortexa9_0/libsrc/devcfg_v3_8/src"

TRACE::2026-08-04.22:33:36::SCWMssOS::make -C ps7_cortexa9_0/libsrc/devcfg_v3_8/src -s libs  "SHELL=CMD" "COMPILER=arm-none-eabi-gcc" "ASSEMBLER=arm-none-eabi-as" "A
TRACE::2026-08-04.22:33:36::SCWMssOS::RCHIVER=arm-none-eabi-ar" "COMPILER_FLAGS=  -O2 -c" "EXTRA_COMPILER_FLAGS=-mcpu=cortex-a9 -mfpu=vfpv3 -mfloat-abi=hard -nostart
TRACE::2026-08-04.22:33:36::SCWMssOS::files -g -Wall -Wextra -fno-tree-loop-distribute-patterns"

TRACE::2026-08-04.22:33:36::SCWMssOS::"Running Make libs in ps7_cortexa9_0/libsrc/dmaps_v2_11/src"

TRACE::2026-08-04.22:33:36::SCWMssOS::make -C ps7_cortexa9_0/libsrc/dmaps_v2_11/src -s libs  "SHELL=CMD" "COMPILER=arm-none-eabi-gcc" "ASSEMBLER=arm-none-eabi-as" "A
TRACE::2026-08-04.22:33:36::SCWMssOS::RCHIVER=arm-none-eabi-ar" "COMPILER_FLAGS=  -O2 -c" "EXTRA_COMPILER_FLAGS=-mcpu=cortex-a9 -mfpu=vfpv3 -mfloat-abi=hard -nostart
TRACE::2026-08-04.22:33:36::SCWMssOS::files -g -Wall -Wextra -fno-tree-loop-distribute-patterns"

TRACE::2026-08-04.22:33:36::SCWMssOS::"Running Make libs in ps7_cortexa9_0/libsrc/emacps_v3_21/src"

TRACE::2026-08-04.22:33:36::SCWMssOS::make -C ps7_cortexa9_0/libsrc/emacps_v3_21/src -s libs  "SHELL=CMD" "COMPILER=arm-none-eabi-gcc" "ASSEMBLER=arm-none-eabi-as" "
TRACE::2026-08-04.22:33:36::SCWMssOS::ARCHIVER=arm-none-eabi-ar" "COMPILER_FLAGS=  -O2 -c" "EXTRA_COMPILER_FLAGS=-mcpu=cortex-a9 -mfpu=vfpv3 -mfloat-abi=hard -nostar
TRACE::2026-08-04.22:33:36::SCWMssOS::tfiles -g -Wall -Wextra -fno-tree-loop-distribute-patterns"

TRACE::2026-08-04.22:33:36::SCWMssOS::"Running Make libs in ps7_cortexa9_0/libsrc/gpiops_v3_13/src"

TRACE::2026-08-04.22:33:36::SCWMssOS::make -C ps7_cortexa9_0/libsrc/gpiops_v3_13/src -s libs  "SHELL=CMD" "COMPILER=arm-none-eabi-gcc" "ASSEMBLER=arm-none-eabi-as" "
TRACE::2026-08-04.22:33:36::SCWMssOS::ARCHIVER=arm-none-eabi-ar" "COMPILER_FLAGS=  -O2 -c" "EXTRA_COMPILER_FLAGS=-mcpu=cortex-a9 -mfpu=vfpv3 -mfloat-abi=hard -nostar
TRACE::2026-08-04.22:33:36::SCWMssOS::tfiles -g -Wall -Wextra -fno-tree-loop-distribute-patterns"

TRACE::2026-08-04.22:33:36::SCWMssOS::"Running Make libs in ps7_cortexa9_0/libsrc/qspips_v3_13/src"

TRACE::2026-08-04.22:33:36::SCWMssOS::make -C ps7_cortexa9_0/libsrc/qspips_v3_13/src -s libs  "SHELL=CMD" "COMPILER=arm-none-eabi-gcc" "ASSEMBLER=arm-none-eabi-as" "
TRACE::2026-08-04.22:33:36::SCWMssOS::ARCHIVER=arm-none-eabi-ar" "COMPILER_FLAGS=  -O2 -c" "EXTRA_COMPILER_FLAGS=-mcpu=cortex-a9 -mfpu=vfpv3 -mfloat-abi=hard -nostar
TRACE::2026-08-04.22:33:36::SCWMssOS::tfiles -g -Wall -Wextra -fno-tree-loop-distribute-patterns"

TRACE::2026-08-04.22:33:36::SCWMssOS::"Running Make libs in ps7_cortexa9_0/libsrc/scugic_v5_4/src"

TRACE::2026-08-04.22:33:36::SCWMssOS::make -C ps7_cortexa9_0/libsrc/scugic_v5_4/src -s libs  "SHELL=CMD" "COMPILER=arm-none-eabi-gcc" "ASSEMBLER=arm-none-eabi-as" "A
TRACE::2026-08-04.22:33:36::SCWMssOS::RCHIVER=arm-none-eabi-ar" "COMPILER_FLAGS=  -O2 -c" "EXTRA_COMPILER_FLAGS=-mcpu=cortex-a9 -mfpu=vfpv3 -mfloat-abi=hard -nostart
TRACE::2026-08-04.22:33:36::SCWMssOS::files -g -Wall -Wextra -fno-tree-loop-distribute-patterns"

TRACE::2026-08-04.22:33:36::SCWMssOS::"Running Make libs in ps7_cortexa9_0/libsrc/scutimer_v2_6/src"

TRACE::2026-08-04.22:33:36::SCWMssOS::make -C ps7_cortexa9_0/libsrc/scutimer_v2_6/src -s libs  "SHELL=CMD" "COMPILER=arm-none-eabi-gcc" "ASSEMBLER=arm-none-eabi-as" 
TRACE::2026-08-04.22:33:36::SCWMssOS::"ARCHIVER=arm-none-eabi-ar" "COMPILER_FLAGS=  -O2 -c" "EXTRA_COMPILER_FLAGS=-mcpu=cortex-a9 -mfpu=vfpv3 -mfloat-abi=hard -nosta
TRACE::2026-08-04.22:33:36::SCWMssOS::rtfiles -g -Wall -Wextra -fno-tree-loop-distribute-patterns"

TRACE::2026-08-04.22:33:36::SCWMssOS::"Running Make libs in ps7_cortexa9_0/libsrc/scuwdt_v2_6/src"

TRACE::2026-08-04.22:33:36::SCWMssOS::make -C ps7_cortexa9_0/libsrc/scuwdt_v2_6/src -s libs  "SHELL=CMD" "COMPILER=arm-none-eabi-gcc" "ASSEMBLER=arm-none-eabi-as" "A
TRACE::2026-08-04.22:33:36::SCWMssOS::RCHIVER=arm-none-eabi-ar" "COMPILER_FLAGS=  -O2 -c" "EXTRA_COMPILER_FLAGS=-mcpu=cortex-a9 -mfpu=vfpv3 -mfloat-abi=hard -nostart
TRACE::2026-08-04.22:33:36::SCWMssOS::files -g -Wall -Wextra -fno-tree-loop-distribute-patterns"

TRACE::2026-08-04.22:33:36::SCWMssOS::"Running Make libs in ps7_cortexa9_0/libsrc/sdps_v4_4/src"

TRACE::2026-08-04.22:33:36::SCWMssOS::make -C ps7_cortexa9_0/libsrc/sdps_v4_4/src -s libs  "SHELL=CMD" "COMPILER=arm-none-eabi-gcc" "ASSEMBLER=arm-none-eabi-as" "ARC
TRACE::2026-08-04.22:33:36::SCWMssOS::HIVER=arm-none-eabi-ar" "COMPILER_FLAGS=  -O2 -c" "EXTRA_COMPILER_FLAGS=-mcpu=cortex-a9 -mfpu=vfpv3 -mfloat-abi=hard -nostartfi
TRACE::2026-08-04.22:33:36::SCWMssOS::les -g -Wall -Wextra -fno-tree-loop-distribute-patterns"

TRACE::2026-08-04.22:33:37::SCWMssOS::"Running Make libs in ps7_cortexa9_0/libsrc/standalone_v9_2/src"

TRACE::2026-08-04.22:33:37::SCWMssOS::make -C ps7_cortexa9_0/libsrc/standalone_v9_2/src -s libs  "SHELL=CMD" "COMPILER=arm-none-eabi-gcc" "ASSEMBLER=arm-none-eabi-as
TRACE::2026-08-04.22:33:37::SCWMssOS::" "ARCHIVER=arm-none-eabi-ar" "COMPILER_FLAGS=  -O2 -c" "EXTRA_COMPILER_FLAGS=-mcpu=cortex-a9 -mfpu=vfpv3 -mfloat-abi=hard -nos
TRACE::2026-08-04.22:33:37::SCWMssOS::tartfiles -g -Wall -Wextra -fno-tree-loop-distribute-patterns"

TRACE::2026-08-04.22:33:37::SCWMssOS::"Running Make libs in ps7_cortexa9_0/libsrc/uartps_v3_15/src"

TRACE::2026-08-04.22:33:37::SCWMssOS::make -C ps7_cortexa9_0/libsrc/uartps_v3_15/src -s libs  "SHELL=CMD" "COMPILER=arm-none-eabi-gcc" "ASSEMBLER=arm-none-eabi-as" "
TRACE::2026-08-04.22:33:37::SCWMssOS::ARCHIVER=arm-none-eabi-ar" "COMPILER_FLAGS=  -O2 -c" "EXTRA_COMPILER_FLAGS=-mcpu=cortex-a9 -mfpu=vfpv3 -mfloat-abi=hard -nostar
TRACE::2026-08-04.22:33:37::SCWMssOS::tfiles -g -Wall -Wextra -fno-tree-loop-distribute-patterns"

TRACE::2026-08-04.22:33:37::SCWMssOS::"Running Make libs in ps7_cortexa9_0/libsrc/usbps_v2_9/src"

TRACE::2026-08-04.22:33:37::SCWMssOS::make -C ps7_cortexa9_0/libsrc/usbps_v2_9/src -s libs  "SHELL=CMD" "COMPILER=arm-none-eabi-gcc" "ASSEMBLER=arm-none-eabi-as" "AR
TRACE::2026-08-04.22:33:37::SCWMssOS::CHIVER=arm-none-eabi-ar" "COMPILER_FLAGS=  -O2 -c" "EXTRA_COMPILER_FLAGS=-mcpu=cortex-a9 -mfpu=vfpv3 -mfloat-abi=hard -nostartf
TRACE::2026-08-04.22:33:37::SCWMssOS::iles -g -Wall -Wextra -fno-tree-loop-distribute-patterns"

TRACE::2026-08-04.22:33:37::SCWMssOS::"Running Make libs in ps7_cortexa9_0/libsrc/xadcps_v2_7/src"

TRACE::2026-08-04.22:33:37::SCWMssOS::make -C ps7_cortexa9_0/libsrc/xadcps_v2_7/src -s libs  "SHELL=CMD" "COMPILER=arm-none-eabi-gcc" "ASSEMBLER=arm-none-eabi-as" "A
TRACE::2026-08-04.22:33:37::SCWMssOS::RCHIVER=arm-none-eabi-ar" "COMPILER_FLAGS=  -O2 -c" "EXTRA_COMPILER_FLAGS=-mcpu=cortex-a9 -mfpu=vfpv3 -mfloat-abi=hard -nostart
TRACE::2026-08-04.22:33:37::SCWMssOS::files -g -Wall -Wextra -fno-tree-loop-distribute-patterns"

TRACE::2026-08-04.22:33:37::SCWMssOS::"Running Make libs in ps7_cortexa9_0/libsrc/xilffs_v5_3/src"

TRACE::2026-08-04.22:33:37::SCWMssOS::make -C ps7_cortexa9_0/libsrc/xilffs_v5_3/src -s libs  "SHELL=CMD" "COMPILER=arm-none-eabi-gcc" "ASSEMBLER=arm-none-eabi-as" "A
TRACE::2026-08-04.22:33:37::SCWMssOS::RCHIVER=arm-none-eabi-ar" "COMPILER_FLAGS=  -O2 -c" "EXTRA_COMPILER_FLAGS=-mcpu=cortex-a9 -mfpu=vfpv3 -mfloat-abi=hard -nostart
TRACE::2026-08-04.22:33:37::SCWMssOS::files -g -Wall -Wextra -fno-tree-loop-distribute-patterns"

TRACE::2026-08-04.22:33:38::SCWMssOS::'Finished building libraries parallelly.'

TRACE::2026-08-04.22:33:39::SCWMssOS::make --no-print-directory archive

TRACE::2026-08-04.22:33:39::SCWMssOS::arm-none-eabi-ar -r  ps7_cortexa9_0/lib/libxil.a ps7_cortexa9_0/lib/_exit.o ps7_cortexa9_0/lib/_open.o ps7_cortexa9_0/lib/_sbrk
TRACE::2026-08-04.22:33:39::SCWMssOS::.o ps7_cortexa9_0/lib/abort.o ps7_cortexa9_0/lib/asm_vectors.o ps7_cortexa9_0/lib/boot.o ps7_cortexa9_0/lib/close.o ps7_cortexa
TRACE::2026-08-04.22:33:39::SCWMssOS::9_0/lib/cpputest_time.o ps7_cortexa9_0/lib/cpu_init.o ps7_cortexa9_0/lib/errno.o ps7_cortexa9_0/lib/fcntl.o ps7_cortexa9_0/lib/
TRACE::2026-08-04.22:33:39::SCWMssOS::fstat.o ps7_cortexa9_0/lib/getentropy.o ps7_cortexa9_0/lib/getpid.o ps7_cortexa9_0/lib/gettimeofday.o ps7_cortexa9_0/lib/inbyte
TRACE::2026-08-04.22:33:39::SCWMssOS::.o ps7_cortexa9_0/lib/isatty.o ps7_cortexa9_0/lib/kill.o ps7_cortexa9_0/lib/lseek.o ps7_cortexa9_0/lib/open.o ps7_cortexa9_0/li
TRACE::2026-08-04.22:33:39::SCWMssOS::b/outbyte.o ps7_cortexa9_0/lib/print.o ps7_cortexa9_0/lib/putnum.o ps7_cortexa9_0/lib/read.o ps7_cortexa9_0/lib/sbrk.o ps7_cort
TRACE::2026-08-04.22:33:39::SCWMssOS::exa9_0/lib/sleep.o ps7_cortexa9_0/lib/time.o ps7_cortexa9_0/lib/translation_table.o ps7_cortexa9_0/lib/unlink.o ps7_cortexa9_0/
TRACE::2026-08-04.22:33:39::SCWMssOS::lib/usleep.o ps7_cortexa9_0/lib/vectors.o ps7_cortexa9_0/lib/write.o ps7_cortexa9_0/lib/xadcps.o ps7_cortexa9_0/lib/xadcps_g.o 
TRACE::2026-08-04.22:33:39::SCWMssOS::ps7_cortexa9_0/lib/xadcps_intr.o ps7_cortexa9_0/lib/xadcps_selftest.o ps7_cortexa9_0/lib/xadcps_sinit.o ps7_cortexa9_0/lib/xcor
TRACE::2026-08-04.22:33:39::SCWMssOS::esightpsdcc.o ps7_cortexa9_0/lib/xdevcfg.o ps7_cortexa9_0/lib/xdevcfg_g.o ps7_cortexa9_0/lib/xdevcfg_hw.o ps7_cortexa9_0/lib/xd
TRACE::2026-08-04.22:33:39::SCWMssOS::evcfg_intr.o ps7_cortexa9_0/lib/xdevcfg_selftest.o ps7_cortexa9_0/lib/xdevcfg_sinit.o ps7_cortexa9_0/lib/xdmaps.o ps7_cortexa9_
TRACE::2026-08-04.22:33:39::SCWMssOS::0/lib/xdmaps_g.o ps7_cortexa9_0/lib/xdmaps_hw.o ps7_cortexa9_0/lib/xdmaps_selftest.o ps7_cortexa9_0/lib/xdmaps_sinit.o ps7_cort
TRACE::2026-08-04.22:33:39::SCWMssOS::exa9_0/lib/xemacps.o ps7_cortexa9_0/lib/xemacps_bdring.o ps7_cortexa9_0/lib/xemacps_control.o ps7_cortexa9_0/lib/xemacps_g.o ps
TRACE::2026-08-04.22:33:39::SCWMssOS::7_cortexa9_0/lib/xemacps_hw.o ps7_cortexa9_0/lib/xemacps_intr.o ps7_cortexa9_0/lib/xemacps_sinit.o ps7_cortexa9_0/lib/xgpiops.o
TRACE::2026-08-04.22:33:39::SCWMssOS:: ps7_cortexa9_0/lib/xgpiops_g.o ps7_cortexa9_0/lib/xgpiops_hw.o ps7_cortexa9_0/lib/xgpiops_intr.o ps7_cortexa9_0/lib/xgpiops_se
TRACE::2026-08-04.22:33:39::SCWMssOS::lftest.o ps7_cortexa9_0/lib/xgpiops_sinit.o ps7_cortexa9_0/lib/xil-crt0.o ps7_cortexa9_0/lib/xil_assert.o ps7_cortexa9_0/lib/xi
TRACE::2026-08-04.22:33:39::SCWMssOS::l_cache.o ps7_cortexa9_0/lib/xil_clocking.o ps7_cortexa9_0/lib/xil_exception.o ps7_cortexa9_0/lib/xil_mem.o ps7_cortexa9_0/lib/
TRACE::2026-08-04.22:33:39::SCWMssOS::xil_misc_psreset_api.o ps7_cortexa9_0/lib/xil_mmu.o ps7_cortexa9_0/lib/xil_printf.o ps7_cortexa9_0/lib/xil_sleepcommon.o ps7_co
TRACE::2026-08-04.22:33:39::SCWMssOS::rtexa9_0/lib/xil_sleeptimer.o ps7_cortexa9_0/lib/xil_spinlock.o ps7_cortexa9_0/lib/xil_sutil.o ps7_cortexa9_0/lib/xil_testcache
TRACE::2026-08-04.22:33:39::SCWMssOS::.o ps7_cortexa9_0/lib/xil_testio.o ps7_cortexa9_0/lib/xil_testmem.o ps7_cortexa9_0/lib/xil_util.o ps7_cortexa9_0/lib/xinterrupt
TRACE::2026-08-04.22:33:39::SCWMssOS::_wrap.o ps7_cortexa9_0/lib/xl2cc_counter.o ps7_cortexa9_0/lib/xplatform_info.o ps7_cortexa9_0/lib/xpm_counter.o ps7_cortexa9_0/
TRACE::2026-08-04.22:33:39::SCWMssOS::lib/xpm_init.o ps7_cortexa9_0/lib/xqspips.o ps7_cortexa9_0/lib/xqspips_g.o ps7_cortexa9_0/lib/xqspips_hw.o ps7_cortexa9_0/lib/x
TRACE::2026-08-04.22:33:39::SCWMssOS::qspips_options.o ps7_cortexa9_0/lib/xqspips_selftest.o ps7_cortexa9_0/lib/xqspips_sinit.o ps7_cortexa9_0/lib/xscugic.o ps7_cort
TRACE::2026-08-04.22:33:39::SCWMssOS::exa9_0/lib/xscugic_g.o ps7_cortexa9_0/lib/xscugic_hw.o ps7_cortexa9_0/lib/xscugic_intr.o ps7_cortexa9_0/lib/xscugic_selftest.o 
TRACE::2026-08-04.22:33:39::SCWMssOS::ps7_cortexa9_0/lib/xscugic_sinit.o ps7_cortexa9_0/lib/xscutimer.o ps7_cortexa9_0/lib/xscutimer_g.o ps7_cortexa9_0/lib/xscutimer
TRACE::2026-08-04.22:33:39::SCWMssOS::_selftest.o ps7_cortexa9_0/lib/xscutimer_sinit.o ps7_cortexa9_0/lib/xscuwdt.o ps7_cortexa9_0/lib/xscuwdt_g.o ps7_cortexa9_0/lib
TRACE::2026-08-04.22:33:39::SCWMssOS::/xscuwdt_selftest.o ps7_cortexa9_0/lib/xscuwdt_sinit.o ps7_cortexa9_0/lib/xsdps.o ps7_cortexa9_0/lib/xsdps_card.o ps7_cortexa9_
TRACE::2026-08-04.22:33:39::SCWMssOS::0/lib/xsdps_g.o ps7_cortexa9_0/lib/xsdps_host.o ps7_cortexa9_0/lib/xsdps_options.o ps7_cortexa9_0/lib/xsdps_sinit.o ps7_cortexa
TRACE::2026-08-04.22:33:39::SCWMssOS::9_0/lib/xtime_l.o ps7_cortexa9_0/lib/xuartps.o ps7_cortexa9_0/lib/xuartps_g.o ps7_cortexa9_0/lib/xuartps_hw.o ps7_cortexa9_0/li
TRACE::2026-08-04.22:33:39::SCWMssOS::b/xuartps_intr.o ps7_cortexa9_0/lib/xuartps_options.o ps7_cortexa9_0/lib/xuartps_selftest.o ps7_cortexa9_0/lib/xuartps_sinit.o 
TRACE::2026-08-04.22:33:39::SCWMssOS::ps7_cortexa9_0/lib/xusbps.o ps7_cortexa9_0/lib/xusbps_endpoint.o ps7_cortexa9_0/lib/xusbps_g.o ps7_cortexa9_0/lib/xusbps_hw.o p
TRACE::2026-08-04.22:33:39::SCWMssOS::s7_cortexa9_0/lib/xusbps_intr.o ps7_cortexa9_0/lib/xusbps_sinit.o

TRACE::2026-08-04.22:33:39::SCWMssOS::'Finished building libraries'

TRACE::2026-08-04.22:33:39::SCWMssOS:: Checking if to create the Supporting Applications
TRACE::2026-08-04.22:33:39::SCWMssOS:: No Linux domain exists, trying to generate FSBL 
LOG::2026-08-04.22:33:39::SCWSystem::Completed Processing the domain standalone_domain
LOG::2026-08-04.22:33:39::SCWSystem::Completed Processing the sysconfig RFsender_platform
LOG::2026-08-04.22:33:39::SCWPlatform::Completed generating the artifacts for system configuration RFsender_platform
TRACE::2026-08-04.22:33:39::SCWPlatform::Started preparing the platform 
TRACE::2026-08-04.22:33:39::SCWSystem::Writing the bif file for system config RFsender_platform
TRACE::2026-08-04.22:33:39::SCWSystem::dir created 
TRACE::2026-08-04.22:33:39::SCWSystem::Writing the bif 
TRACE::2026-08-04.22:33:39::SCWPlatform::Started writing the spfm file 
TRACE::2026-08-04.22:33:39::SCWPlatform::Started writing the xpfm file 
TRACE::2026-08-04.22:33:39::SCWPlatform::Completed generating the platform
TRACE::2026-08-04.22:33:39::SCWMssOS::Saving the mss changes D:/Work/projects/zybo_z7_projects/DD_RF/vitis/RFsender_platform/zynq_fsbl/zynq_fsbl_bsp/system.mss
TRACE::2026-08-04.22:33:39::SCWMssOS::Found a swdesign opened with the mssfile.
TRACE::2026-08-04.22:33:39::SCWMssOS::Completed writemss as part of save.
TRACE::2026-08-04.22:33:39::SCWMssOS::Commit changes completed.
TRACE::2026-08-04.22:33:39::SCWMssOS::Saving the mss changes D:/Work/projects/zybo_z7_projects/DD_RF/vitis/RFsender_platform/ps7_cortexa9_0/standalone_domain/bsp/system.mss
TRACE::2026-08-04.22:33:39::SCWMssOS::Adding the swdes entry, mss present, able to open swdb D:/Work/projects/zybo_z7_projects/DD_RF/vitis/RFsender_platform/ps7_cortexa9_0/standalone_domain/bsp/system.mss with des name system_0
TRACE::2026-08-04.22:33:39::SCWMssOS::Writing the mss file completed D:/Work/projects/zybo_z7_projects/DD_RF/vitis/RFsender_platform/ps7_cortexa9_0/standalone_domain/bsp/system.mss
TRACE::2026-08-04.22:33:39::SCWMssOS::Commit changes completed.
TRACE::2026-08-04.22:33:39::SCWPlatform::Trying to open the hw design at D:/Work/projects/zybo_z7_projects/DD_RF/vitis/RFsender_platform/hw/fullsender.xsa
TRACE::2026-08-04.22:33:39::SCWPlatform::DSA given D:/Work/projects/zybo_z7_projects/DD_RF/vitis/RFsender_platform/hw/fullsender.xsa
TRACE::2026-08-04.22:33:39::SCWPlatform::DSA absoulate path D:/Work/projects/zybo_z7_projects/DD_RF/vitis/RFsender_platform/hw/fullsender.xsa
TRACE::2026-08-04.22:33:39::SCWPlatform::DSA directory D:/Work/projects/zybo_z7_projects/DD_RF/vitis/RFsender_platform/hw
TRACE::2026-08-04.22:33:39::SCWPlatform:: Platform Path D:/Work/projects/zybo_z7_projects/DD_RF/vitis/RFsender_platform/hw/fullsender.xsa
TRACE::2026-08-04.22:33:39::SCWPlatform:: Unique name xilinx:zybo-z7-10::0.0
TRACE::2026-08-04.22:33:39::SCWPlatform::Trying to set the existing hwdb with name topSystem_14
TRACE::2026-08-04.22:33:39::SCWPlatform::Opened existing hwdb topSystem_14
TRACE::2026-08-04.22:33:39::SCWPlatform::Found the Hw Db part of the input DSA
TRACE::2026-08-04.22:33:39::SCWMssOS::Checking the sw design at  D:/Work/projects/zybo_z7_projects/DD_RF/vitis/RFsender_platform/zynq_fsbl/zynq_fsbl_bsp/system.mss
TRACE::2026-08-04.22:33:39::SCWMssOS::DEBUG:  swdes dump  D:/Work/projects/zybo_z7_projects/DD_RF/vitis/RFsender_platform/ps7_cortexa9_0/standalone_domain/bsp/system.mss|system_0||
D:/Work/projects/zybo_z7_projects/DD_RF/vitis/RFsender_platform/zynq_fsbl/zynq_fsbl_bsp/system.mss|system||

TRACE::2026-08-04.22:33:39::SCWMssOS::Sw design exists and opened at  D:/Work/projects/zybo_z7_projects/DD_RF/vitis/RFsender_platform/zynq_fsbl/zynq_fsbl_bsp/system.mss
TRACE::2026-08-04.22:33:39::SCWPlatform::Trying to open the hw design at D:/Work/projects/zybo_z7_projects/DD_RF/vitis/RFsender_platform/hw/fullsender.xsa
TRACE::2026-08-04.22:33:39::SCWPlatform::DSA given D:/Work/projects/zybo_z7_projects/DD_RF/vitis/RFsender_platform/hw/fullsender.xsa
TRACE::2026-08-04.22:33:39::SCWPlatform::DSA absoulate path D:/Work/projects/zybo_z7_projects/DD_RF/vitis/RFsender_platform/hw/fullsender.xsa
TRACE::2026-08-04.22:33:39::SCWPlatform::DSA directory D:/Work/projects/zybo_z7_projects/DD_RF/vitis/RFsender_platform/hw
TRACE::2026-08-04.22:33:39::SCWPlatform:: Platform Path D:/Work/projects/zybo_z7_projects/DD_RF/vitis/RFsender_platform/hw/fullsender.xsa
TRACE::2026-08-04.22:33:39::SCWPlatform:: Unique name xilinx:zybo-z7-10::0.0
TRACE::2026-08-04.22:33:39::SCWPlatform::Trying to set the existing hwdb with name topSystem_14
TRACE::2026-08-04.22:33:39::SCWPlatform::Opened existing hwdb topSystem_14
TRACE::2026-08-04.22:33:39::SCWPlatform::Found the Hw Db part of the input DSA
TRACE::2026-08-04.22:33:39::SCWMssOS::Checking the sw design at  D:/Work/projects/zybo_z7_projects/DD_RF/vitis/RFsender_platform/ps7_cortexa9_0/standalone_domain/bsp/system.mss
TRACE::2026-08-04.22:33:39::SCWMssOS::DEBUG:  swdes dump  D:/Work/projects/zybo_z7_projects/DD_RF/vitis/RFsender_platform/ps7_cortexa9_0/standalone_domain/bsp/system.mss|system_0||
D:/Work/projects/zybo_z7_projects/DD_RF/vitis/RFsender_platform/zynq_fsbl/zynq_fsbl_bsp/system.mss|system||

TRACE::2026-08-04.22:33:39::SCWMssOS::Sw design exists and opened at  D:/Work/projects/zybo_z7_projects/DD_RF/vitis/RFsender_platform/ps7_cortexa9_0/standalone_domain/bsp/system.mss
TRACE::2026-08-04.22:33:39::SCWWriter::formatted JSON is {
	"platformName":	"RFsender_platform",
	"sprVersion":	"2.0",
	"mode":	"gui",
	"dsaType":	"Fixed",
	"platformDesc":	"RFsender_platform",
	"platHandOff":	"D:/Work/projects/zybo_z7_projects/DD_RF/vivado/project_1/fullsender.xsa",
	"platIntHandOff":	"<platformDir>/hw/fullsender.xsa",
	"deviceType":	"zynq",
	"platIsPrebuiltAutogen":	"false",
	"platIsNoBootBsp":	"false",
	"hasFsblMakeHasChanges":	"false",
	"hasPmufwMakeHasChanges":	"false",
	"fsblExtraCompilerFlags":	"-MMD -MP       -mcpu=cortex-a9 -mfpu=vfpv3 -mfloat-abi=hard ",
	"platPreBuiltFlag":	false,
	"platformSamplesDir":	"",
	"platActiveSys":	"RFsender_platform",
	"systems":	[{
			"systemName":	"RFsender_platform",
			"systemDesc":	"RFsender_platform",
			"sysIsBootAutoGen":	"true",
			"systemDispName":	"RFsender_platform",
			"sysActiveDom":	"standalone_domain",
			"sysDefaultDom":	"standalone_domain",
			"domains":	[{
					"domainName":	"zynq_fsbl",
					"domainDispName":	"zynq_fsbl",
					"domainDesc":	"FSBL Application BSP - Auto Generated.",
					"processors":	"ps7_cortexa9_0",
					"os":	"standalone",
					"sdxOs":	"standalone",
					"debugEnable":	"",
					"domRuntimes":	["cpp"],
					"swRepo":	"",
					"mssOsVer":	"9.2",
					"mssFile":	"",
					"md5Digest":	"30215168a6860ec346c5df07b875ca911",
					"compatibleApp":	"zynq_fsbl",
					"domType":	"bootDomain",
					"arch":	"32-bit",
					"appSettings":	{
						"appCompilerFlags":	"",
						"appLinkerFlags":	""
					},
					"addedLibs":	["xilffs:5.3", "xilrsa:1.8"],
					"libOptions":	{
						"libsContainingOptions":	[]
					},
					"prebuiltLibs":	{
						"prebuiltIncPath":	[],
						"prebuiltLibPath":	[]
					},
					"isolation":	{
					}
				}, {
					"domainName":	"standalone_domain",
					"domainDispName":	"standalone on ps7_cortexa9_0",
					"domainDesc":	"standalone_domain",
					"processors":	"ps7_cortexa9_0",
					"os":	"standalone",
					"sdxOs":	"standalone",
					"qemuArgs":	"<platformDir>/resources/RFsender_platform/standalone_domain/qemu_args.txt",
					"qemuData":	"<platformDir>/resources/RFsender_platform/standalone_domain/qemu",
					"debugEnable":	"False",
					"domRuntimes":	["cpp"],
					"swRepo":	"",
					"mssOsVer":	"9.2",
					"mssFile":	"",
					"md5Digest":	"cdf1d043c3be5ad3d6f2b109f4a0d161",
					"compatibleApp":	"",
					"domType":	"mssDomain",
					"appSettings":	{
						"appCompilerFlags":	"",
						"appLinkerFlags":	""
					},
					"addedLibs":	["xilffs:5.3"],
					"libOptions":	{
						"libsContainingOptions":	[]
					},
					"prebuiltLibs":	{
						"prebuiltIncPath":	[],
						"prebuiltLibPath":	[]
					},
					"isolation":	{
					}
				}]
		}]
}
KEYINFO::2026-08-04.22:33:39::SCWPlatform::updated the xpfm file.
TRACE::2026-08-04.22:33:40::SCWPlatform::Trying to open the hw design at D:/Work/projects/zybo_z7_projects/DD_RF/vitis/RFsender_platform/hw/fullsender.xsa
TRACE::2026-08-04.22:33:40::SCWPlatform::DSA given D:/Work/projects/zybo_z7_projects/DD_RF/vitis/RFsender_platform/hw/fullsender.xsa
TRACE::2026-08-04.22:33:40::SCWPlatform::DSA absoulate path D:/Work/projects/zybo_z7_projects/DD_RF/vitis/RFsender_platform/hw/fullsender.xsa
TRACE::2026-08-04.22:33:40::SCWPlatform::DSA directory D:/Work/projects/zybo_z7_projects/DD_RF/vitis/RFsender_platform/hw
TRACE::2026-08-04.22:33:40::SCWPlatform:: Platform Path D:/Work/projects/zybo_z7_projects/DD_RF/vitis/RFsender_platform/hw/fullsender.xsa
TRACE::2026-08-04.22:33:40::SCWPlatform:: Unique name xilinx:zybo-z7-10::0.0
TRACE::2026-08-04.22:33:40::SCWPlatform::Trying to set the existing hwdb with name topSystem_14
TRACE::2026-08-04.22:33:40::SCWPlatform::Opened existing hwdb topSystem_14
TRACE::2026-08-04.22:33:40::SCWPlatform::Found the Hw Db part of the input DSA
TRACE::2026-08-04.22:33:40::SCWMssOS::Checking the sw design at  D:/Work/projects/zybo_z7_projects/DD_RF/vitis/RFsender_platform/ps7_cortexa9_0/standalone_domain/bsp/system.mss
TRACE::2026-08-04.22:33:40::SCWMssOS::DEBUG:  swdes dump  D:/Work/projects/zybo_z7_projects/DD_RF/vitis/RFsender_platform/ps7_cortexa9_0/standalone_domain/bsp/system.mss|system_0||
D:/Work/projects/zybo_z7_projects/DD_RF/vitis/RFsender_platform/zynq_fsbl/zynq_fsbl_bsp/system.mss|system||

TRACE::2026-08-04.22:33:40::SCWMssOS::Sw design exists and opened at  D:/Work/projects/zybo_z7_projects/DD_RF/vitis/RFsender_platform/ps7_cortexa9_0/standalone_domain/bsp/system.mss
